{"type":"FeatureCollection","features":[{"type":"Feature","properties":{"name":"554961"},"geometry":{"type":"MultiPolygon","coordinates":[[[[12.83943,50.18376],[12.84231,50.18213],[12.84238,50.18063],[12.84187,50.1799],[12.84371,50.18028],[12.84469,50.17917],[12.84679,50.17789],[12.84791,50.17627],[12.84807,50.17531],[12.84766,50.17368],[12.84663,50.17243],[12.84549,50.17156],[12.8454,50.17224],[12.84456,50.17244],[12.84381,50.17184],[12.843,50.17251],[12.84258,50.17238],[12.8432,50.1718],[12.84292,50.17167],[12.8422,50.17224],[12.84074,50.17178],[12.83929,50.17478],[12.83795,50.17471],[12.83743,50.17415],[12.83586,50.1741],[12.8346,50.1744],[12.83291,50.17535],[12.83179,50.17543],[12.83066,50.17512],[12.83045,50.17471],[12.83114,50.17295],[12.83189,50.17241],[12.83132,50.17203],[12.83131,50.17141],[12.83024,50.17092],[12.82981,50.17031],[12.82813,50.1698],[12.82608,50.1687],[12.82388,50.16832],[12.8204,50.16708],[12.81968,50.16708],[12.81799,50.16775],[12.81664,50.16789],[12.81673,50.16932],[12.81736,50.17119],[12.81806,50.17232],[12.81707,50.17376],[12.81691,50.17488],[12.81873,50.17465],[12.82007,50.17496],[12.82068,50.17463],[12.82355,50.17538],[12.82553,50.17616],[12.82731,50.17624],[12.82921,50.17719],[12.82906,50.17745],[12.83386,50.17937],[12.8342,50.17986],[12.83557,50.18065],[12.83546,50.1813],[12.83576,50.18184],[12.83631,50.18226],[12.83791,50.18249],[12.83834,50.18294],[12.83931,50.18298],[12.83963,50.18317],[12.83943,50.18376]]],[[[12.83882,50.19955],[12.83954,50.19824],[12.84164,50.19669],[12.84206,50.19615],[12.84248,50.19505],[12.84253,50.1947],[12.84229,50.19458],[12.84284,50.19316],[12.8432,50.19279],[12.84363,50.19093],[12.84334,50.18963],[12.84217,50.1875],[12.84126,50.18648],[12.84116,50.18686],[12.84008,50.18747],[12.83955,50.18815],[12.83555,50.18812],[12.83391,50.18919],[12.83324,50.18937],[12.83237,50.19027],[12.83143,50.19069],[12.83047,50.19151],[12.82819,50.19199],[12.82524,50.19312],[12.82395,50.19466],[12.821,50.19571],[12.82127,50.19627],[12.82115,50.19675],[12.819,50.19918],[12.81713,50.20061],[12.8143,50.20146],[12.81286,50.20233],[12.81042,50.20413],[12.81008,50.20519],[12.80895,50.20494],[12.80701,50.20597],[12.80573,50.20622],[12.80352,50.20554],[12.80292,50.20581],[12.80217,50.20482],[12.8006,50.20443],[12.79953,50.20632],[12.79854,50.2068],[12.79923,50.20688],[12.80099,50.20766],[12.80138,50.20875],[12.80113,50.20943],[12.80172,50.21053],[12.80211,50.21073],[12.80241,50.21129],[12.80337,50.21176],[12.80413,50.21272],[12.80991,50.21533],[12.80978,50.21576],[12.80949,50.21588],[12.81143,50.21729],[12.81217,50.21733],[12.81159,50.21846],[12.81196,50.21872],[12.80984,50.21996],[12.8098,50.22081],[12.80905,50.2219],[12.81298,50.22203],[12.81798,50.22155],[12.81805,50.22235],[12.8185,50.22283],[12.81713,50.22382],[12.81752,50.22435],[12.81606,50.22547],[12.81418,50.22513],[12.81371,50.22634],[12.81392,50.22663],[12.81516,50.22706],[12.81758,50.22738],[12.81839,50.22786],[12.81989,50.2278],[12.82014,50.22975],[12.82129,50.22963],[12.82187,50.23021],[12.82012,50.23217],[12.82029,50.23246],[12.81952,50.23275],[12.81481,50.23292],[12.8055,50.23248],[12.80456,50.23266],[12.80401,50.23311],[12.80338,50.23269],[12.80182,50.23273],[12.80062,50.23316],[12.8006,50.23373],[12.79976,50.23508],[12.79938,50.23461],[12.79891,50.23454],[12.79872,50.23496],[12.79804,50.23526],[12.79795,50.2357],[12.79737,50.23547],[12.79677,50.23561],[12.79547,50.23498],[12.79526,50.23534],[12.79192,50.23623],[12.79221,50.23691],[12.79312,50.23737],[12.79355,50.23811],[12.79265,50.23827],[12.78736,50.23812],[12.78738,50.23829],[12.78628,50.23858],[12.78605,50.23924],[12.78493,50.23955],[12.78532,50.23968],[12.7857,50.24024],[12.78763,50.2408],[12.78788,50.24107],[12.78743,50.24216],[12.78587,50.24262],[12.78746,50.24366],[12.78909,50.24407],[12.79256,50.24443],[12.79456,50.24498],[12.79617,50.24552],[12.79784,50.24729],[12.80111,50.248],[12.80402,50.24894],[12.80681,50.24942],[12.80601,50.25],[12.80436,50.25256],[12.80246,50.25399],[12.80273,50.2549],[12.80301,50.25537],[12.80428,50.25625],[12.80601,50.25691],[12.80637,50.25681],[12.8063,50.25736],[12.80535,50.25799],[12.80587,50.25799],[12.80722,50.25881],[12.80763,50.25875],[12.80825,50.25935],[12.81172,50.25955],[12.81246,50.25979],[12.81178,50.26053],[12.81248,50.26229],[12.81185,50.26236],[12.81195,50.26268],[12.81137,50.26278],[12.81152,50.26342],[12.81418,50.26506],[12.81452,50.2659],[12.81507,50.26596],[12.81816,50.26504],[12.81841,50.26537],[12.8197,50.26524],[12.82027,50.26568],[12.82078,50.26572],[12.82204,50.26492],[12.82353,50.26491],[12.82363,50.26415],[12.82739,50.26358],[12.83027,50.26323],[12.83454,50.26365],[12.83505,50.26321],[12.83581,50.26304],[12.83691,50.26319],[12.83736,50.26361],[12.83837,50.26294],[12.83905,50.26397],[12.83997,50.26477],[12.84175,50.26439],[12.84367,50.26449],[12.84487,50.26473],[12.8461,50.26541],[12.84898,50.26628],[12.84962,50.26588],[12.8498,50.26531],[12.85055,50.26563],[12.85152,50.26652],[12.85273,50.26689],[12.8524,50.26652],[12.8534,50.26524],[12.85506,50.26419],[12.85259,50.26293],[12.85595,50.26115],[12.85608,50.26088],[12.85451,50.26074],[12.85457,50.25926],[12.85292,50.25867],[12.85255,50.25877],[12.85232,50.25842],[12.85386,50.25786],[12.8567,50.25764],[12.85622,50.2566],[12.85647,50.25561],[12.85618,50.25551],[12.85615,50.25525],[12.858,50.25441],[12.85957,50.25412],[12.86054,50.25227],[12.86386,50.24937],[12.86437,50.24939],[12.8654,50.24836],[12.86469,50.24797],[12.86554,50.24679],[12.86738,50.24751],[12.8684,50.24834],[12.87069,50.24767],[12.87385,50.24956],[12.87508,50.24983],[12.87885,50.24979],[12.8829,50.25045],[12.88695,50.25056],[12.88722,50.247],[12.88673,50.24621],[12.88547,50.245],[12.88714,50.24217],[12.88825,50.24139],[12.89294,50.24335],[12.89461,50.24321],[12.89811,50.24097],[12.89984,50.24059],[12.90071,50.24014],[12.90126,50.23939],[12.90054,50.23924],[12.90087,50.23783],[12.90191,50.2371],[12.90573,50.23555],[12.90665,50.23549],[12.9076,50.236],[12.90845,50.23709],[12.90989,50.23975],[12.91114,50.24042],[12.91316,50.24022],[12.91714,50.24095],[12.92026,50.24093],[12.92503,50.24149],[12.92706,50.24132],[12.92974,50.23991],[12.92866,50.23829],[12.92884,50.23803],[12.92869,50.23744],[12.92835,50.23718],[12.9283,50.23648],[12.93015,50.23372],[12.93127,50.23314],[12.93372,50.23268],[12.93272,50.2314],[12.93283,50.2302],[12.93238,50.22893],[12.93246,50.22811],[12.93201,50.2275],[12.93068,50.22649],[12.92962,50.22507],[12.92994,50.22293],[12.92983,50.22181],[12.93031,50.22151],[12.93391,50.22182],[12.93504,50.22129],[12.93548,50.22039],[12.93615,50.22001],[12.93796,50.22057],[12.93906,50.22051],[12.94105,50.21934],[12.94327,50.21741],[12.94356,50.21754],[12.94405,50.21723],[12.94266,50.21638],[12.94244,50.21589],[12.94261,50.2143],[12.94242,50.21364],[12.941,50.21249],[12.9393,50.21176],[12.93527,50.21113],[12.94058,50.20891],[12.9401,50.20763],[12.9382,50.20556],[12.93871,50.20475],[12.94144,50.20335],[12.9416,50.20303],[12.9403,50.20218],[12.93239,50.19909],[12.93164,50.19818],[12.92954,50.19797],[12.92605,50.19667],[12.92467,50.19706],[12.92186,50.19705],[12.92164,50.19958],[12.91478,50.20166],[12.913,50.20099],[12.91131,50.19928],[12.90837,50.19863],[12.90766,50.19821],[12.90537,50.19759],[12.90462,50.19706],[12.90139,50.19619],[12.90261,50.19483],[12.90298,50.19344],[12.9028,50.1929],[12.90106,50.19189],[12.89722,50.19124],[12.8973,50.19106],[12.8958,50.19071],[12.89496,50.19013],[12.89412,50.19049],[12.89345,50.19025],[12.89062,50.19035],[12.88817,50.18971],[12.88541,50.18948],[12.8834,50.18972],[12.88316,50.1909],[12.88068,50.19166],[12.87891,50.19377],[12.87768,50.19421],[12.87689,50.19516],[12.87592,50.1955],[12.87497,50.19681],[12.87748,50.19866],[12.87594,50.20002],[12.87545,50.20134],[12.87558,50.20218],[12.87635,50.20289],[12.87609,50.2031],[12.87663,50.20366],[12.87658,50.2041],[12.87423,50.20383],[12.87385,50.20493],[12.87085,50.20393],[12.87092,50.2045],[12.87064,50.20464],[12.87189,50.20589],[12.87133,50.20628],[12.87329,50.20775],[12.87187,50.20831],[12.87002,50.20735],[12.86845,50.20625],[12.86803,50.20569],[12.86855,50.20424],[12.86958,50.20316],[12.86935,50.20231],[12.86863,50.20138],[12.86867,50.20093],[12.87089,50.19903],[12.8706,50.19836],[12.86799,50.19651],[12.86612,50.19593],[12.86517,50.19579],[12.86255,50.19628],[12.86248,50.19613],[12.85954,50.19697],[12.85899,50.19736],[12.85946,50.19772],[12.85889,50.19785],[12.85899,50.19811],[12.8577,50.19961],[12.85682,50.20019],[12.85544,50.2006],[12.85268,50.20067],[12.84748,50.19975],[12.84552,50.19927],[12.84356,50.19824],[12.84258,50.19805],[12.84061,50.19833],[12.83947,50.19902],[12.83905,50.19972],[12.83882,50.19955]],[[12.84012,50.23277],[12.84038,50.23273],[12.84012,50.23277],[12.84012,50.23277]]]]}},{"type":"Feature","properties":{"name":"560464"},"geometry":{"type":"Polygon","coordinates":[[[12.70636,50.21189],[12.70152,50.22671],[12.70007,50.22619],[12.69741,50.22466],[12.69463,50.22393],[12.69337,50.22264],[12.69149,50.22243],[12.69125,50.22182],[12.69146,50.221],[12.69198,50.22049],[12.69094,50.21956],[12.69158,50.2192],[12.68966,50.2183],[12.68778,50.21784],[12.67922,50.22112],[12.67934,50.22144],[12.67837,50.22164],[12.67747,50.22144],[12.6727,50.22243],[12.66134,50.22071],[12.6602,50.22159],[12.65893,50.22182],[12.65907,50.22097],[12.66146,50.2185],[12.65975,50.21695],[12.65956,50.21655],[12.65981,50.21559],[12.66309,50.21247],[12.6627,50.21215],[12.66318,50.21117],[12.66384,50.21121],[12.66478,50.21172],[12.66522,50.21158],[12.66632,50.21005],[12.6666,50.20848],[12.66697,50.20817],[12.66787,50.2082],[12.66809,50.20801],[12.66748,50.20537],[12.66681,50.20508],[12.66565,50.20481],[12.66054,50.20453],[12.65998,50.2048],[12.65945,50.20476],[12.65696,50.2036],[12.65434,50.20292],[12.65381,50.20242],[12.65342,50.19798],[12.65305,50.198],[12.65296,50.19753],[12.65362,50.19706],[12.65368,50.19639],[12.65289,50.19507],[12.65541,50.19507],[12.65572,50.19423],[12.65553,50.19354],[12.65605,50.19266],[12.65649,50.19094],[12.65572,50.19002],[12.6545,50.19004],[12.65406,50.18976],[12.65416,50.18931],[12.65564,50.18955],[12.655,50.18876],[12.65561,50.18819],[12.65613,50.18868],[12.65797,50.18919],[12.65982,50.1893],[12.66218,50.189],[12.66547,50.18954],[12.66668,50.18924],[12.66768,50.18854],[12.66818,50.18733],[12.67158,50.1836],[12.67291,50.18313],[12.67422,50.18351],[12.67719,50.1851],[12.67774,50.18576],[12.67777,50.18679],[12.67819,50.18803],[12.6791,50.18888],[12.68065,50.18956],[12.68971,50.18909],[12.69147,50.18858],[12.69213,50.18789],[12.6937,50.18722],[12.69698,50.18833],[12.69978,50.1883],[12.70039,50.19005],[12.69993,50.19254],[12.70058,50.19383],[12.6998,50.19437],[12.70348,50.19785],[12.70309,50.19847],[12.70336,50.19924],[12.70616,50.202],[12.70743,50.2028],[12.70532,50.20368],[12.70316,50.20377],[12.70324,50.20349],[12.70279,50.20348],[12.70274,50.20534],[12.70483,50.20582],[12.70536,50.20625],[12.70833,50.2058],[12.71069,50.20591],[12.71144,50.20784],[12.71118,50.20939],[12.71055,50.21015],[12.70922,50.21092],[12.70636,50.21189]]]}},{"type":"Feature","properties":{"name":"555452"},"geometry":{"type":"Polygon","coordinates":[[[12.81185,50.37151],[12.81058,50.36874],[12.81019,50.36919],[12.80977,50.36858],[12.80983,50.36776],[12.80804,50.36724],[12.80797,50.36655],[12.81065,50.36719],[12.81073,50.36589],[12.81292,50.36158],[12.82006,50.36262],[12.8214,50.36227],[12.82302,50.36273],[12.82344,50.36246],[12.8232,50.36231],[12.82387,50.36116],[12.82341,50.36077],[12.82348,50.36046],[12.82304,50.36036],[12.82266,50.35992],[12.82263,50.3596],[12.82299,50.3591],[12.82297,50.35845],[12.82487,50.35755],[12.8265,50.35574],[12.82718,50.35542],[12.82702,50.35462],[12.82517,50.35355],[12.82389,50.35208],[12.82423,50.35061],[12.82344,50.3496],[12.82242,50.34933],[12.82228,50.3486],[12.82194,50.34875],[12.82148,50.34776],[12.82115,50.34803],[12.82053,50.34807],[12.82065,50.34838],[12.82016,50.34958],[12.81771,50.35159],[12.81326,50.35165],[12.8127,50.35209],[12.81173,50.35238],[12.80976,50.35386],[12.80927,50.35571],[12.80642,50.3558],[12.8062,50.35609],[12.8056,50.35542],[12.80429,50.35462],[12.80374,50.3539],[12.80329,50.3532],[12.80337,50.35258],[12.80304,50.3519],[12.80142,50.35284],[12.79987,50.353],[12.79808,50.3528],[12.7978,50.3517],[12.79801,50.35091],[12.79785,50.35033],[12.79697,50.34986],[12.79589,50.34967],[12.7939,50.34771],[12.79293,50.34755],[12.79225,50.34713],[12.79184,50.34662],[12.79179,50.34612],[12.7904,50.34571],[12.78731,50.34698],[12.78555,50.3469],[12.78437,50.34731],[12.78336,50.34843],[12.7829,50.35039],[12.78366,50.35184],[12.78223,50.35356],[12.78059,50.35478],[12.7763,50.35612],[12.76888,50.3569],[12.76658,50.35762],[12.76589,50.3581],[12.76562,50.35868],[12.76401,50.36042],[12.76086,50.36308],[12.76098,50.36454],[12.76139,50.36511],[12.76135,50.36568],[12.76052,50.36659],[12.75969,50.36834],[12.76005,50.36905],[12.76127,50.37028],[12.76193,50.37167],[12.77173,50.3758],[12.77313,50.3767],[12.77336,50.37892],[12.77422,50.38003],[12.77666,50.38144],[12.78355,50.38389],[12.7853,50.38595],[12.79036,50.38932],[12.78796,50.39517],[12.78958,50.39572],[12.79636,50.39684],[12.80101,50.39805],[12.80374,50.39898],[12.80593,50.40041],[12.80662,50.40056],[12.80935,50.40089],[12.81416,50.4002],[12.81697,50.4007],[12.8186,50.40157],[12.82133,50.40127],[12.82355,50.3995],[12.82069,50.39687],[12.81831,50.39361],[12.81615,50.39301],[12.8154,50.39243],[12.81518,50.39172],[12.81541,50.39089],[12.81551,50.38649],[12.8136,50.38496],[12.81378,50.38417],[12.8125,50.38309],[12.81207,50.38137],[12.81091,50.37857],[12.81126,50.37617],[12.81287,50.37262],[12.8129,50.372],[12.81185,50.37151]]]}},{"type":"Feature","properties":{"name":"538396"},"geometry":{"type":"Polygon","coordinates":[[[12.59629,50.14347],[12.59446,50.14293],[12.59014,50.14275],[12.58572,50.14186],[12.58174,50.13967],[12.58082,50.13839],[12.58088,50.13784],[12.58061,50.13733],[12.58001,50.1367],[12.58007,50.13639],[12.57971,50.13585],[12.57997,50.13545],[12.57428,50.13338],[12.57208,50.13288],[12.57148,50.13237],[12.57001,50.13183],[12.56837,50.13178],[12.5668,50.13229],[12.56526,50.13456],[12.56352,50.13422],[12.56329,50.13458],[12.56032,50.1333],[12.55799,50.13268],[12.55792,50.1323],[12.55684,50.13224],[12.55591,50.13152],[12.55629,50.13027],[12.55615,50.12961],[12.55698,50.1287],[12.5571,50.12672],[12.55678,50.12634],[12.5548,50.12624],[12.55332,50.12554],[12.55307,50.12462],[12.55326,50.12396],[12.55615,50.12375],[12.55872,50.12232],[12.55986,50.12314],[12.56058,50.12334],[12.56184,50.12317],[12.5625,50.12269],[12.56383,50.12233],[12.56537,50.12337],[12.56708,50.12247],[12.56852,50.12289],[12.56856,50.12262],[12.56941,50.12253],[12.57004,50.12217],[12.57135,50.12258],[12.57146,50.12245],[12.57104,50.12221],[12.57143,50.12209],[12.57178,50.12223],[12.57252,50.12203],[12.57262,50.12238],[12.57387,50.12234],[12.57456,50.12184],[12.57528,50.12191],[12.57512,50.12177],[12.57553,50.1213],[12.57678,50.1207],[12.57699,50.12028],[12.5768,50.11991],[12.57736,50.11962],[12.57717,50.11932],[12.57766,50.11925],[12.57762,50.11898],[12.57787,50.1189],[12.5898,50.12486],[12.59985,50.13407],[12.61077,50.14068],[12.60885,50.14243],[12.6086,50.14227],[12.60802,50.14068],[12.60636,50.14019],[12.60584,50.1406],[12.60531,50.14054],[12.60487,50.1409],[12.60501,50.14113],[12.60415,50.14141],[12.60444,50.1417],[12.60518,50.14152],[12.60512,50.1419],[12.60534,50.14204],[12.60518,50.14232],[12.60319,50.14274],[12.6027,50.14253],[12.60094,50.14283],[12.59981,50.14245],[12.59913,50.14171],[12.59943,50.14159],[12.59883,50.14131],[12.5981,50.14176],[12.59985,50.14287],[12.59951,50.14346],[12.59629,50.14347]]]}},{"type":"Feature","properties":{"name":"538795"},"geometry":{"type":"Polygon","coordinates":[[[12.1823,50.24682],[12.18225,50.24761],[12.18756,50.24553],[12.18853,50.24549],[12.19009,50.24489],[12.19191,50.24465],[12.19349,50.24348],[12.19501,50.24278],[12.19429,50.24248],[12.19501,50.2421],[12.19316,50.2414],[12.19363,50.24085],[12.19468,50.2403],[12.191,50.23913],[12.18977,50.23817],[12.18757,50.2382],[12.18709,50.23852],[12.18622,50.23852],[12.18555,50.23705],[12.18518,50.23701],[12.18488,50.23652],[12.18245,50.23625],[12.18245,50.23603],[12.18362,50.23597],[12.18564,50.2361],[12.18589,50.23517],[12.18561,50.23488],[12.18495,50.23478],[12.1848,50.23434],[12.18536,50.23418],[12.1851,50.23387],[12.18415,50.23415],[12.18382,50.23383],[12.18408,50.23364],[12.18381,50.23338],[12.17969,50.23198],[12.17914,50.23242],[12.1789,50.23235],[12.17577,50.23087],[12.17413,50.23037],[12.17097,50.22874],[12.16881,50.22725],[12.16568,50.22595],[12.16378,50.22644],[12.16353,50.2262],[12.15986,50.22631],[12.15953,50.22667],[12.15855,50.22659],[12.15638,50.22793],[12.15557,50.22788],[12.15469,50.22878],[12.14979,50.22974],[12.14716,50.22935],[12.14564,50.23006],[12.14546,50.23052],[12.14759,50.23166],[12.1485,50.2325],[12.15029,50.23309],[12.15189,50.23443],[12.15116,50.23584],[12.14959,50.23635],[12.14904,50.23605],[12.14702,50.23585],[12.14599,50.23515],[12.14509,50.23502],[12.14465,50.23462],[12.14187,50.23372],[12.14143,50.23335],[12.14121,50.23269],[12.1417,50.23198],[12.14222,50.23169],[12.14243,50.23101],[12.14055,50.23056],[12.13915,50.23082],[12.13633,50.23194],[12.12727,50.23249],[12.12219,50.23436],[12.12164,50.23517],[12.11772,50.23609],[12.11191,50.23798],[12.10902,50.23811],[12.10861,50.23978],[12.10854,50.24326],[12.10793,50.24405],[12.10668,50.24672],[12.1044,50.24726],[12.1023,50.247],[12.10132,50.24622],[12.09767,50.24652],[12.09638,50.24786],[12.09268,50.24955],[12.09198,50.25094],[12.09066,50.25253],[12.0952,50.25308],[12.0963,50.25349],[12.09806,50.25368],[12.09943,50.25447],[12.10241,50.25565],[12.10264,50.25653],[12.1018,50.2591],[12.10081,50.26019],[12.0977,50.26243],[12.09918,50.26249],[12.10203,50.26335],[12.10544,50.26398],[12.10604,50.26383],[12.10791,50.26493],[12.11002,50.2667],[12.11239,50.26781],[12.11628,50.26827],[12.11892,50.26666],[12.12006,50.26705],[12.11994,50.26738],[12.12052,50.26772],[12.12056,50.26867],[12.12128,50.26899],[12.12561,50.26953],[12.12799,50.27029],[12.12861,50.27016],[12.12963,50.26947],[12.13075,50.26835],[12.13125,50.26706],[12.13277,50.26627],[12.13139,50.2659],[12.13196,50.26536],[12.13316,50.26538],[12.13324,50.26477],[12.13351,50.26452],[12.1355,50.265],[12.13612,50.2648],[12.1369,50.26521],[12.1402,50.26471],[12.14085,50.26478],[12.1413,50.26528],[12.14316,50.26449],[12.14436,50.26473],[12.14573,50.2646],[12.14629,50.2639],[12.1463,50.26354],[12.14593,50.26356],[12.14581,50.26304],[12.14594,50.26156],[12.14551,50.26117],[12.14518,50.25979],[12.14535,50.25926],[12.14444,50.2582],[12.14586,50.25756],[12.14759,50.25729],[12.1487,50.25625],[12.15044,50.25629],[12.15134,50.25557],[12.15327,50.2551],[12.15448,50.25508],[12.15584,50.25592],[12.15739,50.25605],[12.15799,50.25645],[12.16024,50.25651],[12.16156,50.25683],[12.16071,50.25791],[12.16066,50.2586],[12.15938,50.25988],[12.15896,50.26061],[12.15964,50.26169],[12.1605,50.2617],[12.16261,50.26118],[12.16233,50.26241],[12.16211,50.26314],[12.16074,50.26514],[12.16062,50.26596],[12.15936,50.26687],[12.15918,50.26738],[12.15859,50.26797],[12.15959,50.268],[12.16047,50.26851],[12.16005,50.2693],[12.16109,50.26993],[12.16263,50.26981],[12.1635,50.26902],[12.16452,50.26873],[12.16506,50.26885],[12.16644,50.26934],[12.16607,50.26995],[12.16733,50.27014],[12.16787,50.27095],[12.17414,50.26638],[12.17498,50.26624],[12.17556,50.26586],[12.17543,50.26618],[12.17672,50.26656],[12.17634,50.26685],[12.17671,50.26715],[12.17889,50.26807],[12.18009,50.26885],[12.18042,50.26863],[12.1807,50.26879],[12.18178,50.27007],[12.18458,50.2694],[12.18472,50.26852],[12.18532,50.26839],[12.18551,50.26872],[12.18786,50.26758],[12.18882,50.26617],[12.18931,50.26631],[12.18618,50.26297],[12.17976,50.25873],[12.17815,50.2562],[12.17832,50.25234],[12.18148,50.24986],[12.1823,50.24682]]]}},{"type":"Feature","properties":{"name":"551651"},"geometry":{"type":"Polygon","coordinates":[[[12.77478,50.22635],[12.76969,50.22832],[12.76983,50.22813],[12.76964,50.22812],[12.77151,50.22045],[12.77101,50.21845],[12.77202,50.21737],[12.77179,50.21446],[12.7712,50.21374],[12.77099,50.21278],[12.76929,50.21059],[12.76916,50.20879],[12.76938,50.20873],[12.7688,50.2081],[12.7697,50.20775],[12.76697,50.20611],[12.76455,50.20635],[12.76389,50.20618],[12.76362,50.20559],[12.76396,50.20334],[12.76235,50.20185],[12.76434,50.2007],[12.76954,50.20241],[12.77102,50.2026],[12.77157,50.2021],[12.77189,50.20122],[12.77267,50.20085],[12.77246,50.19956],[12.77388,50.19804],[12.77883,50.19823],[12.77904,50.19761],[12.78042,50.19821],[12.78026,50.19721],[12.7806,50.19685],[12.78239,50.19667],[12.78344,50.1961],[12.78367,50.19545],[12.78435,50.19581],[12.78434,50.19439],[12.7866,50.1941],[12.78666,50.19384],[12.78777,50.19385],[12.78858,50.19351],[12.78987,50.19194],[12.79004,50.19142],[12.78953,50.18972],[12.7879,50.18713],[12.78815,50.18652],[12.78907,50.18616],[12.79365,50.18732],[12.79483,50.18795],[12.79508,50.18855],[12.79416,50.19172],[12.79437,50.19302],[12.79537,50.19445],[12.79687,50.19537],[12.79796,50.19575],[12.79899,50.19585],[12.80353,50.19546],[12.8065,50.1949],[12.80864,50.19489],[12.81041,50.19401],[12.81294,50.19361],[12.81579,50.19277],[12.81877,50.19349],[12.82076,50.19512],[12.82127,50.19627],[12.82115,50.19675],[12.819,50.19918],[12.81713,50.20061],[12.8143,50.20146],[12.81286,50.20233],[12.81042,50.20413],[12.81008,50.20519],[12.80895,50.20494],[12.80701,50.20597],[12.80573,50.20622],[12.80352,50.20554],[12.80292,50.20581],[12.80217,50.20482],[12.8006,50.20443],[12.79953,50.20632],[12.79854,50.2068],[12.79923,50.20688],[12.80099,50.20766],[12.80138,50.20875],[12.80113,50.20943],[12.8015,50.21018],[12.79804,50.20862],[12.79771,50.20878],[12.79736,50.2094],[12.79646,50.21002],[12.79629,50.21084],[12.79491,50.21174],[12.79427,50.21291],[12.79481,50.213],[12.79262,50.21444],[12.79253,50.2163],[12.793,50.21697],[12.79342,50.21715],[12.7956,50.21765],[12.79773,50.21873],[12.79947,50.21888],[12.80033,50.21947],[12.79954,50.21908],[12.79791,50.21893],[12.79504,50.21915],[12.79412,50.22048],[12.79303,50.2197],[12.78998,50.22103],[12.7903,50.22213],[12.78741,50.22248],[12.7855,50.22172],[12.78327,50.22186],[12.78261,50.22208],[12.78318,50.22326],[12.7819,50.22375],[12.78034,50.22497],[12.77866,50.22582],[12.77703,50.22636],[12.77478,50.22635]]]}},{"type":"Feature","properties":{"name":"560308"},"geometry":{"type":"Polygon","coordinates":[[[12.51442,50.39724],[12.51212,50.39738],[12.51267,50.39662],[12.51212,50.39496],[12.51098,50.39379],[12.511,50.39323],[12.51055,50.39266],[12.50956,50.39204],[12.50957,50.3916],[12.50884,50.39089],[12.5075,50.3905],[12.50594,50.38909],[12.50317,50.38714],[12.50235,50.38637],[12.50203,50.38557],[12.50073,50.38382],[12.49893,50.38265],[12.49789,50.38149],[12.49697,50.37992],[12.49604,50.3791],[12.49278,50.37751],[12.49027,50.37588],[12.48899,50.37467],[12.48831,50.37254],[12.48647,50.37091],[12.48632,50.37041],[12.48653,50.36988],[12.48746,50.36906],[12.48837,50.36748],[12.48835,50.36621],[12.48737,50.36429],[12.48763,50.36236],[12.48989,50.36065],[12.49021,50.35997],[12.49006,50.35926],[12.49021,50.35851],[12.49137,50.35767],[12.49131,50.35711],[12.49272,50.35634],[12.49265,50.35603],[12.49364,50.35607],[12.49338,50.35716],[12.49291,50.35762],[12.49525,50.35841],[12.49735,50.3586],[12.49673,50.35715],[12.49857,50.35646],[12.49912,50.35725],[12.49991,50.35703],[12.50079,50.35637],[12.50233,50.35645],[12.50401,50.35607],[12.50454,50.35687],[12.50627,50.35676],[12.50545,50.35509],[12.50575,50.355],[12.50649,50.35574],[12.50685,50.35743],[12.50754,50.35812],[12.50717,50.35906],[12.51042,50.35891],[12.51072,50.36058],[12.51413,50.36016],[12.5143,50.36113],[12.51362,50.3628],[12.5138,50.36368],[12.51366,50.36414],[12.51239,50.36498],[12.51071,50.36553],[12.51101,50.36586],[12.51421,50.3669],[12.51373,50.3685],[12.51606,50.36972],[12.51571,50.37145],[12.51662,50.37238],[12.51613,50.37334],[12.51579,50.3751],[12.5148,50.37637],[12.51554,50.37924],[12.51499,50.37882],[12.51521,50.37969],[12.51605,50.38089],[12.51648,50.382],[12.51702,50.38255],[12.51814,50.38311],[12.51908,50.38446],[12.51914,50.38547],[12.52032,50.38615],[12.52036,50.38637],[12.51975,50.38703],[12.51967,50.38782],[12.51886,50.38863],[12.51926,50.38953],[12.51998,50.38986],[12.51979,50.39061],[12.51966,50.39077],[12.51893,50.3904],[12.51797,50.39156],[12.51757,50.39468],[12.51706,50.39563],[12.5161,50.39581],[12.51613,50.3964],[12.51521,50.39627],[12.51442,50.39724]]]}},{"type":"Feature","properties":{"name":"555185"},"geometry":{"type":"Polygon","coordinates":[[[12.89223,50.29095],[12.89206,50.29055],[12.88991,50.28873],[12.88976,50.28749],[12.89088,50.28611],[12.89053,50.28395],[12.88831,50.28327],[12.88126,50.2842],[12.87741,50.28378],[12.87648,50.2833],[12.87297,50.28231],[12.87038,50.28207],[12.8659,50.2821],[12.86143,50.28281],[12.85374,50.28245],[12.85,50.28197],[12.84438,50.28247],[12.84315,50.28321],[12.84222,50.28347],[12.84063,50.28473],[12.83888,50.28741],[12.83677,50.28919],[12.83597,50.29028],[12.83582,50.29092],[12.83626,50.29163],[12.83576,50.29257],[12.83639,50.29369],[12.83851,50.29479],[12.83876,50.29544],[12.8383,50.29602],[12.83826,50.29676],[12.8355,50.29817],[12.83123,50.29873],[12.83085,50.29897],[12.83079,50.2984],[12.82759,50.29816],[12.82745,50.2989],[12.82648,50.29899],[12.82617,50.29956],[12.82657,50.29981],[12.82631,50.30018],[12.82582,50.30017],[12.8259,50.30107],[12.82568,50.30104],[12.82544,50.30158],[12.82362,50.30135],[12.82324,50.30088],[12.82217,50.30069],[12.82239,50.30109],[12.82201,50.30133],[12.82288,50.3019],[12.82225,50.30228],[12.82327,50.30277],[12.82506,50.30288],[12.82599,50.30319],[12.82728,50.30466],[12.82574,50.30522],[12.82377,50.30672],[12.82276,50.30899],[12.82074,50.31077],[12.81755,50.31223],[12.81663,50.31274],[12.81643,50.3131],[12.81816,50.31432],[12.81849,50.31521],[12.81938,50.31549],[12.82081,50.31687],[12.82227,50.3171],[12.82336,50.31786],[12.82395,50.31878],[12.82342,50.31998],[12.82409,50.32138],[12.82927,50.32272],[12.8343,50.3211],[12.83571,50.32104],[12.83883,50.32041],[12.84194,50.32062],[12.84501,50.32124],[12.84556,50.32092],[12.84769,50.32298],[12.85239,50.32634],[12.85404,50.3267],[12.85752,50.32632],[12.86038,50.3249],[12.86033,50.32474],[12.86109,50.32445],[12.86167,50.32389],[12.86425,50.32323],[12.86573,50.32234],[12.86756,50.32198],[12.86721,50.32121],[12.86586,50.32003],[12.86523,50.31831],[12.86551,50.31788],[12.86902,50.31806],[12.87038,50.31847],[12.87298,50.32009],[12.87532,50.32085],[12.87685,50.32105],[12.87812,50.32171],[12.87842,50.3221],[12.87859,50.32314],[12.87836,50.32438],[12.87661,50.32527],[12.87462,50.32587],[12.8825,50.32462],[12.88376,50.32454],[12.88584,50.32485],[12.88738,50.32568],[12.88789,50.32645],[12.88853,50.32604],[12.88906,50.32645],[12.89044,50.32681],[12.89231,50.32771],[12.89298,50.32789],[12.89334,50.32772],[12.89503,50.32968],[12.89554,50.3309],[12.89617,50.32999],[12.89669,50.32971],[12.89712,50.32807],[12.89789,50.3277],[12.8986,50.32695],[12.89864,50.3256],[12.89977,50.32564],[12.90002,50.32442],[12.90124,50.32374],[12.90296,50.32326],[12.90435,50.32299],[12.9063,50.32301],[12.90734,50.32163],[12.90663,50.32146],[12.90685,50.32052],[12.90642,50.31968],[12.90692,50.31964],[12.90687,50.31921],[12.90474,50.31698],[12.90545,50.31606],[12.90808,50.31498],[12.9104,50.31366],[12.90871,50.31309],[12.90689,50.31344],[12.90538,50.31229],[12.90061,50.31159],[12.90091,50.31084],[12.90296,50.30952],[12.90765,50.30734],[12.90791,50.3021],[12.90818,50.30166],[12.90913,50.30176],[12.91022,50.30059],[12.9106,50.30069],[12.91139,50.29927],[12.91208,50.29894],[12.91088,50.29909],[12.9104,50.29882],[12.91072,50.29778],[12.91026,50.29747],[12.91025,50.29714],[12.91072,50.29667],[12.91032,50.29648],[12.90858,50.29681],[12.90794,50.29653],[12.9074,50.2968],[12.90568,50.29668],[12.9046,50.29578],[12.90356,50.29537],[12.90239,50.29531],[12.89865,50.29433],[12.89694,50.29316],[12.89348,50.29193],[12.89223,50.29095]]]}},{"type":"Feature","properties":{"name":"539376"},"geometry":{"type":"Polygon","coordinates":[[[12.7513,49.95007],[12.75158,49.94977],[12.75248,49.9499],[12.75275,49.94935],[12.75399,49.94897],[12.75468,49.94823],[12.75462,49.94793],[12.75425,49.948],[12.75438,49.94746],[12.75509,49.94715],[12.75442,49.94655],[12.75462,49.94626],[12.75398,49.94595],[12.75424,49.94504],[12.75398,49.94483],[12.75473,49.94438],[12.75458,49.94407],[12.75499,49.94373],[12.75531,49.94388],[12.75609,49.942],[12.75631,49.94175],[12.75679,49.94173],[12.75664,49.94155],[12.75707,49.94142],[12.75682,49.94123],[12.75721,49.94111],[12.7572,49.94076],[12.75778,49.94075],[12.75876,49.93997],[12.7595,49.93977],[12.75888,49.93937],[12.75939,49.93898],[12.76002,49.93907],[12.76055,49.93945],[12.76128,49.93929],[12.76148,49.93871],[12.76125,49.93843],[12.76187,49.93833],[12.76251,49.93787],[12.76299,49.93797],[12.76372,49.9377],[12.76435,49.93683],[12.76491,49.93653],[12.76472,49.93599],[12.76524,49.93547],[12.76512,49.93493],[12.76494,49.93508],[12.76449,49.93475],[12.76257,49.93438],[12.76095,49.93371],[12.76174,49.93236],[12.75668,49.9308],[12.75564,49.93062],[12.75513,49.93117],[12.75268,49.93054],[12.75119,49.93048],[12.75099,49.92996],[12.74913,49.93068],[12.74796,49.93186],[12.74666,49.93225],[12.74476,49.93242],[12.74466,49.93305],[12.74448,49.93299],[12.74361,49.93405],[12.74296,49.93368],[12.7438,49.93266],[12.74324,49.93262],[12.74249,49.93313],[12.74093,49.93518],[12.73979,49.93559],[12.73877,49.93521],[12.73855,49.93488],[12.73743,49.93581],[12.73716,49.93611],[12.73732,49.93644],[12.73815,49.93699],[12.73704,49.93844],[12.73744,49.93892],[12.73862,49.93959],[12.73905,49.94018],[12.73654,49.94101],[12.73738,49.94153],[12.73549,49.94232],[12.73357,49.94277],[12.7342,49.94343],[12.73258,49.94387],[12.7322,49.94433],[12.73122,49.94474],[12.73119,49.94569],[12.73217,49.94618],[12.73093,49.94635],[12.72945,49.94584],[12.72836,49.9467],[12.72804,49.94739],[12.72713,49.94817],[12.7271,49.94842],[12.72823,49.94897],[12.72794,49.94911],[12.7283,49.9498],[12.72891,49.94939],[12.7295,49.9482],[12.7298,49.94821],[12.73036,49.94849],[12.73031,49.94886],[12.73099,49.9492],[12.73115,49.94992],[12.73162,49.95044],[12.73114,49.9507],[12.7314,49.95087],[12.73267,49.9505],[12.73399,49.95045],[12.73474,49.95094],[12.73412,49.95124],[12.73403,49.95214],[12.73356,49.95311],[12.73215,49.95469],[12.73117,49.95647],[12.73138,49.95776],[12.73075,49.96003],[12.73099,49.9607],[12.73184,49.96125],[12.73205,49.96169],[12.73173,49.96287],[12.73188,49.9629],[12.7304,49.96615],[12.72999,49.96661],[12.73691,49.96323],[12.73756,49.96182],[12.73953,49.96218],[12.74216,49.96176],[12.74182,49.96134],[12.74179,49.96079],[12.74301,49.961],[12.74297,49.96025],[12.74274,49.9602],[12.74308,49.96014],[12.74409,49.95858],[12.74636,49.95782],[12.74613,49.95753],[12.7476,49.95587],[12.74877,49.95366],[12.75081,49.9522],[12.75022,49.9518],[12.75178,49.95076],[12.75136,49.95045],[12.7513,49.95007]]]}},{"type":"Feature","properties":{"name":"560359"},"geometry":{"type":"Polygon","coordinates":[[[12.53493,50.15456],[12.52983,50.15359],[12.53064,50.15316],[12.5302,50.15261],[12.53039,50.15151],[12.52849,50.15094],[12.52,50.15005],[12.51584,50.15017],[12.51354,50.14978],[12.51111,50.1524],[12.51232,50.1536],[12.51126,50.15521],[12.51162,50.15627],[12.51168,50.15743],[12.51311,50.16047],[12.51129,50.15997],[12.5103,50.16308],[12.50991,50.16545],[12.51089,50.16703],[12.5108,50.16747],[12.51067,50.16781],[12.50805,50.17011],[12.50738,50.17165],[12.50744,50.17253],[12.50824,50.17373],[12.5083,50.17457],[12.50885,50.17548],[12.50761,50.17876],[12.5062,50.17902],[12.50408,50.18096],[12.50308,50.18138],[12.49967,50.18121],[12.49751,50.18056],[12.49774,50.18005],[12.49313,50.17958],[12.49304,50.18013],[12.49328,50.18056],[12.48834,50.18162],[12.4879,50.18207],[12.48783,50.18148],[12.48733,50.18072],[12.48756,50.18001],[12.48728,50.17989],[12.4871,50.18006],[12.48723,50.18149],[12.48769,50.18164],[12.48711,50.18284],[12.4878,50.18306],[12.48777,50.18353],[12.48941,50.18467],[12.48956,50.1851],[12.48936,50.18528],[12.49138,50.18568],[12.4927,50.18666],[12.49328,50.1873],[12.49329,50.18785],[12.493,50.18807],[12.4935,50.18841],[12.49526,50.18894],[12.49534,50.18849],[12.49559,50.18837],[12.49723,50.18857],[12.498,50.18893],[12.49824,50.18955],[12.4988,50.19004],[12.49985,50.19054],[12.49979,50.19083],[12.50184,50.19163],[12.50324,50.19078],[12.50925,50.18829],[12.51031,50.18824],[12.51193,50.18741],[12.51478,50.18766],[12.51836,50.18733],[12.51996,50.18803],[12.5199,50.18755],[12.52098,50.18722],[12.52545,50.18721],[12.52541,50.18661],[12.52487,50.18618],[12.5303,50.18438],[12.53384,50.18236],[12.53496,50.18256],[12.53632,50.18215],[12.5362,50.18262],[12.53648,50.18291],[12.53726,50.18347],[12.53784,50.18357],[12.53782,50.18389],[12.53817,50.184],[12.54021,50.18358],[12.54043,50.18255],[12.54447,50.18312],[12.54374,50.18476],[12.54666,50.18595],[12.54654,50.18642],[12.5474,50.18662],[12.54776,50.18618],[12.54941,50.18663],[12.5502,50.18721],[12.55053,50.18702],[12.55096,50.18721],[12.55417,50.18969],[12.55801,50.19122],[12.55925,50.19261],[12.55879,50.19332],[12.5587,50.1945],[12.5551,50.19887],[12.55551,50.20121],[12.55763,50.20151],[12.55802,50.20144],[12.55837,50.20079],[12.55943,50.20045],[12.56216,50.2007],[12.56339,50.20033],[12.56713,50.20002],[12.5694,50.1992],[12.57081,50.19971],[12.57276,50.19879],[12.57362,50.19784],[12.57445,50.19771],[12.57535,50.19796],[12.57556,50.19697],[12.58046,50.19399],[12.581,50.19275],[12.58212,50.1926],[12.58202,50.19175],[12.58138,50.19153],[12.59183,50.18361],[12.59199,50.1825],[12.5915,50.18152],[12.59171,50.18125],[12.59266,50.18131],[12.59512,50.18059],[12.59637,50.17906],[12.59676,50.178],[12.59909,50.17569],[12.59954,50.17462],[12.5998,50.17348],[12.59975,50.17238],[12.60047,50.17124],[12.58009,50.16691],[12.57714,50.16768],[12.57564,50.16771],[12.57567,50.16826],[12.57161,50.16907],[12.56913,50.16838],[12.56863,50.16786],[12.56757,50.16813],[12.56684,50.16604],[12.56549,50.16555],[12.56501,50.16556],[12.56393,50.16611],[12.56284,50.16622],[12.56163,50.16684],[12.56077,50.16633],[12.55946,50.16686],[12.55788,50.16688],[12.55749,50.16553],[12.55744,50.16196],[12.55707,50.16162],[12.55257,50.16011],[12.54929,50.15975],[12.54031,50.15723],[12.53599,50.15555],[12.53493,50.15456]]]}},{"type":"Feature","properties":{"name":"560472"},"geometry":{"type":"Polygon","coordinates":[[[12.51658,50.28059],[12.51363,50.28029],[12.5135,50.27967],[12.51252,50.27914],[12.51158,50.27755],[12.51163,50.27663],[12.5114,50.27622],[12.5116,50.27501],[12.51109,50.27451],[12.51019,50.27431],[12.50995,50.27398],[12.51036,50.27275],[12.50811,50.27169],[12.50691,50.27009],[12.50685,50.26981],[12.50714,50.26947],[12.50699,50.26888],[12.50745,50.26801],[12.50572,50.26475],[12.50484,50.26398],[12.50316,50.2639],[12.50182,50.26308],[12.49999,50.26288],[12.49489,50.26087],[12.49239,50.26033],[12.49184,50.26004],[12.49168,50.25924],[12.49121,50.25946],[12.49044,50.25938],[12.48832,50.25876],[12.48667,50.25924],[12.48525,50.2591],[12.48078,50.25948],[12.47843,50.25861],[12.47614,50.25822],[12.4731,50.25858],[12.47141,50.25905],[12.47033,50.25776],[12.46958,50.25772],[12.46918,50.25743],[12.46806,50.25751],[12.46772,50.25686],[12.46738,50.25693],[12.46715,50.25668],[12.46711,50.2567],[12.46797,50.25752],[12.47037,50.25795],[12.47065,50.25827],[12.47062,50.25915],[12.47004,50.25962],[12.46705,50.26051],[12.46512,50.26065],[12.46395,50.26045],[12.46257,50.26079],[12.46146,50.26145],[12.45942,50.26343],[12.4583,50.26386],[12.4573,50.26336],[12.45449,50.26266],[12.4521,50.26255],[12.45067,50.26199],[12.4503,50.2621],[12.44971,50.26264],[12.44956,50.26331],[12.44734,50.26336],[12.44632,50.26467],[12.44498,50.26586],[12.44302,50.26693],[12.43987,50.2678],[12.43854,50.26847],[12.43579,50.27081],[12.43489,50.272],[12.43251,50.27143],[12.43169,50.27162],[12.43035,50.27141],[12.42995,50.27205],[12.42924,50.27252],[12.42685,50.27199],[12.42425,50.27213],[12.42275,50.27113],[12.42223,50.27123],[12.423,50.27161],[12.42398,50.27283],[12.42474,50.27332],[12.4248,50.27391],[12.42678,50.27485],[12.42695,50.27503],[12.42669,50.27527],[12.42838,50.27673],[12.42734,50.27729],[12.42587,50.27662],[12.42226,50.27434],[12.42143,50.27284],[12.42089,50.27254],[12.42052,50.27239],[12.41991,50.27269],[12.41897,50.27165],[12.41804,50.27217],[12.41767,50.27192],[12.4177,50.27163],[12.41806,50.27141],[12.41745,50.27134],[12.41778,50.27083],[12.4196,50.26956],[12.41725,50.26851],[12.41791,50.26767],[12.41806,50.26685],[12.41593,50.26658],[12.4155,50.26708],[12.41542,50.26786],[12.41575,50.26993],[12.41422,50.26952],[12.41384,50.26972],[12.41393,50.27242],[12.41503,50.27399],[12.41109,50.27513],[12.40698,50.27707],[12.40389,50.27797],[12.39993,50.27981],[12.39513,50.28137],[12.39211,50.28293],[12.39142,50.28484],[12.38946,50.28635],[12.38587,50.28802],[12.38389,50.28822],[12.38244,50.28911],[12.38626,50.2892],[12.38874,50.28962],[12.39423,50.28971],[12.39567,50.29175],[12.39767,50.29233],[12.39897,50.293],[12.40062,50.295],[12.40093,50.29626],[12.40059,50.29807],[12.40086,50.2991],[12.40313,50.30088],[12.40154,50.30359],[12.40139,50.30454],[12.40083,50.30547],[12.39841,50.30808],[12.39869,50.30976],[12.39852,50.3116],[12.39916,50.31226],[12.39959,50.31394],[12.40062,50.31555],[12.40078,50.31609],[12.40058,50.31774],[12.40082,50.31883],[12.39948,50.31927],[12.39871,50.31991],[12.39807,50.32106],[12.39847,50.32155],[12.40223,50.32319],[12.40321,50.32403],[12.40475,50.32417],[12.40912,50.32335],[12.41285,50.32372],[12.41496,50.32438],[12.41675,50.32462],[12.41852,50.32402],[12.41879,50.32358],[12.4198,50.32304],[12.42132,50.3228],[12.42231,50.32292],[12.4234,50.32396],[12.42348,50.32433],[12.42395,50.32459],[12.42543,50.32463],[12.43105,50.32284],[12.43279,50.32388],[12.43389,50.32586],[12.4346,50.32653],[12.43727,50.32789],[12.43748,50.32944],[12.43689,50.33132],[12.43571,50.33186],[12.43504,50.33272],[12.43576,50.33383],[12.4367,50.33447],[12.43783,50.33621],[12.4401,50.33795],[12.4411,50.33939],[12.44097,50.3404],[12.44123,50.34095],[12.44245,50.34212],[12.44436,50.34289],[12.44564,50.34396],[12.44975,50.34649],[12.454,50.34807],[12.45731,50.34817],[12.4586,50.3486],[12.45903,50.34934],[12.45914,50.35011],[12.46035,50.35176],[12.46377,50.35315],[12.46619,50.35359],[12.46864,50.35473],[12.46943,50.35493],[12.4702,50.35458],[12.47275,50.35289],[12.47913,50.34934],[12.47963,50.34889],[12.48026,50.3474],[12.48285,50.34695],[12.48361,50.34727],[12.48404,50.34713],[12.48565,50.34888],[12.48856,50.34932],[12.48963,50.34992],[12.4895,50.35054],[12.48983,50.3518],[12.49147,50.35301],[12.49243,50.35461],[12.49265,50.35603],[12.49364,50.35607],[12.49338,50.35716],[12.49291,50.35762],[12.49433,50.35816],[12.49735,50.3586],[12.49673,50.35715],[12.49857,50.35646],[12.49912,50.35725],[12.49991,50.35703],[12.50079,50.35637],[12.50233,50.35645],[12.50401,50.35607],[12.50454,50.35687],[12.50627,50.35676],[12.50545,50.35509],[12.50575,50.355],[12.50649,50.35574],[12.50685,50.35743],[12.50754,50.35812],[12.50717,50.35906],[12.51042,50.35891],[12.51072,50.36058],[12.51413,50.36016],[12.5143,50.36113],[12.51362,50.3628],[12.5138,50.36368],[12.51366,50.36414],[12.51239,50.36498],[12.51071,50.36553],[12.51101,50.36586],[12.51421,50.3669],[12.51373,50.3685],[12.51606,50.36972],[12.51571,50.37145],[12.51662,50.37238],[12.51613,50.37334],[12.51579,50.3751],[12.51676,50.37495],[12.5177,50.37514],[12.51862,50.37302],[12.51879,50.37103],[12.51993,50.36898],[12.51994,50.36694],[12.5209,50.3636],[12.52142,50.35946],[12.52207,50.35781],[12.52329,50.35795],[12.52358,50.35673],[12.52357,50.355],[12.52334,50.35453],[12.52376,50.3544],[12.52436,50.35373],[12.52333,50.35247],[12.52199,50.35197],[12.52079,50.3519],[12.51799,50.35085],[12.51609,50.34785],[12.51523,50.34701],[12.51757,50.34572],[12.51945,50.34586],[12.51993,50.34573],[12.52001,50.34541],[12.52396,50.34601],[12.52383,50.34669],[12.52563,50.35104],[12.52796,50.35186],[12.53059,50.35363],[12.54003,50.35061],[12.5436,50.34896],[12.54472,50.34802],[12.54322,50.34623],[12.54277,50.34316],[12.54226,50.34222],[12.54189,50.34166],[12.54025,50.34053],[12.53946,50.33952],[12.53869,50.33762],[12.53858,50.33643],[12.53883,50.33516],[12.53865,50.33417],[12.53723,50.33271],[12.53682,50.33143],[12.53908,50.32854],[12.53988,50.32665],[12.53971,50.32567],[12.53985,50.32367],[12.54044,50.32258],[12.5433,50.32041],[12.54109,50.31954],[12.53988,50.32039],[12.53826,50.31969],[12.53906,50.31909],[12.53561,50.3176],[12.53545,50.31741],[12.53563,50.31687],[12.53461,50.31658],[12.53499,50.31561],[12.53414,50.31513],[12.53377,50.31463],[12.53401,50.31423],[12.53183,50.31347],[12.53166,50.31294],[12.53102,50.31263],[12.53141,50.31227],[12.53243,50.31204],[12.53201,50.31146],[12.53031,50.31017],[12.52963,50.30925],[12.52994,50.3083],[12.52959,50.30737],[12.52995,50.30721],[12.52945,50.30689],[12.52911,50.30626],[12.53098,50.30548],[12.53102,50.30504],[12.53074,50.30462],[12.53231,50.30487],[12.53219,50.30464],[12.53264,50.30368],[12.52782,50.30232],[12.52184,50.30312],[12.52026,50.30248],[12.5203,50.30224],[12.52002,50.30218],[12.5202,50.30135],[12.51999,50.30039],[12.52038,50.29953],[12.52319,50.29836],[12.5236,50.29732],[12.52531,50.29516],[12.52829,50.2937],[12.52965,50.29101],[12.53549,50.2892],[12.5336,50.28887],[12.52876,50.28885],[12.52874,50.28858],[12.52738,50.28825],[12.52614,50.28678],[12.52631,50.28672],[12.52597,50.28639],[12.52627,50.28596],[12.52568,50.28544],[12.52602,50.28531],[12.5257,50.28505],[12.52595,50.28488],[12.52599,50.28389],[12.52623,50.28388],[12.52602,50.2838],[12.52607,50.28341],[12.52545,50.28312],[12.52554,50.28295],[12.52451,50.28202],[12.52078,50.28194],[12.51805,50.28123],[12.51658,50.28059]]]}},{"type":"Feature","properties":{"name":"554812"},"geometry":{"type":"Polygon","coordinates":[[[12.40638,50.15127],[12.40683,50.15045],[12.40648,50.15001],[12.40659,50.14951],[12.40636,50.1493],[12.40656,50.14873],[12.40752,50.14867],[12.40793,50.14806],[12.40896,50.14762],[12.41016,50.14764],[12.41211,50.14665],[12.41157,50.14591],[12.41007,50.14492],[12.41002,50.14473],[12.41081,50.14395],[12.41212,50.1432],[12.41185,50.14319],[12.41063,50.141],[12.40968,50.14042],[12.40764,50.14116],[12.40598,50.14221],[12.40428,50.14267],[12.40247,50.14361],[12.40069,50.14409],[12.39997,50.14494],[12.39826,50.14561],[12.39763,50.14635],[12.39476,50.1476],[12.3938,50.14825],[12.39223,50.14846],[12.39113,50.1491],[12.38943,50.14921],[12.38767,50.15003],[12.38489,50.15055],[12.38265,50.15137],[12.38075,50.15162],[12.38047,50.15049],[12.3806,50.15021],[12.37977,50.14799],[12.37956,50.148],[12.37909,50.1472],[12.37817,50.14737],[12.37795,50.14672],[12.37812,50.14662],[12.37742,50.14562],[12.37735,50.14486],[12.37611,50.14523],[12.37612,50.14503],[12.37539,50.14515],[12.37516,50.14648],[12.37341,50.14688],[12.37332,50.14601],[12.37395,50.14573],[12.37379,50.14519],[12.37346,50.14519],[12.37274,50.1457],[12.3728,50.1466],[12.37234,50.14657],[12.3704,50.14731],[12.36947,50.14791],[12.36868,50.14749],[12.36675,50.14752],[12.36622,50.14862],[12.36693,50.14853],[12.36698,50.14876],[12.36672,50.14969],[12.36645,50.14973],[12.3664,50.15135],[12.36671,50.15311],[12.36699,50.15355],[12.3634,50.15367],[12.3636,50.15292],[12.36208,50.15316],[12.36165,50.15253],[12.36028,50.15313],[12.36001,50.15256],[12.35683,50.15216],[12.35701,50.15183],[12.35621,50.1517],[12.35605,50.15233],[12.35314,50.15205],[12.35321,50.15257],[12.35181,50.15272],[12.35038,50.15331],[12.34467,50.15458],[12.34437,50.15495],[12.34458,50.15557],[12.34353,50.15548],[12.34408,50.15719],[12.34332,50.15747],[12.34427,50.15772],[12.34474,50.15762],[12.34484,50.15812],[12.34292,50.1589],[12.34317,50.15995],[12.34031,50.16096],[12.34138,50.1617],[12.34152,50.16264],[12.3433,50.1627],[12.3418,50.16354],[12.34266,50.16428],[12.34326,50.16598],[12.34107,50.16585],[12.33819,50.1667],[12.3397,50.16888],[12.34206,50.1684],[12.3427,50.16932],[12.34449,50.16949],[12.34458,50.17004],[12.34352,50.17026],[12.34191,50.17007],[12.34001,50.17056],[12.34036,50.17106],[12.33869,50.17112],[12.3382,50.17077],[12.33711,50.17078],[12.33737,50.17088],[12.33564,50.17119],[12.33505,50.1721],[12.33558,50.17218],[12.33659,50.17304],[12.33755,50.17299],[12.33747,50.17367],[12.33458,50.1744],[12.334,50.17518],[12.33255,50.17569],[12.32925,50.17557],[12.32782,50.17596],[12.32761,50.17639],[12.32706,50.17658],[12.32701,50.17688],[12.32798,50.17896],[12.32758,50.17993],[12.32659,50.18059],[12.32492,50.18113],[12.32439,50.18158],[12.3236,50.18156],[12.32355,50.18214],[12.3263,50.18205],[12.32785,50.18269],[12.32829,50.18327],[12.32854,50.18497],[12.3294,50.18611],[12.33237,50.18703],[12.33342,50.18792],[12.33628,50.18871],[12.33629,50.18965],[12.3374,50.19077],[12.33752,50.19136],[12.33841,50.19255],[12.33657,50.19431],[12.33916,50.19511],[12.33719,50.19583],[12.33736,50.19643],[12.33891,50.19702],[12.33891,50.19762],[12.33853,50.19806],[12.33902,50.19888],[12.33967,50.1993],[12.33948,50.19973],[12.33974,50.20039],[12.34134,50.20109],[12.34167,50.20157],[12.34177,50.20236],[12.34325,50.20389],[12.3442,50.20435],[12.34428,50.20406],[12.34373,50.20377],[12.34523,50.20399],[12.34632,50.20384],[12.35062,50.20177],[12.35286,50.20158],[12.35494,50.20033],[12.35572,50.19953],[12.35729,50.19907],[12.35882,50.19793],[12.35964,50.19761],[12.36007,50.1972],[12.35997,50.19683],[12.36483,50.19589],[12.36742,50.1949],[12.36893,50.1949],[12.36884,50.19396],[12.3694,50.19388],[12.36947,50.1945],[12.37107,50.19454],[12.3716,50.19433],[12.37067,50.19507],[12.3706,50.19586],[12.37169,50.19594],[12.37161,50.19555],[12.37347,50.19538],[12.37383,50.1959],[12.37469,50.19562],[12.37615,50.196],[12.37637,50.19555],[12.37598,50.1951],[12.3774,50.19407],[12.38383,50.19285],[12.38425,50.1916],[12.3852,50.1918],[12.38672,50.18776],[12.38709,50.18693],[12.38755,50.18662],[12.38774,50.18598],[12.38927,50.18541],[12.3905,50.1842],[12.39028,50.18378],[12.39061,50.1831],[12.39065,50.18186],[12.39463,50.18021],[12.39523,50.1806],[12.39629,50.17964],[12.39528,50.17923],[12.39527,50.17856],[12.39564,50.1781],[12.39462,50.17757],[12.3945,50.17701],[12.39633,50.17767],[12.39909,50.17323],[12.39855,50.173],[12.39955,50.17244],[12.40047,50.17129],[12.40134,50.1707],[12.40225,50.1703],[12.4034,50.17017],[12.4024,50.16898],[12.40217,50.16718],[12.40028,50.16549],[12.40038,50.16525],[12.3997,50.16457],[12.40018,50.16429],[12.39925,50.16369],[12.40221,50.16197],[12.40261,50.16127],[12.4021,50.16108],[12.40227,50.16095],[12.4066,50.15954],[12.40888,50.15784],[12.41074,50.158],[12.41161,50.15777],[12.41158,50.15823],[12.41235,50.15851],[12.41453,50.15721],[12.41466,50.15659],[12.41502,50.15648],[12.41472,50.15625],[12.41611,50.15538],[12.41593,50.15524],[12.41339,50.15554],[12.41332,50.15527],[12.41069,50.15427],[12.40591,50.15328],[12.40638,50.15127]]]}},{"type":"Feature","properties":{"name":"554596"},"geometry":{"type":"Polygon","coordinates":[[[12.40661,50.18984],[12.41383,50.18851],[12.41657,50.18854],[12.41888,50.18788],[12.4223,50.18663],[12.4288,50.18285],[12.43008,50.18164],[12.43198,50.18237],[12.43327,50.18187],[12.43466,50.18202],[12.43502,50.18152],[12.43497,50.18077],[12.43733,50.17954],[12.43952,50.17916],[12.4416,50.17821],[12.4454,50.17796],[12.44596,50.17764],[12.44608,50.17804],[12.44665,50.17738],[12.44713,50.17731],[12.44699,50.17712],[12.44726,50.17685],[12.44712,50.17649],[12.44579,50.17608],[12.44589,50.1758],[12.44561,50.17551],[12.44591,50.17516],[12.44558,50.17447],[12.44493,50.17395],[12.44528,50.17364],[12.44589,50.17368],[12.44594,50.17413],[12.44704,50.17566],[12.44827,50.17581],[12.44751,50.17472],[12.4477,50.17365],[12.4488,50.17307],[12.44931,50.17165],[12.45024,50.17055],[12.44812,50.16924],[12.44868,50.16885],[12.44829,50.16844],[12.44888,50.16826],[12.44855,50.16818],[12.44985,50.16779],[12.44792,50.16659],[12.4433,50.16642],[12.44343,50.16542],[12.44303,50.16422],[12.44277,50.16219],[12.43525,50.16958],[12.42687,50.16993],[12.4258,50.16923],[12.42452,50.16892],[12.42313,50.16664],[12.42257,50.16614],[12.42233,50.16493],[12.4242,50.16361],[12.42485,50.16217],[12.42528,50.16176],[12.4272,50.16049],[12.42851,50.15866],[12.42705,50.15823],[12.42755,50.15717],[12.42816,50.15716],[12.42898,50.15649],[12.42826,50.15624],[12.42819,50.15461],[12.42781,50.15384],[12.42748,50.15377],[12.42756,50.15318],[12.4273,50.15243],[12.42751,50.15216],[12.42688,50.15171],[12.42718,50.15161],[12.42583,50.15057],[12.42473,50.1501],[12.42433,50.14932],[12.42269,50.14973],[12.4214,50.15063],[12.42078,50.15075],[12.42076,50.15118],[12.42008,50.15197],[12.41915,50.15201],[12.41829,50.15316],[12.41593,50.15524],[12.41611,50.15538],[12.41472,50.15625],[12.41502,50.15648],[12.41466,50.15659],[12.41453,50.15721],[12.41302,50.15817],[12.41235,50.15851],[12.41158,50.15823],[12.41161,50.15777],[12.41074,50.158],[12.40888,50.15784],[12.4066,50.15954],[12.40227,50.16095],[12.4021,50.16108],[12.40261,50.16127],[12.40221,50.16197],[12.39925,50.16369],[12.40018,50.16429],[12.3997,50.16457],[12.40038,50.16525],[12.40028,50.16549],[12.40217,50.16718],[12.4024,50.16898],[12.4034,50.17017],[12.40225,50.1703],[12.40134,50.1707],[12.40047,50.17129],[12.39955,50.17244],[12.39855,50.173],[12.39909,50.17323],[12.39633,50.17767],[12.3945,50.17701],[12.39462,50.17757],[12.39564,50.1781],[12.39527,50.17856],[12.39528,50.17923],[12.39629,50.17964],[12.39523,50.1806],[12.39463,50.18021],[12.39065,50.18186],[12.39061,50.1831],[12.39028,50.18378],[12.3905,50.1842],[12.38927,50.18541],[12.38774,50.18598],[12.38755,50.18662],[12.38709,50.18693],[12.38672,50.18776],[12.3852,50.1918],[12.38425,50.1916],[12.38367,50.19326],[12.38386,50.19338],[12.38239,50.19409],[12.38387,50.19479],[12.38129,50.19672],[12.38217,50.1981],[12.37994,50.19854],[12.37927,50.19942],[12.37721,50.20096],[12.37728,50.20175],[12.37857,50.20138],[12.38008,50.2015],[12.38064,50.20087],[12.3831,50.20022],[12.38444,50.20224],[12.3848,50.20203],[12.38511,50.20227],[12.38723,50.20499],[12.38685,50.20586],[12.38754,50.20651],[12.38652,50.20662],[12.38637,50.20716],[12.38729,50.20818],[12.38811,50.20794],[12.38857,50.20753],[12.38972,50.21165],[12.38952,50.21376],[12.38928,50.21401],[12.39716,50.21252],[12.39913,50.21253],[12.39927,50.21324],[12.4012,50.21269],[12.40195,50.21282],[12.40222,50.21258],[12.4037,50.21243],[12.40443,50.21274],[12.40479,50.21333],[12.4066,50.21343],[12.40895,50.21321],[12.41142,50.2124],[12.41309,50.21157],[12.41621,50.21074],[12.41681,50.21044],[12.41355,50.20887],[12.4121,50.20741],[12.41035,50.20475],[12.40583,50.19925],[12.40729,50.19866],[12.40707,50.19833],[12.40765,50.19775],[12.40624,50.19681],[12.40338,50.19324],[12.40186,50.192],[12.40321,50.19037],[12.40326,50.19001],[12.40661,50.18984]]]}},{"type":"Feature","properties":{"name":"554600"},"geometry":{"type":"Polygon","coordinates":[[[12.62135,49.9947],[12.61539,49.99464],[12.61455,49.99519],[12.61355,49.99542],[12.61276,49.9946],[12.61212,49.99488],[12.61139,49.99427],[12.60934,49.99414],[12.60793,49.99454],[12.601,49.99776],[12.59357,50.00022],[12.59366,50.00035],[12.59329,50.00051],[12.59399,50.00124],[12.59497,50.00109],[12.59533,50.00146],[12.59393,50.00244],[12.59274,50.00217],[12.59242,50.00183],[12.59116,50.00223],[12.59053,50.00283],[12.58936,50.00285],[12.58887,50.00316],[12.58959,50.00398],[12.58935,50.00484],[12.58854,50.0053],[12.58717,50.0073],[12.58641,50.00748],[12.58501,50.00861],[12.58502,50.00992],[12.58463,50.01032],[12.58532,50.01094],[12.58349,50.01168],[12.58359,50.01187],[12.58271,50.01263],[12.58328,50.01308],[12.58547,50.01217],[12.58845,50.01172],[12.58802,50.01263],[12.59228,50.01285],[12.59339,50.0132],[12.59394,50.01365],[12.60048,50.01551],[12.60078,50.01625],[12.60056,50.01653],[12.59885,50.01739],[12.59822,50.01814],[12.59879,50.01874],[12.59987,50.01896],[12.60128,50.02047],[12.60237,50.02124],[12.60483,50.02204],[12.60509,50.02299],[12.60485,50.02299],[12.60471,50.02386],[12.6053,50.02478],[12.60529,50.02581],[12.60565,50.02563],[12.60578,50.02642],[12.60755,50.02731],[12.60834,50.02837],[12.61133,50.02816],[12.61194,50.02864],[12.61171,50.0292],[12.61314,50.02961],[12.61382,50.03028],[12.61757,50.03126],[12.62357,50.02921],[12.6244,50.02924],[12.62573,50.02988],[12.62534,50.0311],[12.62588,50.03385],[12.62604,50.03415],[12.62765,50.03504],[12.62841,50.03714],[12.62689,50.04186],[12.62467,50.04569],[12.62233,50.04552],[12.6194,50.04629],[12.6159,50.04415],[12.61411,50.04383],[12.61196,50.04305],[12.60858,50.04287],[12.60688,50.04323],[12.60472,50.04414],[12.60258,50.04437],[12.59995,50.04363],[12.5983,50.04428],[12.59539,50.04633],[12.59488,50.04734],[12.59384,50.04852],[12.59352,50.04941],[12.59433,50.05089],[12.59423,50.05216],[12.59453,50.05256],[12.59389,50.05337],[12.59425,50.05395],[12.59418,50.0544],[12.59283,50.05538],[12.59275,50.05591],[12.59359,50.05637],[12.59357,50.0568],[12.59259,50.05726],[12.59247,50.05776],[12.5933,50.05814],[12.59391,50.05728],[12.59536,50.05891],[12.59655,50.05931],[12.59972,50.05908],[12.60032,50.05883],[12.60073,50.05817],[12.60102,50.05812],[12.60275,50.05819],[12.60454,50.05747],[12.60478,50.05695],[12.60625,50.05598],[12.60638,50.05562],[12.60689,50.05551],[12.60674,50.05512],[12.60698,50.05481],[12.60681,50.0543],[12.60697,50.05394],[12.60681,50.0537],[12.6071,50.05313],[12.60779,50.05262],[12.60771,50.05156],[12.60719,50.05106],[12.6054,50.0506],[12.60734,50.04975],[12.6128,50.04954],[12.61535,50.049],[12.61702,50.04948],[12.61821,50.05032],[12.61977,50.05032],[12.62058,50.05164],[12.6237,50.05184],[12.62499,50.05224],[12.62593,50.05303],[12.6264,50.05485],[12.62838,50.05448],[12.62971,50.05471],[12.62995,50.05454],[12.62851,50.05689],[12.63029,50.05789],[12.63254,50.05676],[12.63389,50.05782],[12.63563,50.05815],[12.63596,50.0577],[12.63589,50.05726],[12.63678,50.05718],[12.63671,50.05695],[12.6381,50.05712],[12.63791,50.05718],[12.63797,50.05743],[12.63838,50.05807],[12.63905,50.05811],[12.63869,50.05931],[12.63752,50.05937],[12.63787,50.06038],[12.63815,50.06059],[12.63833,50.06187],[12.64051,50.06263],[12.64153,50.06354],[12.64184,50.06426],[12.64311,50.06563],[12.64405,50.06573],[12.64383,50.06748],[12.64238,50.06761],[12.64236,50.06736],[12.64197,50.06736],[12.64191,50.0678],[12.64232,50.06898],[12.64197,50.07026],[12.64304,50.07047],[12.64406,50.0711],[12.64415,50.07166],[12.64528,50.0725],[12.64518,50.07276],[12.64568,50.07336],[12.64597,50.07427],[12.64674,50.07513],[12.64695,50.07605],[12.64553,50.07616],[12.64506,50.07684],[12.64542,50.07693],[12.64513,50.07714],[12.6475,50.07709],[12.64719,50.07748],[12.64756,50.07818],[12.64813,50.07848],[12.64834,50.07828],[12.64912,50.07833],[12.64843,50.07711],[12.64913,50.07641],[12.64945,50.07541],[12.64998,50.07511],[12.64944,50.07489],[12.6512,50.07371],[12.6501,50.07349],[12.64872,50.07276],[12.64902,50.0722],[12.64978,50.07197],[12.64995,50.07159],[12.65038,50.07175],[12.65111,50.07137],[12.65227,50.07002],[12.65259,50.06917],[12.65249,50.06875],[12.65291,50.06783],[12.65279,50.06752],[12.65321,50.06702],[12.65345,50.0655],[12.65324,50.06514],[12.6533,50.06458],[12.65454,50.06315],[12.65539,50.0627],[12.65613,50.06126],[12.65742,50.06068],[12.65727,50.06031],[12.65768,50.0598],[12.65901,50.05891],[12.65925,50.05839],[12.66017,50.05754],[12.66296,50.0568],[12.67162,50.05721],[12.67623,50.05565],[12.68066,50.05817],[12.6828,50.05843],[12.68313,50.05822],[12.68344,50.05773],[12.68331,50.0569],[12.6827,50.05564],[12.68066,50.05463],[12.68004,50.05395],[12.68211,50.05228],[12.68091,50.05159],[12.68006,50.05037],[12.67908,50.04947],[12.67717,50.04919],[12.67465,50.0492],[12.67384,50.04888],[12.67239,50.0477],[12.67092,50.04701],[12.67038,50.04645],[12.66701,50.04568],[12.66423,50.04344],[12.66405,50.04296],[12.66442,50.04218],[12.66434,50.04183],[12.6641,50.04177],[12.66555,50.04167],[12.66786,50.04105],[12.67041,50.04123],[12.67261,50.04041],[12.67351,50.0391],[12.67257,50.0369],[12.67171,50.0373],[12.67039,50.03749],[12.66798,50.03729],[12.66684,50.03696],[12.66475,50.03568],[12.66342,50.03554],[12.66065,50.03576],[12.65735,50.0365],[12.65679,50.03602],[12.6558,50.03588],[12.65158,50.037],[12.64846,50.03671],[12.64501,50.035],[12.64403,50.03433],[12.6432,50.03338],[12.63931,50.03315],[12.63789,50.03269],[12.63715,50.03203],[12.63694,50.03143],[12.63719,50.0303],[12.63679,50.03031],[12.636,50.03107],[12.63465,50.03182],[12.63212,50.03283],[12.6307,50.03209],[12.62898,50.03042],[12.62677,50.0299],[12.62597,50.03007],[12.62588,50.02984],[12.62776,50.02961],[12.63293,50.02723],[12.64157,50.02468],[12.64393,50.02198],[12.64868,50.02042],[12.65374,50.01405],[12.66338,50.01153],[12.66856,50.0105],[12.67023,50.0106],[12.67625,50.01004],[12.68009,50.01036],[12.68137,50.01072],[12.68184,50.01033],[12.68193,50.00988],[12.68123,50.00908],[12.67801,50.00712],[12.67633,50.00648],[12.67618,50.00612],[12.67471,50.00583],[12.67356,50.00598],[12.67662,50.00059],[12.67642,50.00056],[12.67656,50.0004],[12.67462,49.99649],[12.67632,49.99536],[12.67291,49.9897],[12.66626,49.99823],[12.66461,49.99822],[12.66368,49.99777],[12.66035,49.99785],[12.66037,49.99729],[12.6599,49.99705],[12.65941,49.99592],[12.66096,49.9951],[12.66048,49.99487],[12.66102,49.99432],[12.6618,49.99445],[12.66257,49.9941],[12.66293,49.99439],[12.6633,49.99426],[12.66276,49.99376],[12.66327,49.99356],[12.66291,49.99243],[12.66235,49.99226],[12.66096,49.99106],[12.66002,49.991],[12.65964,49.99164],[12.65828,49.99092],[12.65915,49.99065],[12.65848,49.98989],[12.65895,49.98961],[12.65836,49.98939],[12.6577,49.98967],[12.65426,49.98861],[12.65243,49.98843],[12.6522,49.98826],[12.65244,49.98772],[12.65203,49.98721],[12.65069,49.9877],[12.64859,49.98669],[12.64813,49.98614],[12.64722,49.98582],[12.6472,49.98562],[12.64643,49.98546],[12.64657,49.98475],[12.64627,49.98354],[12.64577,49.98346],[12.64563,49.98193],[12.64283,49.98318],[12.64239,49.983],[12.64118,49.98307],[12.63833,49.98401],[12.62831,49.98473],[12.62419,49.98543],[12.62474,49.98737],[12.62512,49.98742],[12.62675,49.9892],[12.62832,49.98893],[12.62924,49.98984],[12.62883,49.99002],[12.62959,49.99093],[12.62543,49.99241],[12.62135,49.9947]]]}},{"type":"Feature","properties":{"name":"555258"},"geometry":{"type":"Polygon","coordinates":[[[12.89902,50.17538],[12.89777,50.1748],[12.89705,50.17513],[12.89573,50.17451],[12.89549,50.17361],[12.89695,50.17263],[12.89488,50.17217],[12.89335,50.17134],[12.89246,50.17121],[12.89148,50.1707],[12.8898,50.17114],[12.8897,50.17159],[12.89036,50.17196],[12.89049,50.17231],[12.88968,50.17268],[12.89001,50.173],[12.88942,50.17341],[12.88809,50.17375],[12.88586,50.17375],[12.88584,50.17436],[12.88551,50.1748],[12.88694,50.17554],[12.88707,50.17592],[12.88686,50.17647],[12.88636,50.17602],[12.88482,50.17593],[12.88404,50.17619],[12.8831,50.17656],[12.88278,50.17806],[12.88228,50.1778],[12.88146,50.17648],[12.87999,50.17628],[12.88001,50.17659],[12.87927,50.1769],[12.87911,50.17726],[12.87851,50.17724],[12.87795,50.17689],[12.87493,50.17699],[12.8748,50.17749],[12.87504,50.17842],[12.87455,50.17955],[12.87463,50.18102],[12.87258,50.18198],[12.8711,50.18174],[12.86991,50.18126],[12.86926,50.18154],[12.86837,50.18284],[12.86835,50.18365],[12.87339,50.18661],[12.87281,50.18721],[12.87333,50.18742],[12.87163,50.18805],[12.87077,50.18794],[12.87047,50.18847],[12.87036,50.18994],[12.87197,50.19017],[12.87235,50.19064],[12.87341,50.19083],[12.87269,50.19146],[12.87415,50.19219],[12.87458,50.19198],[12.87538,50.1922],[12.87618,50.19186],[12.87596,50.19279],[12.87647,50.19348],[12.87839,50.19287],[12.87958,50.1922],[12.88008,50.1923],[12.88106,50.19144],[12.88316,50.1909],[12.8834,50.18972],[12.88541,50.18948],[12.88787,50.18967],[12.89157,50.19041],[12.89345,50.19025],[12.89412,50.19049],[12.89496,50.19013],[12.8958,50.19071],[12.8973,50.19106],[12.89722,50.19124],[12.90106,50.19189],[12.9028,50.1929],[12.90298,50.19344],[12.90261,50.19483],[12.90139,50.19619],[12.90462,50.19706],[12.90537,50.19759],[12.90766,50.19821],[12.90837,50.19863],[12.91131,50.19928],[12.91345,50.20123],[12.91508,50.20165],[12.92164,50.19958],[12.92201,50.19571],[12.92242,50.19466],[12.92042,50.19394],[12.91867,50.1927],[12.91554,50.19233],[12.91587,50.19123],[12.91809,50.18907],[12.91743,50.18714],[12.91539,50.18704],[12.91258,50.18606],[12.91289,50.18564],[12.91297,50.18494],[12.9142,50.1848],[12.91406,50.18436],[12.91425,50.18401],[12.91653,50.18286],[12.91748,50.18088],[12.91881,50.17939],[12.91684,50.17957],[12.91661,50.17892],[12.91723,50.17881],[12.91708,50.17832],[12.91627,50.1776],[12.91643,50.1771],[12.91564,50.1765],[12.91602,50.17533],[12.91589,50.17482],[12.91393,50.17473],[12.91366,50.1749],[12.9137,50.17457],[12.91276,50.17339],[12.91127,50.17272],[12.91069,50.17308],[12.90914,50.17261],[12.9079,50.17177],[12.90802,50.17235],[12.90648,50.17274],[12.90515,50.17263],[12.90429,50.17338],[12.90447,50.17459],[12.90418,50.17463],[12.9038,50.17415],[12.90255,50.17367],[12.90246,50.17489],[12.90105,50.17393],[12.90024,50.17388],[12.89934,50.17451],[12.89997,50.17512],[12.89984,50.1756],[12.89923,50.17627],[12.89902,50.17538]]]}},{"type":"Feature","properties":{"name":"538906"},"geometry":{"type":"Polygon","coordinates":[[[12.54536,50.08399],[12.54805,50.08369],[12.55085,50.08394],[12.55167,50.08437],[12.55832,50.08441],[12.56118,50.08524],[12.56173,50.08499],[12.56247,50.08366],[12.56317,50.08322],[12.56385,50.08309],[12.56394,50.08338],[12.56454,50.08344],[12.56516,50.08336],[12.5654,50.08296],[12.56629,50.08301],[12.56649,50.08275],[12.56709,50.08288],[12.56677,50.08259],[12.56489,50.08265],[12.56569,50.08178],[12.56744,50.08081],[12.56988,50.0806],[12.56975,50.08242],[12.57169,50.08283],[12.57209,50.08233],[12.5732,50.08231],[12.57497,50.08138],[12.57568,50.08081],[12.57576,50.0803],[12.57635,50.07994],[12.57812,50.08],[12.57814,50.07982],[12.57738,50.07971],[12.57619,50.07991],[12.57556,50.08018],[12.5761,50.0791],[12.57898,50.07911],[12.57938,50.07792],[12.5816,50.07789],[12.58166,50.07746],[12.58146,50.07728],[12.57852,50.07737],[12.57707,50.0771],[12.57819,50.07604],[12.57913,50.07607],[12.57994,50.07573],[12.57917,50.07527],[12.57896,50.07315],[12.57853,50.07247],[12.57875,50.07205],[12.57857,50.07146],[12.57917,50.07051],[12.57938,50.06946],[12.57999,50.06909],[12.57877,50.06921],[12.57583,50.06884],[12.57622,50.06775],[12.57628,50.06679],[12.5751,50.0664],[12.57628,50.06504],[12.57762,50.0647],[12.57737,50.06405],[12.57606,50.06299],[12.57562,50.06235],[12.57693,50.06174],[12.57726,50.06066],[12.57626,50.05989],[12.57779,50.05823],[12.57919,50.05826],[12.58022,50.05872],[12.58161,50.05955],[12.58283,50.06063],[12.5832,50.06046],[12.58352,50.05962],[12.58488,50.05824],[12.58443,50.05745],[12.58281,50.05639],[12.58271,50.05564],[12.58153,50.05542],[12.58118,50.05497],[12.58028,50.05478],[12.57897,50.05505],[12.57738,50.05451],[12.57694,50.05465],[12.57618,50.05412],[12.57515,50.05416],[12.57364,50.05359],[12.57072,50.05309],[12.5688,50.05203],[12.56817,50.05191],[12.56747,50.05134],[12.56616,50.05104],[12.56524,50.04996],[12.56342,50.04953],[12.56259,50.04903],[12.56254,50.04846],[12.56278,50.04828],[12.56263,50.04786],[12.56169,50.04727],[12.55976,50.04706],[12.55931,50.04676],[12.55803,50.04686],[12.55755,50.04669],[12.55623,50.04725],[12.5553,50.04721],[12.55282,50.04604],[12.55136,50.04611],[12.54824,50.04716],[12.54798,50.04745],[12.54786,50.04717],[12.54761,50.04718],[12.54717,50.0479],[12.54639,50.04756],[12.54607,50.0467],[12.54507,50.04582],[12.54399,50.04598],[12.54243,50.0468],[12.54003,50.04912],[12.53928,50.04784],[12.53834,50.04699],[12.53065,50.04272],[12.52737,50.04311],[12.52351,50.04224],[12.52172,50.04246],[12.52041,50.04311],[12.52004,50.0434],[12.52025,50.04378],[12.51909,50.04399],[12.51678,50.04624],[12.51393,50.04828],[12.49475,50.05899],[12.4964,50.05969],[12.49621,50.06005],[12.49732,50.0605],[12.49643,50.06141],[12.49924,50.06256],[12.50278,50.0605],[12.50804,50.063],[12.50804,50.06405],[12.50847,50.06467],[12.50677,50.06603],[12.5091,50.06751],[12.50904,50.06801],[12.50873,50.06824],[12.5128,50.06863],[12.51455,50.06941],[12.5174,50.07023],[12.51747,50.07075],[12.51934,50.07117],[12.51977,50.07367],[12.51901,50.07417],[12.51899,50.07517],[12.5177,50.07666],[12.52024,50.07739],[12.52532,50.07819],[12.52442,50.07948],[12.52361,50.07926],[12.52348,50.07961],[12.52223,50.07975],[12.52127,50.07948],[12.521,50.08057],[12.52054,50.08124],[12.52042,50.08246],[12.52165,50.0828],[12.52454,50.08279],[12.52594,50.0831],[12.52832,50.08297],[12.52934,50.08254],[12.53146,50.08259],[12.5316,50.08305],[12.53055,50.08343],[12.53093,50.08476],[12.53208,50.0852],[12.53808,50.0836],[12.53808,50.08441],[12.53841,50.08512],[12.54012,50.0859],[12.54098,50.08477],[12.5431,50.08485],[12.54662,50.08625],[12.54581,50.0854],[12.54588,50.08499],[12.54536,50.08399]]]}},{"type":"Feature","properties":{"name":"537870"},"geometry":{"type":"Polygon","coordinates":[[[12.8709,50.20431],[12.87064,50.20464],[12.87189,50.20589],[12.87133,50.20628],[12.87329,50.20775],[12.87187,50.20831],[12.87002,50.20735],[12.86806,50.20587],[12.86855,50.20424],[12.86958,50.20316],[12.86935,50.20231],[12.86863,50.20138],[12.86867,50.20093],[12.87089,50.19903],[12.87047,50.19821],[12.86799,50.19651],[12.86517,50.19579],[12.86255,50.19628],[12.86248,50.19613],[12.85954,50.19697],[12.85899,50.19736],[12.85946,50.19772],[12.85889,50.19785],[12.85899,50.19811],[12.8577,50.19961],[12.85682,50.20019],[12.85544,50.2006],[12.85268,50.20067],[12.84748,50.19975],[12.84552,50.19927],[12.84356,50.19824],[12.84258,50.19805],[12.84036,50.19843],[12.83947,50.19902],[12.83905,50.19972],[12.8388,50.19961],[12.83954,50.19824],[12.84164,50.19669],[12.84206,50.19615],[12.84248,50.19505],[12.84253,50.1947],[12.84229,50.19458],[12.84284,50.19316],[12.8432,50.19279],[12.84363,50.19093],[12.84334,50.18963],[12.84217,50.1875],[12.84126,50.18648],[12.84344,50.1867],[12.8461,50.18641],[12.84718,50.1887],[12.84705,50.18969],[12.84632,50.19052],[12.84421,50.19474],[12.84412,50.19618],[12.84498,50.19742],[12.84679,50.19829],[12.84883,50.19893],[12.8508,50.19918],[12.853,50.19909],[12.85488,50.1986],[12.85562,50.19816],[12.85633,50.19734],[12.85621,50.19713],[12.85752,50.19606],[12.85891,50.19406],[12.86232,50.19363],[12.866,50.19405],[12.86607,50.19308],[12.86568,50.19271],[12.86383,50.19214],[12.86205,50.19035],[12.86183,50.18956],[12.86219,50.18802],[12.86246,50.18802],[12.86329,50.18673],[12.86292,50.18527],[12.86349,50.18472],[12.86592,50.18527],[12.8669,50.1852],[12.86805,50.18442],[12.86816,50.18365],[12.8693,50.18405],[12.87339,50.18661],[12.87281,50.18721],[12.87333,50.18742],[12.87163,50.18805],[12.87077,50.18794],[12.87047,50.18847],[12.87036,50.18994],[12.87197,50.19017],[12.87235,50.19064],[12.87341,50.19083],[12.87269,50.19146],[12.87415,50.19219],[12.87458,50.19198],[12.87538,50.1922],[12.87618,50.19186],[12.87596,50.19279],[12.87645,50.19347],[12.87839,50.19287],[12.87958,50.1922],[12.88008,50.1923],[12.87891,50.19377],[12.87768,50.19421],[12.87689,50.19516],[12.87592,50.1955],[12.87497,50.19681],[12.87748,50.19866],[12.87594,50.20002],[12.87545,50.20134],[12.87558,50.20218],[12.87635,50.20289],[12.87609,50.2031],[12.87663,50.20366],[12.87658,50.2041],[12.87423,50.20383],[12.87385,50.20493],[12.87085,50.20393],[12.8709,50.20431]]]}},{"type":"Feature","properties":{"name":"554553"},"geometry":{"type":"Polygon","coordinates":[[[12.16787,50.27095],[12.16733,50.27014],[12.16607,50.26995],[12.16644,50.26934],[12.16506,50.26885],[12.16452,50.26873],[12.1635,50.26902],[12.16263,50.26981],[12.16109,50.26993],[12.16005,50.2693],[12.16047,50.26851],[12.15959,50.268],[12.15859,50.26797],[12.15918,50.26738],[12.15936,50.26687],[12.16062,50.26596],[12.16074,50.26514],[12.16211,50.26314],[12.16233,50.26241],[12.16261,50.26118],[12.1605,50.2617],[12.15964,50.26169],[12.15896,50.26061],[12.15938,50.25988],[12.16066,50.2586],[12.16071,50.25791],[12.16156,50.25683],[12.16024,50.25651],[12.15799,50.25645],[12.15739,50.25605],[12.15584,50.25592],[12.15448,50.25508],[12.15327,50.2551],[12.15134,50.25557],[12.15044,50.25629],[12.1487,50.25625],[12.14759,50.25729],[12.14586,50.25756],[12.14444,50.2582],[12.14535,50.25926],[12.14518,50.25979],[12.14551,50.26117],[12.14594,50.26156],[12.14581,50.26304],[12.14593,50.26356],[12.1463,50.26354],[12.14629,50.2639],[12.14573,50.2646],[12.14436,50.26473],[12.14316,50.26449],[12.1413,50.26528],[12.14085,50.26478],[12.1402,50.26471],[12.1369,50.26521],[12.13612,50.2648],[12.1355,50.265],[12.13351,50.26452],[12.13324,50.26477],[12.13316,50.26538],[12.13196,50.26536],[12.13162,50.26558],[12.13139,50.2659],[12.13174,50.26614],[12.13277,50.26627],[12.13125,50.26706],[12.13075,50.26835],[12.12963,50.26947],[12.12861,50.27016],[12.12799,50.27029],[12.13088,50.27144],[12.13274,50.27297],[12.13593,50.27452],[12.13837,50.27515],[12.13866,50.2759],[12.13919,50.27625],[12.13947,50.27716],[12.14014,50.27796],[12.13875,50.27903],[12.13678,50.27999],[12.13654,50.28052],[12.13568,50.28116],[12.13555,50.28193],[12.13598,50.28292],[12.13556,50.28309],[12.13583,50.28328],[12.13575,50.28366],[12.13601,50.28369],[12.136,50.28395],[12.13576,50.2839],[12.1354,50.28434],[12.13437,50.28453],[12.13385,50.28491],[12.13369,50.28539],[12.13315,50.28539],[12.12942,50.28674],[12.12941,50.2871],[12.12802,50.28792],[12.12805,50.28813],[12.1254,50.2892],[12.1229,50.2911],[12.12308,50.29122],[12.12253,50.29191],[12.12255,50.29292],[12.12236,50.29315],[12.12277,50.29368],[12.12278,50.29406],[12.12231,50.29513],[12.12239,50.29543],[12.12202,50.2959],[12.1221,50.29616],[12.12123,50.29764],[12.11928,50.2989],[12.11977,50.2991],[12.11961,50.29966],[12.11991,50.29987],[12.11969,50.29999],[12.11998,50.30013],[12.11981,50.30027],[12.1205,50.30065],[12.12222,50.30237],[12.12282,50.30355],[12.12279,50.30409],[12.12305,50.3042],[12.12289,50.30425],[12.12485,50.30536],[12.12529,50.30538],[12.12625,50.30628],[12.12636,50.30674],[12.12615,50.30731],[12.12453,50.30841],[12.12398,50.30851],[12.12373,50.3088],[12.12341,50.30873],[12.12311,50.30893],[12.12323,50.30909],[12.12295,50.30913],[12.123,50.30939],[12.12244,50.30933],[12.12248,50.30962],[12.12188,50.31005],[12.12203,50.31014],[12.12172,50.31029],[12.12175,50.31054],[12.12085,50.31057],[12.12039,50.31097],[12.11955,50.31079],[12.11917,50.31102],[12.11933,50.3111],[12.11843,50.3112],[12.11866,50.31138],[12.11801,50.31145],[12.11805,50.3117],[12.11731,50.31167],[12.11722,50.31192],[12.11705,50.31178],[12.11697,50.312],[12.11587,50.31219],[12.11579,50.31264],[12.11529,50.31248],[12.1154,50.31271],[12.11507,50.31321],[12.11395,50.31298],[12.11394,50.31343],[12.11335,50.31341],[12.11342,50.31366],[12.11257,50.31387],[12.11215,50.31364],[12.1117,50.3142],[12.11126,50.31416],[12.11139,50.31394],[12.11085,50.31374],[12.11054,50.31397],[12.10931,50.31391],[12.10927,50.31423],[12.10832,50.31485],[12.10677,50.31444],[12.10497,50.31469],[12.10341,50.31589],[12.10338,50.31655],[12.10262,50.31684],[12.10267,50.31737],[12.10231,50.31724],[12.1021,50.31768],[12.10089,50.31816],[12.10157,50.31862],[12.10179,50.31913],[12.10361,50.3202],[12.10334,50.32045],[12.10436,50.32103],[12.10476,50.32183],[12.10517,50.32197],[12.10565,50.32175],[12.10661,50.3226],[12.10924,50.32077],[12.11,50.32054],[12.11173,50.32047],[12.1138,50.32105],[12.11559,50.32058],[12.11541,50.32013],[12.11459,50.31962],[12.11427,50.31911],[12.11386,50.31806],[12.1138,50.31766],[12.11422,50.31748],[12.11387,50.31662],[12.11464,50.31663],[12.11597,50.31603],[12.11773,50.31595],[12.11798,50.31575],[12.12101,50.3161],[12.12307,50.31589],[12.12503,50.31536],[12.12524,50.31558],[12.12583,50.31554],[12.12708,50.31652],[12.12742,50.31646],[12.12895,50.3172],[12.12888,50.3177],[12.1291,50.31799],[12.12953,50.31843],[12.13018,50.31853],[12.13001,50.31861],[12.13025,50.31868],[12.13012,50.31898],[12.13051,50.31917],[12.13125,50.31903],[12.13152,50.31922],[12.13238,50.31888],[12.13347,50.31894],[12.13335,50.31913],[12.13409,50.31939],[12.13503,50.31939],[12.13561,50.31982],[12.13556,50.31999],[12.13788,50.32029],[12.13883,50.32016],[12.13939,50.32041],[12.13953,50.3202],[12.1407,50.32062],[12.14103,50.32052],[12.14118,50.32073],[12.1419,50.32082],[12.142,50.32065],[12.14224,50.32091],[12.14272,50.32079],[12.14303,50.3211],[12.14378,50.32105],[12.14405,50.32117],[12.14394,50.32129],[12.14508,50.3214],[12.14669,50.32206],[12.1475,50.32191],[12.14752,50.32172],[12.14964,50.32214],[12.15012,50.32201],[12.15043,50.32224],[12.15177,50.32222],[12.15444,50.32148],[12.15736,50.32205],[12.16324,50.32163],[12.16629,50.32183],[12.16699,50.32207],[12.17029,50.32211],[12.17561,50.32302],[12.1765,50.32274],[12.18118,50.32277],[12.18469,50.32235],[12.18513,50.32058],[12.18516,50.31925],[12.184,50.31904],[12.18285,50.31766],[12.1835,50.31621],[12.18375,50.31625],[12.18433,50.31577],[12.18492,50.3158],[12.18502,50.31528],[12.18474,50.31483],[12.18493,50.31432],[12.18692,50.3118],[12.18749,50.31184],[12.1882,50.31132],[12.19028,50.31124],[12.19236,50.31071],[12.19468,50.30966],[12.19486,50.30923],[12.19608,50.30886],[12.19959,50.30684],[12.20004,50.30736],[12.20024,50.30874],[12.20103,50.30907],[12.19972,50.30649],[12.19916,50.30606],[12.19923,50.30582],[12.19811,50.30514],[12.19885,50.30339],[12.19879,50.30279],[12.19824,50.30116],[12.19769,50.30056],[12.19727,50.29921],[12.19685,50.29867],[12.19687,50.29698],[12.19588,50.29488],[12.1959,50.29407],[12.19517,50.29346],[12.19781,50.2916],[12.19985,50.29113],[12.20059,50.29073],[12.20162,50.28967],[12.20222,50.28819],[12.20221,50.28731],[12.20172,50.28634],[12.20203,50.28593],[12.20184,50.27595],[12.20091,50.27539],[12.20061,50.27461],[12.19895,50.2739],[12.19833,50.2732],[12.19917,50.27315],[12.19919,50.2729],[12.19801,50.27262],[12.20125,50.27055],[12.19947,50.26959],[12.19821,50.26936],[12.1963,50.26853],[12.19573,50.26725],[12.19593,50.26649],[12.19468,50.26604],[12.19445,50.26614],[12.19403,50.26582],[12.19356,50.26609],[12.19155,50.26535],[12.19103,50.26583],[12.19,50.26606],[12.18956,50.26639],[12.18882,50.26617],[12.18786,50.26758],[12.18551,50.26872],[12.18532,50.26839],[12.18472,50.26852],[12.18458,50.2694],[12.18178,50.27007],[12.1807,50.26879],[12.18042,50.26863],[12.18009,50.26885],[12.17889,50.26807],[12.17671,50.26715],[12.17634,50.26685],[12.17672,50.26656],[12.17543,50.26618],[12.17556,50.26586],[12.17498,50.26624],[12.17414,50.26638],[12.16787,50.27095]]]}},{"type":"Feature","properties":{"name":"560677"},"geometry":{"type":"Polygon","coordinates":[[[12.61398,50.31009],[12.61379,50.30803],[12.61532,50.30591],[12.61568,50.30416],[12.61545,50.3028],[12.61559,50.29905],[12.61065,50.29545],[12.60847,50.29471],[12.60676,50.29455],[12.6057,50.29582],[12.60231,50.29569],[12.60035,50.29631],[12.59822,50.2977],[12.59278,50.30019],[12.59078,50.30327],[12.58909,50.30282],[12.58725,50.30294],[12.58769,50.30364],[12.58713,50.30367],[12.58624,50.30564],[12.58612,50.30796],[12.58585,50.30835],[12.58649,50.30896],[12.58808,50.30952],[12.58676,50.30921],[12.58504,50.31057],[12.58383,50.31061],[12.58229,50.31001],[12.58183,50.3101],[12.58174,50.31058],[12.58003,50.31198],[12.5804,50.31273],[12.57929,50.31376],[12.5786,50.31398],[12.5785,50.31474],[12.57772,50.31566],[12.57762,50.31649],[12.57409,50.31817],[12.57348,50.3193],[12.57401,50.32008],[12.57326,50.32218],[12.57338,50.32266],[12.57282,50.32359],[12.57294,50.32488],[12.57372,50.32548],[12.574,50.32604],[12.57456,50.32618],[12.57537,50.32762],[12.57539,50.32837],[12.57492,50.32903],[12.57488,50.32984],[12.5745,50.32988],[12.57356,50.33089],[12.57366,50.33202],[12.57407,50.33281],[12.57397,50.33422],[12.57434,50.33663],[12.57413,50.33742],[12.57457,50.33855],[12.57438,50.33937],[12.57367,50.33992],[12.5729,50.34153],[12.57169,50.34268],[12.57163,50.34334],[12.57208,50.34406],[12.57172,50.34439],[12.57149,50.34527],[12.5705,50.34604],[12.56857,50.34683],[12.56745,50.34757],[12.56686,50.34812],[12.56617,50.34935],[12.56468,50.35055],[12.56474,50.35097],[12.56455,50.35111],[12.56492,50.35125],[12.56554,50.35369],[12.56486,50.35539],[12.56455,50.35546],[12.56482,50.35623],[12.56462,50.35694],[12.56505,50.35765],[12.56505,50.35851],[12.56577,50.35924],[12.5602,50.36049],[12.56137,50.36164],[12.56255,50.36239],[12.56293,50.36351],[12.56432,50.36545],[12.57276,50.36954],[12.57919,50.37048],[12.58066,50.37027],[12.58225,50.37044],[12.58342,50.36964],[12.5861,50.36875],[12.59201,50.3677],[12.59434,50.36654],[12.59434,50.36509],[12.5989,50.363],[12.60097,50.36177],[12.60109,50.36019],[12.60165,50.35958],[12.60166,50.35879],[12.60205,50.35798],[12.60275,50.3576],[12.60544,50.3569],[12.60851,50.3569],[12.60951,50.3567],[12.60956,50.35708],[12.6121,50.35598],[12.61352,50.355],[12.61718,50.35431],[12.61838,50.35551],[12.61876,50.35546],[12.6191,50.35532],[12.61917,50.354],[12.61967,50.35341],[12.62076,50.35281],[12.65553,50.35461],[12.6563,50.35356],[12.66043,50.35199],[12.66311,50.35045],[12.66496,50.34871],[12.66577,50.34705],[12.66823,50.34557],[12.66977,50.34308],[12.67015,50.34172],[12.67102,50.34117],[12.67114,50.34025],[12.67164,50.33915],[12.66924,50.33496],[12.66962,50.33369],[12.66934,50.33036],[12.66677,50.32816],[12.66503,50.32699],[12.66314,50.32624],[12.66235,50.32557],[12.66178,50.32435],[12.66156,50.32318],[12.66064,50.32161],[12.66105,50.31844],[12.66067,50.31582],[12.66126,50.31404],[12.66139,50.31184],[12.66219,50.31073],[12.66239,50.30965],[12.66228,50.30811],[12.66192,50.30761],[12.66035,50.30719],[12.65899,50.30717],[12.65461,50.3082],[12.65238,50.30781],[12.64979,50.30817],[12.64852,50.30808],[12.64695,50.30872],[12.64579,50.30891],[12.64464,50.30871],[12.64219,50.30638],[12.6417,50.30659],[12.64188,50.30694],[12.64235,50.30703],[12.64211,50.30747],[12.63992,50.30732],[12.63929,50.30701],[12.63926,50.30728],[12.63989,50.30799],[12.64112,50.30879],[12.64107,50.30935],[12.64052,50.31003],[12.64085,50.31088],[12.64142,50.31146],[12.64158,50.31211],[12.64233,50.3126],[12.64342,50.31252],[12.64449,50.31285],[12.64578,50.31371],[12.64535,50.31502],[12.64412,50.31506],[12.6444,50.3152],[12.64415,50.31568],[12.6426,50.31637],[12.64134,50.31647],[12.63988,50.31592],[12.63797,50.31602],[12.63758,50.31579],[12.6309,50.31531],[12.62843,50.31575],[12.62743,50.31493],[12.62528,50.31433],[12.62224,50.31414],[12.61969,50.3124],[12.61735,50.31209],[12.61555,50.31235],[12.61571,50.31209],[12.61496,50.31142],[12.61292,50.31078],[12.61398,50.31009]]]}},{"type":"Feature","properties":{"name":"560618"},"geometry":{"type":"Polygon","coordinates":[[[12.64813,50.07848],[12.64716,50.0783],[12.64692,50.07944],[12.64634,50.08052],[12.64642,50.0812],[12.64585,50.08329],[12.64587,50.08459],[12.64416,50.08707],[12.64378,50.08833],[12.6442,50.08966],[12.64343,50.09327],[12.64149,50.09574],[12.64169,50.09754],[12.64365,50.0982],[12.64369,50.09869],[12.64047,50.10352],[12.64016,50.10509],[12.63977,50.10587],[12.63873,50.10661],[12.63775,50.10787],[12.63666,50.10872],[12.63507,50.10903],[12.63497,50.10914],[12.6353,50.10929],[12.63477,50.11061],[12.63445,50.11084],[12.63332,50.11089],[12.63273,50.11227],[12.63468,50.11219],[12.63531,50.11292],[12.63633,50.11287],[12.63806,50.11528],[12.63799,50.11583],[12.64044,50.11633],[12.6409,50.117],[12.64112,50.11652],[12.64347,50.11645],[12.64446,50.1173],[12.64453,50.11764],[12.64914,50.1158],[12.6517,50.11691],[12.65297,50.11645],[12.65418,50.11677],[12.65495,50.11733],[12.65844,50.11867],[12.66091,50.12142],[12.66155,50.11972],[12.66398,50.11964],[12.66612,50.11845],[12.66792,50.11705],[12.6699,50.1167],[12.67225,50.11593],[12.67346,50.11605],[12.67471,50.11585],[12.67776,50.11473],[12.67938,50.11476],[12.68018,50.11525],[12.68086,50.1153],[12.68136,50.11566],[12.68238,50.11604],[12.68291,50.11595],[12.6835,50.11629],[12.68432,50.11613],[12.68554,50.11633],[12.68626,50.1161],[12.68791,50.11643],[12.68826,50.1173],[12.68875,50.11745],[12.68951,50.11837],[12.68874,50.11964],[12.68903,50.12048],[12.68978,50.12107],[12.691,50.12128],[12.69191,50.12175],[12.69205,50.12214],[12.69588,50.12434],[12.69572,50.12489],[12.69484,50.12527],[12.69465,50.12558],[12.69547,50.12602],[12.69641,50.1277],[12.69648,50.12822],[12.69747,50.12951],[12.69683,50.13135],[12.69711,50.13194],[12.69767,50.13213],[12.69854,50.13342],[12.69867,50.1372],[12.69977,50.13872],[12.6994,50.13998],[12.69854,50.14084],[12.69951,50.14303],[12.69921,50.14318],[12.69899,50.14387],[12.70025,50.14352],[12.70434,50.14366],[12.70697,50.14279],[12.70917,50.14151],[12.71066,50.14117],[12.71409,50.14162],[12.71459,50.14187],[12.71465,50.14083],[12.71439,50.14051],[12.71561,50.13959],[12.71615,50.13841],[12.71634,50.13755],[12.71637,50.13643],[12.71607,50.13565],[12.71624,50.13523],[12.71701,50.13471],[12.71958,50.13372],[12.71988,50.13188],[12.72036,50.13158],[12.72187,50.13145],[12.72314,50.13092],[12.72801,50.13003],[12.72975,50.13034],[12.73133,50.13124],[12.73207,50.13141],[12.73421,50.13138],[12.73452,50.13124],[12.73433,50.12948],[12.73333,50.12868],[12.73319,50.12825],[12.73269,50.12819],[12.73252,50.1278],[12.73192,50.12745],[12.73194,50.12723],[12.73324,50.12667],[12.73538,50.1269],[12.73665,50.12639],[12.73767,50.12549],[12.73874,50.12539],[12.74056,50.12444],[12.74366,50.12421],[12.74359,50.12168],[12.74138,50.11921],[12.74053,50.11867],[12.74021,50.11871],[12.74035,50.11818],[12.73963,50.11673],[12.73869,50.11593],[12.73808,50.11585],[12.73707,50.11486],[12.73656,50.11354],[12.73701,50.1131],[12.73685,50.11264],[12.73877,50.11102],[12.73889,50.11068],[12.7395,50.11039],[12.73988,50.10949],[12.74057,50.10917],[12.74137,50.10826],[12.74299,50.10766],[12.7437,50.10668],[12.74536,50.10582],[12.75049,50.10639],[12.75165,50.10717],[12.75212,50.10632],[12.75139,50.10318],[12.75204,50.10195],[12.75297,50.1011],[12.75021,50.10076],[12.75015,50.10041],[12.74906,50.09975],[12.74961,50.09979],[12.74992,50.10015],[12.75062,50.10007],[12.7507,50.10028],[12.75179,50.10029],[12.75171,50.09982],[12.75327,50.09998],[12.75382,50.10027],[12.75483,50.1002],[12.75555,50.0994],[12.75531,50.09884],[12.75426,50.09836],[12.75355,50.09755],[12.75238,50.09682],[12.74997,50.09641],[12.74937,50.09561],[12.74928,50.09443],[12.7463,50.09239],[12.74439,50.08859],[12.74255,50.08726],[12.74217,50.08672],[12.74125,50.08678],[12.74122,50.08608],[12.74085,50.08553],[12.74033,50.08526],[12.74011,50.08554],[12.73894,50.08563],[12.73782,50.08544],[12.73727,50.08511],[12.7367,50.08533],[12.73574,50.08524],[12.73604,50.08445],[12.73543,50.08436],[12.73437,50.08429],[12.73342,50.08477],[12.73184,50.08432],[12.72962,50.08317],[12.72801,50.08179],[12.72547,50.08052],[12.72331,50.07867],[12.71851,50.07824],[12.71544,50.07715],[12.70496,50.07524],[12.70315,50.07439],[12.69408,50.0723],[12.6904,50.07272],[12.68628,50.0736],[12.68561,50.07325],[12.68538,50.07285],[12.68553,50.07239],[12.68533,50.07167],[12.6857,50.07115],[12.68546,50.07061],[12.68567,50.07035],[12.68534,50.06994],[12.68526,50.06882],[12.6836,50.06669],[12.68372,50.06607],[12.68426,50.06572],[12.68417,50.06551],[12.68691,50.06349],[12.6866,50.06309],[12.68631,50.06191],[12.68497,50.06065],[12.6848,50.05983],[12.68391,50.05908],[12.6828,50.05843],[12.68066,50.05817],[12.67623,50.05565],[12.67162,50.05721],[12.66296,50.0568],[12.66017,50.05754],[12.65972,50.05785],[12.65901,50.05891],[12.65752,50.05998],[12.65727,50.06031],[12.65742,50.06068],[12.65613,50.06126],[12.65539,50.0627],[12.65454,50.06315],[12.6533,50.06458],[12.65324,50.06514],[12.65345,50.0655],[12.65321,50.06702],[12.65279,50.06752],[12.65291,50.06783],[12.65249,50.06875],[12.65259,50.06917],[12.65227,50.07002],[12.65111,50.07137],[12.65038,50.07175],[12.64995,50.07159],[12.64978,50.07197],[12.64902,50.0722],[12.64872,50.07276],[12.6501,50.07349],[12.6512,50.07371],[12.64944,50.07489],[12.64998,50.07511],[12.64945,50.07541],[12.64913,50.07641],[12.64843,50.07711],[12.64912,50.07833],[12.64834,50.07828],[12.64813,50.07848]]]}},{"type":"Feature","properties":{"name":"554642"},"geometry":{"type":"Polygon","coordinates":[[[12.69022,49.93973],[12.68345,49.93975],[12.6834,49.94026],[12.68223,49.94252],[12.68134,49.94654],[12.68101,49.94739],[12.6803,49.94823],[12.67535,49.94535],[12.67562,49.94712],[12.67613,49.94741],[12.67598,49.94798],[12.6754,49.94847],[12.67296,49.94801],[12.67313,49.94943],[12.67292,49.95006],[12.67206,49.95017],[12.67077,49.94957],[12.6703,49.94984],[12.67035,49.95022],[12.66988,49.95024],[12.66983,49.95237],[12.66908,49.95266],[12.66778,49.95265],[12.66787,49.95302],[12.66664,49.95227],[12.66697,49.95702],[12.66641,49.95822],[12.67553,49.95706],[12.67634,49.95626],[12.67878,49.95489],[12.68208,49.95409],[12.68238,49.95372],[12.68223,49.95292],[12.6842,49.95308],[12.68678,49.95277],[12.68662,49.95331],[12.68545,49.95419],[12.68554,49.95491],[12.68495,49.95554],[12.68426,49.95728],[12.68215,49.95747],[12.68229,49.95772],[12.6819,49.95807],[12.68237,49.95872],[12.68096,49.95977],[12.68075,49.96028],[12.68053,49.96137],[12.68059,49.96298],[12.67821,49.96423],[12.67664,49.96551],[12.67552,49.96695],[12.67518,49.96897],[12.67644,49.96938],[12.67788,49.97039],[12.67905,49.97055],[12.67875,49.97097],[12.67903,49.97142],[12.67841,49.97128],[12.67665,49.9731],[12.67557,49.97386],[12.67586,49.97391],[12.67309,49.97528],[12.6714,49.97593],[12.66722,49.97674],[12.66561,49.97739],[12.67632,49.99536],[12.67462,49.99649],[12.67656,50.0004],[12.67642,50.00056],[12.67662,50.00059],[12.67356,50.00598],[12.67471,50.00583],[12.67618,50.00612],[12.67633,50.00648],[12.67801,50.00712],[12.68123,50.00908],[12.68182,50.00967],[12.68195,50.0102],[12.68137,50.01072],[12.68009,50.01036],[12.67625,50.01004],[12.67023,50.0106],[12.66856,50.0105],[12.66338,50.01153],[12.65374,50.01405],[12.64868,50.02042],[12.64393,50.02198],[12.64157,50.02468],[12.63293,50.02723],[12.62776,50.02961],[12.62588,50.02984],[12.62597,50.03007],[12.62677,50.0299],[12.62898,50.03042],[12.6307,50.03209],[12.63212,50.03283],[12.63465,50.03182],[12.636,50.03107],[12.63679,50.03031],[12.63719,50.0303],[12.63694,50.03143],[12.63715,50.03203],[12.63789,50.03269],[12.63931,50.03315],[12.6432,50.03338],[12.64403,50.03433],[12.64501,50.035],[12.64846,50.03671],[12.65158,50.037],[12.6558,50.03588],[12.65679,50.03602],[12.65735,50.0365],[12.66065,50.03576],[12.66342,50.03554],[12.66475,50.03568],[12.66684,50.03696],[12.66798,50.03729],[12.67039,50.03749],[12.67171,50.0373],[12.67257,50.0369],[12.67351,50.0391],[12.67261,50.04041],[12.67041,50.04123],[12.66786,50.04105],[12.66555,50.04167],[12.6641,50.04177],[12.66434,50.04183],[12.66442,50.04218],[12.66405,50.04296],[12.66423,50.04344],[12.66701,50.04568],[12.67038,50.04645],[12.67092,50.04701],[12.67239,50.0477],[12.67384,50.04888],[12.67465,50.0492],[12.67717,50.04919],[12.67908,50.04947],[12.68006,50.05037],[12.68091,50.05159],[12.68211,50.05228],[12.68469,50.04961],[12.68688,50.04808],[12.68862,50.04616],[12.68898,50.0455],[12.68896,50.04496],[12.6884,50.04462],[12.68862,50.04413],[12.69064,50.04287],[12.69221,50.04039],[12.69209,50.03866],[12.69146,50.03659],[12.69145,50.03563],[12.6919,50.03412],[12.69026,50.03268],[12.68915,50.02874],[12.68761,50.02707],[12.68758,50.02548],[12.68938,50.02358],[12.68927,50.02132],[12.69009,50.01829],[12.69198,50.0166],[12.69157,50.01504],[12.69481,50.01656],[12.6989,50.01603],[12.70606,50.02252],[12.70983,50.02238],[12.71419,50.02276],[12.71585,50.02205],[12.71644,50.02213],[12.71723,50.02103],[12.71995,50.02005],[12.72051,50.01963],[12.72167,50.0194],[12.72412,50.017],[12.72534,50.01652],[12.72685,50.01633],[12.72691,50.01586],[12.72764,50.01539],[12.72864,50.01549],[12.73067,50.01509],[12.73058,50.00608],[12.72981,50.00508],[12.72997,49.99337],[12.7293,49.9927],[12.73101,49.99197],[12.7305,49.99135],[12.73076,49.98995],[12.73222,49.98733],[12.73226,49.98686],[12.73359,49.98612],[12.73562,49.98396],[12.73738,49.9831],[12.74208,49.98143],[12.74336,49.98027],[12.74313,49.97808],[12.74345,49.97674],[12.7439,49.9761],[12.73923,49.97672],[12.73923,49.97603],[12.73899,49.97611],[12.73945,49.97584],[12.73779,49.97503],[12.7363,49.97486],[12.73539,49.97528],[12.73349,49.97527],[12.73041,49.9749],[12.72868,49.97506],[12.72828,49.97485],[12.72851,49.97406],[12.72851,49.97202],[12.72981,49.97013],[12.7295,49.97003],[12.72977,49.96935],[12.72913,49.96827],[12.72819,49.96739],[12.72956,49.96691],[12.73029,49.96635],[12.73188,49.9629],[12.73173,49.96287],[12.73203,49.96156],[12.73099,49.9607],[12.73075,49.96003],[12.73138,49.95776],[12.73117,49.95647],[12.73215,49.95469],[12.73356,49.95311],[12.73403,49.95214],[12.73412,49.95124],[12.73474,49.95094],[12.73399,49.95045],[12.73267,49.9505],[12.7314,49.95087],[12.73114,49.9507],[12.73162,49.95044],[12.73115,49.94992],[12.73099,49.9492],[12.73031,49.94886],[12.73036,49.94849],[12.7298,49.94821],[12.7295,49.9482],[12.72891,49.94939],[12.7283,49.9498],[12.72794,49.94911],[12.72823,49.94897],[12.7271,49.94842],[12.72713,49.94817],[12.72804,49.94739],[12.72836,49.9467],[12.72945,49.94584],[12.73093,49.94635],[12.73217,49.94618],[12.73119,49.94569],[12.73122,49.94474],[12.7322,49.94433],[12.73258,49.94387],[12.7342,49.94343],[12.73357,49.94277],[12.73549,49.94232],[12.73738,49.94153],[12.73654,49.94101],[12.73905,49.94018],[12.73862,49.93959],[12.73711,49.93861],[12.73756,49.9376],[12.73815,49.93699],[12.73751,49.93664],[12.73716,49.93611],[12.73855,49.93488],[12.73877,49.93521],[12.73979,49.93559],[12.74093,49.93518],[12.74259,49.93302],[12.74324,49.93262],[12.74399,49.93268],[12.74404,49.93218],[12.74245,49.93169],[12.74079,49.93029],[12.74097,49.93023],[12.73972,49.92965],[12.7394,49.92865],[12.73719,49.92625],[12.73358,49.92428],[12.73326,49.92458],[12.73261,49.92376],[12.73087,49.92349],[12.73083,49.92365],[12.72993,49.92349],[12.73001,49.92314],[12.72413,49.92231],[12.71978,49.92206],[12.71733,49.92396],[12.71607,49.92452],[12.71177,49.92558],[12.71055,49.92613],[12.71008,49.92521],[12.70936,49.92482],[12.70855,49.9253],[12.70579,49.92568],[12.70545,49.92603],[12.70296,49.92606],[12.70292,49.92708],[12.70252,49.92773],[12.70038,49.92954],[12.7002,49.93019],[12.70039,49.93116],[12.6969,49.93261],[12.69266,49.93311],[12.69127,49.93414],[12.69108,49.93504],[12.68984,49.93745],[12.69022,49.93973]]]}},{"type":"Feature","properties":{"name":"560596"},"geometry":{"type":"Polygon","coordinates":[[[12.65243,50.36754],[12.65214,50.36734],[12.6522,50.36653],[12.65035,50.3645],[12.65019,50.36378],[12.64932,50.3631],[12.64858,50.36168],[12.65067,50.36059],[12.6517,50.35937],[12.65334,50.35822],[12.65384,50.35666],[12.65472,50.35566],[12.65486,50.35517],[12.65553,50.35461],[12.62076,50.35281],[12.61967,50.35341],[12.61917,50.354],[12.6191,50.35532],[12.61876,50.35546],[12.61838,50.35551],[12.61718,50.35431],[12.61352,50.355],[12.6121,50.35598],[12.60956,50.35708],[12.60951,50.3567],[12.60851,50.3569],[12.60544,50.3569],[12.60275,50.3576],[12.60205,50.35798],[12.60166,50.35879],[12.60165,50.35958],[12.60109,50.36019],[12.60097,50.36177],[12.5989,50.363],[12.59434,50.36509],[12.59434,50.36654],[12.59206,50.36768],[12.59229,50.36859],[12.59399,50.36938],[12.59345,50.37361],[12.59353,50.37584],[12.59314,50.37765],[12.59167,50.38072],[12.59042,50.38212],[12.59022,50.38307],[12.59174,50.38748],[12.59136,50.39143],[12.58902,50.3929],[12.58571,50.39771],[12.5847,50.39843],[12.58345,50.39986],[12.58263,50.40306],[12.58318,50.40438],[12.58379,50.4051],[12.58367,50.40708],[12.58746,50.40715],[12.59125,50.40773],[12.59293,50.40756],[12.59537,50.40617],[12.59658,50.40573],[12.60069,50.40603],[12.60199,50.4065],[12.60337,50.40662],[12.60451,50.40732],[12.60446,50.40776],[12.6048,50.40797],[12.60742,50.40849],[12.60795,50.41037],[12.60866,50.41117],[12.61089,50.41231],[12.61317,50.41287],[12.61453,50.41404],[12.61614,50.41432],[12.61701,50.41523],[12.61694,50.4158],[12.6198,50.41559],[12.62093,50.41592],[12.6224,50.4155],[12.62308,50.41587],[12.62684,50.41641],[12.62807,50.41617],[12.62865,50.41564],[12.63089,50.41458],[12.63399,50.41389],[12.63551,50.41396],[12.63681,50.41363],[12.63717,50.4131],[12.63943,50.4117],[12.64004,50.41155],[12.64179,50.40942],[12.64469,50.40794],[12.64382,50.40803],[12.64353,50.40762],[12.64603,50.40638],[12.6457,50.40496],[12.64636,50.40465],[12.64655,50.40481],[12.64837,50.40378],[12.64862,50.40394],[12.64974,50.40367],[12.65042,50.4038],[12.64925,50.40231],[12.64825,50.40154],[12.64892,50.40109],[12.64986,50.40095],[12.65148,50.4017],[12.65191,50.40167],[12.65231,50.402],[12.65384,50.4024],[12.65453,50.40218],[12.65349,50.40146],[12.65533,50.40136],[12.65553,50.40159],[12.65694,50.40097],[12.65763,50.40131],[12.65833,50.40083],[12.65869,50.40105],[12.659,50.40078],[12.65933,50.39959],[12.65998,50.39902],[12.65953,50.3991],[12.65828,50.39846],[12.65921,50.39728],[12.66003,50.39747],[12.6611,50.39655],[12.6609,50.39621],[12.66263,50.39518],[12.66232,50.39501],[12.66337,50.39408],[12.66287,50.39369],[12.66284,50.39319],[12.66251,50.39292],[12.66385,50.39242],[12.66463,50.39246],[12.6653,50.39156],[12.66609,50.39117],[12.66716,50.39214],[12.67115,50.39175],[12.6714,50.39062],[12.67206,50.3907],[12.67224,50.38818],[12.67135,50.3869],[12.67126,50.38608],[12.66924,50.38453],[12.66719,50.3835],[12.66639,50.38263],[12.66449,50.38167],[12.66159,50.38103],[12.66022,50.38096],[12.65927,50.38041],[12.66065,50.3788],[12.66219,50.37804],[12.66174,50.37724],[12.66176,50.37606],[12.66143,50.37594],[12.66243,50.37438],[12.6628,50.37408],[12.66338,50.37401],[12.66411,50.3732],[12.66364,50.37269],[12.66372,50.37208],[12.66453,50.37179],[12.66431,50.37106],[12.66379,50.37076],[12.66309,50.37141],[12.66002,50.37115],[12.6596,50.37088],[12.6601,50.37022],[12.65913,50.36986],[12.65806,50.37047],[12.65657,50.36995],[12.65666,50.36968],[12.65587,50.36986],[12.65464,50.36932],[12.65447,50.36949],[12.65231,50.3679],[12.65243,50.36754]]]}},{"type":"Feature","properties":{"name":"539473"},"geometry":{"type":"Polygon","coordinates":[[[12.79315,49.94112],[12.78871,49.94055],[12.78903,49.93895],[12.78767,49.939],[12.78769,49.93828],[12.79018,49.93867],[12.79226,49.93791],[12.79185,49.93763],[12.79059,49.93763],[12.7906,49.93721],[12.78903,49.93732],[12.78916,49.93654],[12.78586,49.93589],[12.78583,49.93548],[12.78619,49.93543],[12.7814,49.93466],[12.7798,49.93419],[12.77766,49.93284],[12.777,49.93274],[12.77539,49.93193],[12.77438,49.93076],[12.77333,49.93021],[12.77334,49.93002],[12.77586,49.92751],[12.77558,49.92742],[12.7739,49.92882],[12.77379,49.92921],[12.77264,49.92962],[12.77228,49.93006],[12.77288,49.93052],[12.7723,49.9313],[12.77125,49.93155],[12.77073,49.93119],[12.76933,49.93132],[12.76851,49.93195],[12.76714,49.93217],[12.76604,49.9332],[12.76595,49.93414],[12.76531,49.93447],[12.76512,49.93493],[12.76524,49.93547],[12.76472,49.93599],[12.76491,49.93653],[12.76435,49.93683],[12.76395,49.93752],[12.76125,49.93843],[12.76148,49.93871],[12.76128,49.93929],[12.76055,49.93945],[12.76002,49.93907],[12.75939,49.93898],[12.75888,49.93937],[12.7595,49.93977],[12.75876,49.93997],[12.75778,49.94075],[12.75733,49.94063],[12.7571,49.94094],[12.75721,49.94111],[12.75682,49.94123],[12.75707,49.94142],[12.75664,49.94155],[12.75679,49.94173],[12.75631,49.94175],[12.75609,49.942],[12.75531,49.94388],[12.75499,49.94373],[12.75458,49.94407],[12.75473,49.94438],[12.75405,49.9447],[12.75398,49.94499],[12.75424,49.94504],[12.75396,49.94556],[12.75398,49.94595],[12.75462,49.94626],[12.75442,49.94655],[12.75509,49.94715],[12.75438,49.94746],[12.75425,49.948],[12.75478,49.94805],[12.75441,49.94831],[12.75444,49.94855],[12.7547,49.94877],[12.75555,49.94877],[12.75537,49.9492],[12.75495,49.94923],[12.75507,49.94961],[12.75482,49.95006],[12.75565,49.95092],[12.75542,49.95164],[12.75575,49.9522],[12.75582,49.95297],[12.75667,49.95359],[12.75708,49.95409],[12.75697,49.95438],[12.75742,49.9548],[12.75867,49.95528],[12.75986,49.9561],[12.76036,49.956],[12.76133,49.95653],[12.7628,49.9568],[12.7632,49.95746],[12.76565,49.95708],[12.76565,49.95758],[12.76531,49.95763],[12.76529,49.95813],[12.76472,49.95827],[12.76488,49.95902],[12.76459,49.95915],[12.76475,49.95957],[12.76459,49.95989],[12.7648,49.96015],[12.76441,49.96091],[12.76351,49.96115],[12.7619,49.96222],[12.76135,49.96292],[12.76052,49.96317],[12.76123,49.96349],[12.76183,49.96339],[12.76231,49.96376],[12.76198,49.96406],[12.76249,49.96474],[12.76093,49.96512],[12.75986,49.96566],[12.75789,49.96765],[12.75737,49.96776],[12.75694,49.9682],[12.75585,49.97023],[12.75661,49.97033],[12.75742,49.97128],[12.75781,49.97209],[12.75763,49.97223],[12.75857,49.97275],[12.75735,49.97306],[12.75691,49.97344],[12.75711,49.97358],[12.75754,49.97375],[12.76097,49.97372],[12.76159,49.97446],[12.76363,49.97472],[12.76379,49.97513],[12.76479,49.97534],[12.76499,49.97566],[12.76472,49.97626],[12.76486,49.97716],[12.764,49.97716],[12.76365,49.97773],[12.76313,49.97765],[12.76283,49.97799],[12.76174,49.97797],[12.75949,49.97853],[12.75852,49.9782],[12.75827,49.97771],[12.7578,49.97785],[12.75759,49.97821],[12.75777,49.97848],[12.75715,49.97909],[12.75682,49.97986],[12.75799,49.98434],[12.76009,49.98521],[12.76143,49.98537],[12.76193,49.98574],[12.76244,49.98561],[12.76429,49.98622],[12.76833,49.98591],[12.77066,49.98626],[12.77133,49.98563],[12.77347,49.98575],[12.77919,49.98463],[12.78209,49.98302],[12.7844,49.98203],[12.78535,49.98126],[12.78565,49.98066],[12.78666,49.98016],[12.78665,49.97962],[12.7878,49.97898],[12.79034,49.97683],[12.7921,49.97604],[12.79339,49.97429],[12.7948,49.97305],[12.79434,49.97247],[12.79452,49.97191],[12.79835,49.97239],[12.7991,49.97279],[12.80021,49.97278],[12.80473,49.97187],[12.80682,49.97204],[12.80723,49.97119],[12.80797,49.97086],[12.80994,49.97056],[12.81172,49.96994],[12.81265,49.96936],[12.814,49.96929],[12.81434,49.96878],[12.81248,49.96856],[12.81161,49.96749],[12.81136,49.96626],[12.81172,49.96547],[12.81249,49.96496],[12.81302,49.96505],[12.8135,49.96573],[12.81403,49.96581],[12.81404,49.96354],[12.81424,49.96295],[12.81471,49.96271],[12.81469,49.96244],[12.81409,49.96192],[12.81357,49.96195],[12.81504,49.96055],[12.81518,49.96004],[12.81476,49.95956],[12.81408,49.95952],[12.81407,49.95915],[12.81517,49.95835],[12.81508,49.95822],[12.81637,49.95683],[12.81748,49.95593],[12.81528,49.95535],[12.81412,49.9556],[12.8132,49.95548],[12.81331,49.95527],[12.81271,49.95454],[12.81121,49.9543],[12.80941,49.95355],[12.8073,49.95364],[12.80706,49.95392],[12.80584,49.95338],[12.8033,49.95112],[12.80613,49.95139],[12.80664,49.95039],[12.8042,49.95001],[12.80649,49.94765],[12.80925,49.94562],[12.81012,49.94447],[12.81041,49.94352],[12.81112,49.94285],[12.81021,49.94246],[12.81042,49.94188],[12.81034,49.94091],[12.80954,49.9409],[12.80933,49.94006],[12.80946,49.9396],[12.80628,49.93816],[12.80415,49.93816],[12.80055,49.93763],[12.79913,49.93766],[12.79718,49.93825],[12.79488,49.93971],[12.79478,49.94029],[12.794,49.94051],[12.79315,49.94112]]]}},{"type":"Feature","properties":{"name":"554979"},"geometry":{"type":"Polygon","coordinates":[[[12.83078,50.37589],[12.83259,50.37577],[12.83406,50.37402],[12.83457,50.37381],[12.83531,50.3739],[12.8371,50.37487],[12.83879,50.37521],[12.83892,50.3748],[12.83856,50.3747],[12.83881,50.3744],[12.83796,50.37383],[12.83765,50.37177],[12.83695,50.3706],[12.83625,50.37025],[12.83526,50.3693],[12.83431,50.36914],[12.83507,50.36868],[12.84737,50.37066],[12.84687,50.3695],[12.84324,50.3686],[12.84257,50.36827],[12.84228,50.36773],[12.84473,50.36774],[12.84536,50.36692],[12.84764,50.36614],[12.85006,50.36451],[12.84843,50.36359],[12.84497,50.36318],[12.84557,50.36216],[12.84438,50.36166],[12.84451,50.36078],[12.8451,50.36063],[12.84627,50.35915],[12.84733,50.35946],[12.848,50.35916],[12.84803,50.35889],[12.84768,50.35849],[12.84492,50.35792],[12.84484,50.35746],[12.84179,50.35671],[12.83957,50.35529],[12.83719,50.35471],[12.83814,50.35601],[12.83771,50.35793],[12.83438,50.35863],[12.82898,50.35915],[12.82708,50.36043],[12.82665,50.36187],[12.82346,50.36282],[12.8214,50.36227],[12.82006,50.36262],[12.81292,50.36158],[12.81073,50.36589],[12.81065,50.36719],[12.80797,50.36655],[12.80804,50.36724],[12.80983,50.36776],[12.80977,50.36858],[12.81019,50.36919],[12.81058,50.36874],[12.81175,50.37137],[12.8129,50.372],[12.81277,50.3731],[12.81126,50.37617],[12.81085,50.37837],[12.81207,50.38137],[12.8125,50.38309],[12.81378,50.38417],[12.8136,50.38496],[12.81551,50.38649],[12.81541,50.39089],[12.81518,50.39172],[12.8154,50.39243],[12.81615,50.39301],[12.81831,50.39361],[12.82069,50.39687],[12.8228,50.39888],[12.82355,50.3995],[12.82994,50.39695],[12.83406,50.39649],[12.83957,50.39903],[12.84298,50.40111],[12.84593,50.40172],[12.84721,50.40147],[12.84848,50.40075],[12.85088,50.39888],[12.84989,50.3979],[12.84777,50.39657],[12.84807,50.39564],[12.84971,50.3949],[12.84833,50.3939],[12.84788,50.39336],[12.84778,50.39275],[12.84693,50.39215],[12.84659,50.39153],[12.84657,50.39086],[12.84349,50.39093],[12.84354,50.39057],[12.84145,50.39018],[12.84171,50.38939],[12.84242,50.38936],[12.8428,50.38867],[12.84282,50.38807],[12.84344,50.3877],[12.84338,50.38752],[12.84285,50.38755],[12.84294,50.38675],[12.84388,50.38605],[12.84091,50.38425],[12.83942,50.38372],[12.83819,50.38279],[12.83642,50.38224],[12.83376,50.38192],[12.83252,50.38097],[12.83054,50.3807],[12.83054,50.37917],[12.83183,50.37732],[12.83034,50.37699],[12.83078,50.37589]]]}},{"type":"Feature","properties":{"name":"560294"},"geometry":{"type":"Polygon","coordinates":[[[12.62058,50.05164],[12.61977,50.05032],[12.61821,50.05032],[12.61702,50.04948],[12.61535,50.049],[12.6128,50.04954],[12.60734,50.04975],[12.6054,50.0506],[12.60719,50.05106],[12.60771,50.05156],[12.60779,50.05262],[12.6071,50.05313],[12.60681,50.0537],[12.60697,50.05394],[12.60681,50.0543],[12.60698,50.05481],[12.60674,50.05512],[12.60689,50.05551],[12.60638,50.05562],[12.60625,50.05598],[12.60478,50.05695],[12.60454,50.05747],[12.60275,50.05819],[12.60102,50.05812],[12.60073,50.05817],[12.60032,50.05883],[12.59972,50.05908],[12.59655,50.05931],[12.59536,50.05891],[12.59391,50.05728],[12.5933,50.05814],[12.59202,50.05762],[12.58889,50.05838],[12.58814,50.05768],[12.58797,50.05805],[12.58635,50.05823],[12.58608,50.05851],[12.58474,50.05826],[12.58352,50.05962],[12.5832,50.06046],[12.58283,50.06063],[12.58161,50.05955],[12.58022,50.05872],[12.57919,50.05826],[12.57779,50.05823],[12.57626,50.05989],[12.57726,50.06066],[12.57682,50.06191],[12.57562,50.06235],[12.57606,50.06299],[12.57737,50.06405],[12.57762,50.0647],[12.57628,50.06504],[12.5751,50.0664],[12.57628,50.06679],[12.57622,50.06775],[12.57583,50.06884],[12.57877,50.06921],[12.57999,50.06909],[12.57938,50.06946],[12.57917,50.07051],[12.57857,50.07146],[12.57875,50.07205],[12.57853,50.07247],[12.57896,50.07315],[12.57917,50.07527],[12.57994,50.07573],[12.57913,50.07607],[12.57819,50.07604],[12.57707,50.0771],[12.57852,50.07737],[12.58146,50.07728],[12.58166,50.07746],[12.5816,50.07789],[12.57938,50.07792],[12.57898,50.07911],[12.5761,50.0791],[12.57556,50.08018],[12.57619,50.07991],[12.57738,50.07971],[12.57814,50.07982],[12.57812,50.08],[12.57635,50.07994],[12.57576,50.0803],[12.57568,50.08081],[12.57497,50.08138],[12.5732,50.08231],[12.57209,50.08233],[12.57169,50.08283],[12.56975,50.08242],[12.56988,50.0806],[12.5677,50.08074],[12.56686,50.08103],[12.56569,50.08178],[12.56489,50.08265],[12.56677,50.08259],[12.56709,50.08288],[12.56649,50.08275],[12.56629,50.08301],[12.5654,50.08296],[12.56516,50.08336],[12.56454,50.08344],[12.56394,50.08338],[12.56385,50.08309],[12.56317,50.08322],[12.56247,50.08366],[12.56173,50.08499],[12.56118,50.08524],[12.56112,50.08565],[12.56077,50.08597],[12.56176,50.08956],[12.56282,50.09167],[12.56429,50.09101],[12.56518,50.09171],[12.56654,50.09218],[12.56719,50.09285],[12.56765,50.09298],[12.56821,50.09236],[12.56959,50.09178],[12.5721,50.09188],[12.57303,50.09224],[12.57249,50.09328],[12.57158,50.09405],[12.57149,50.09497],[12.57408,50.09684],[12.57409,50.09718],[12.57308,50.09837],[12.57329,50.09902],[12.5739,50.09969],[12.5782,50.10057],[12.57886,50.10147],[12.58061,50.10185],[12.5818,50.10186],[12.58172,50.10099],[12.58236,50.10039],[12.58368,50.10043],[12.58346,50.1014],[12.58398,50.10193],[12.58396,50.10362],[12.58177,50.10483],[12.58024,50.10508],[12.57999,50.10573],[12.57813,50.10738],[12.57986,50.10904],[12.57969,50.10968],[12.5799,50.11013],[12.58144,50.11097],[12.58248,50.11269],[12.58232,50.11368],[12.58191,50.11409],[12.57801,50.11549],[12.57796,50.11676],[12.57842,50.11741],[12.57737,50.11752],[12.57748,50.1178],[12.57814,50.11777],[12.57796,50.11816],[12.57819,50.1184],[12.57774,50.11881],[12.5898,50.12486],[12.59985,50.13407],[12.61077,50.14068],[12.60885,50.14243],[12.6086,50.14227],[12.60802,50.14068],[12.60656,50.14016],[12.60584,50.1406],[12.60531,50.14054],[12.60487,50.1409],[12.60501,50.14113],[12.60415,50.14141],[12.60444,50.1417],[12.60518,50.14152],[12.60512,50.1419],[12.60534,50.14204],[12.60518,50.14232],[12.60366,50.14265],[12.6027,50.14253],[12.60094,50.14283],[12.59981,50.14245],[12.59913,50.14171],[12.59943,50.14159],[12.59883,50.14131],[12.5981,50.14176],[12.59985,50.14287],[12.59951,50.14346],[12.60276,50.14452],[12.60424,50.14549],[12.60537,50.14728],[12.60537,50.14971],[12.60573,50.15091],[12.60813,50.15327],[12.61086,50.15477],[12.61267,50.15868],[12.61574,50.15766],[12.61594,50.15786],[12.61547,50.15805],[12.61611,50.15835],[12.61803,50.16031],[12.61902,50.16045],[12.61898,50.16106],[12.62181,50.16203],[12.62459,50.16154],[12.63079,50.16204],[12.63083,50.16119],[12.63246,50.15888],[12.63263,50.15793],[12.63394,50.15727],[12.63658,50.15791],[12.63985,50.14862],[12.64491,50.1504],[12.65235,50.15083],[12.65545,50.15124],[12.65975,50.14813],[12.66082,50.14878],[12.66247,50.14715],[12.66537,50.14844],[12.66845,50.14838],[12.66995,50.14872],[12.6706,50.14736],[12.67195,50.14619],[12.67267,50.14506],[12.67322,50.14467],[12.67508,50.14437],[12.67624,50.14475],[12.677,50.14445],[12.67771,50.14496],[12.67786,50.14294],[12.67726,50.1422],[12.67712,50.14094],[12.67802,50.14113],[12.67891,50.14237],[12.68021,50.14204],[12.68047,50.14364],[12.68132,50.14456],[12.68199,50.1449],[12.68286,50.14475],[12.68324,50.14414],[12.68323,50.1437],[12.68545,50.14458],[12.6873,50.145],[12.69267,50.14364],[12.69382,50.14304],[12.6963,50.14272],[12.69673,50.14083],[12.69722,50.13993],[12.69864,50.13918],[12.69843,50.13979],[12.69799,50.14003],[12.69802,50.14094],[12.69772,50.14117],[12.69771,50.1419],[12.69857,50.14229],[12.69844,50.14261],[12.69944,50.14323],[12.69945,50.14269],[12.69854,50.14084],[12.6994,50.13998],[12.69977,50.13872],[12.69867,50.1372],[12.69854,50.13342],[12.69767,50.13213],[12.69711,50.13194],[12.69683,50.13135],[12.69747,50.12951],[12.69648,50.12822],[12.69641,50.1277],[12.69547,50.12602],[12.69465,50.12558],[12.69484,50.12527],[12.69572,50.12489],[12.69588,50.12434],[12.69205,50.12214],[12.69191,50.12175],[12.691,50.12128],[12.68978,50.12107],[12.68903,50.12048],[12.68874,50.11964],[12.68951,50.11837],[12.68875,50.11745],[12.68826,50.1173],[12.68791,50.11643],[12.68626,50.1161],[12.68554,50.11633],[12.68432,50.11613],[12.6835,50.11629],[12.68291,50.11595],[12.68238,50.11604],[12.68136,50.11566],[12.68086,50.1153],[12.68018,50.11525],[12.67938,50.11476],[12.67776,50.11473],[12.67471,50.11585],[12.67346,50.11605],[12.67225,50.11593],[12.6699,50.1167],[12.66792,50.11705],[12.66612,50.11845],[12.66398,50.11964],[12.66155,50.11972],[12.66091,50.12142],[12.65844,50.11867],[12.65495,50.11733],[12.65418,50.11677],[12.65297,50.11645],[12.6517,50.11691],[12.64914,50.1158],[12.64453,50.11764],[12.64446,50.1173],[12.64347,50.11645],[12.64112,50.11652],[12.6409,50.117],[12.64044,50.11633],[12.63799,50.11583],[12.63806,50.11528],[12.63633,50.11287],[12.63531,50.11292],[12.63468,50.11219],[12.63273,50.11227],[12.63332,50.11089],[12.63445,50.11084],[12.63477,50.11061],[12.6353,50.10929],[12.63497,50.10914],[12.63507,50.10903],[12.63666,50.10872],[12.63775,50.10787],[12.63873,50.10661],[12.63977,50.10587],[12.64016,50.10509],[12.64047,50.10352],[12.64369,50.09869],[12.64365,50.0982],[12.64169,50.09754],[12.64149,50.09574],[12.64343,50.09327],[12.6442,50.08966],[12.64378,50.08833],[12.64416,50.08707],[12.64587,50.08459],[12.64585,50.08329],[12.64642,50.0812],[12.64634,50.08052],[12.64692,50.07944],[12.64716,50.0783],[12.64765,50.07827],[12.64719,50.07748],[12.6475,50.07709],[12.64513,50.07714],[12.64542,50.07693],[12.64506,50.07684],[12.64553,50.07616],[12.64695,50.07605],[12.64674,50.07513],[12.64597,50.07427],[12.64568,50.07336],[12.64518,50.07276],[12.64528,50.0725],[12.64415,50.07166],[12.64406,50.0711],[12.64304,50.07047],[12.64197,50.07026],[12.64232,50.06898],[12.64191,50.0678],[12.64197,50.06736],[12.64236,50.06736],[12.64238,50.06761],[12.64383,50.06748],[12.64405,50.06573],[12.64311,50.06563],[12.64184,50.06426],[12.64153,50.06354],[12.64051,50.06263],[12.63833,50.06187],[12.63815,50.06059],[12.63787,50.06038],[12.63752,50.05937],[12.63869,50.05931],[12.63905,50.05811],[12.63838,50.05807],[12.63797,50.05743],[12.63791,50.05718],[12.6381,50.05712],[12.63671,50.05695],[12.63678,50.05718],[12.63589,50.05726],[12.63596,50.0577],[12.63563,50.05815],[12.63389,50.05782],[12.63254,50.05676],[12.63029,50.05789],[12.62851,50.05689],[12.62995,50.05454],[12.62971,50.05471],[12.62838,50.05448],[12.6264,50.05485],[12.62593,50.05303],[12.62499,50.05224],[12.6237,50.05184],[12.62058,50.05164]]]}},{"type":"Feature","properties":{"name":"555703"},"geometry":{"type":"Polygon","coordinates":[[[13.00848,50.29188],[13.01052,50.29217],[13.01138,50.29194],[13.01258,50.29104],[13.01383,50.2907],[13.01497,50.29142],[13.01511,50.29212],[13.01618,50.29227],[13.0158,50.29083],[13.01544,50.29039],[13.01392,50.28961],[13.01552,50.28927],[13.01431,50.28771],[13.01303,50.28671],[13.0127,50.2859],[13.01312,50.28575],[13.01317,50.28516],[13.01296,50.28492],[13.01379,50.28459],[13.01393,50.28414],[13.01785,50.28376],[13.01903,50.28195],[13.0183,50.28165],[13.01663,50.27926],[13.01763,50.27891],[13.01601,50.27919],[13.01504,50.27833],[13.01518,50.2781],[13.01422,50.27692],[13.01442,50.27689],[13.01359,50.27675],[13.01248,50.27701],[13.01184,50.2776],[13.01151,50.27728],[13.01046,50.27574],[13.00975,50.27536],[13.00992,50.27461],[13.00962,50.27449],[13.0098,50.27391],[13.0108,50.27329],[13.0107,50.2731],[13.0078,50.27389],[13.0061,50.27483],[13.00459,50.27517],[13.00241,50.2764],[13.00075,50.27674],[12.99936,50.27774],[12.9994,50.27827],[12.99838,50.27938],[12.99821,50.28057],[12.99757,50.28051],[12.99602,50.28111],[12.9939,50.28088],[12.99169,50.28131],[12.99214,50.2832],[12.99371,50.28345],[12.99577,50.28337],[12.99625,50.28547],[12.99584,50.28552],[12.99447,50.28735],[12.99573,50.28755],[12.99581,50.2878],[12.99711,50.28844],[12.99861,50.28885],[12.99927,50.28945],[13.00201,50.29019],[13.0037,50.29133],[13.00491,50.29294],[13.00596,50.29355],[13.00634,50.29342],[13.00657,50.29282],[13.00775,50.29274],[13.00813,50.29251],[13.00848,50.29188]]]}},{"type":"Feature","properties":{"name":"538019"},"geometry":{"type":"Polygon","coordinates":[[[12.71563,50.3009],[12.72177,50.29841],[12.72576,50.29585],[12.72728,50.29461],[12.73014,50.29346],[12.73156,50.29314],[12.73306,50.29386],[12.73423,50.29407],[12.73311,50.2925],[12.73308,50.29205],[12.73236,50.29077],[12.73257,50.29029],[12.73204,50.29023],[12.73218,50.28999],[12.73644,50.28774],[12.73742,50.28686],[12.7386,50.28667],[12.74157,50.28454],[12.74222,50.28382],[12.74352,50.28359],[12.74452,50.28305],[12.74618,50.28148],[12.74882,50.27998],[12.749,50.27854],[12.75016,50.27741],[12.74608,50.2764],[12.7462,50.27627],[12.7446,50.27519],[12.73927,50.27316],[12.73845,50.27366],[12.73604,50.27366],[12.73412,50.27394],[12.73377,50.27313],[12.73307,50.27359],[12.73064,50.27338],[12.72648,50.27427],[12.72512,50.27371],[12.72483,50.27317],[12.72572,50.27246],[12.7261,50.27128],[12.72407,50.27048],[12.72259,50.27049],[12.72245,50.26933],[12.7221,50.26908],[12.72209,50.26962],[12.7205,50.27219],[12.72051,50.27262],[12.72086,50.2736],[12.72096,50.27521],[12.72189,50.27593],[12.72169,50.2764],[12.72229,50.27706],[12.72218,50.27843],[12.72304,50.27921],[12.72317,50.27981],[12.72164,50.27987],[12.71943,50.27912],[12.71792,50.27937],[12.71673,50.27915],[12.71635,50.27966],[12.7157,50.27991],[12.71548,50.28058],[12.71503,50.28103],[12.71439,50.28108],[12.71292,50.28043],[12.71235,50.28044],[12.70914,50.28163],[12.70767,50.28312],[12.70481,50.28359],[12.70224,50.28672],[12.70124,50.28748],[12.70065,50.28868],[12.69738,50.2907],[12.69716,50.2916],[12.69588,50.29269],[12.6959,50.29342],[12.69622,50.29394],[12.69237,50.29682],[12.6913,50.29713],[12.69048,50.2971],[12.69112,50.29715],[12.6938,50.29824],[12.69528,50.29943],[12.69698,50.30032],[12.7001,50.30251],[12.70277,50.3032],[12.70724,50.30219],[12.71563,50.3009]]]}},{"type":"Feature","properties":{"name":"555444"},"geometry":{"type":"Polygon","coordinates":[[[12.9224,50.02185],[12.92338,50.02071],[12.92611,50.0197],[12.92626,50.01819],[12.92658,50.01777],[12.92514,50.01656],[12.92262,50.01568],[12.92275,50.01495],[12.92314,50.01448],[12.92028,50.01417],[12.91836,50.01317],[12.91651,50.01253],[12.91558,50.01182],[12.91588,50.01109],[12.9155,50.01092],[12.91167,50.01001],[12.91004,50.00909],[12.90751,50.00958],[12.90605,50.00913],[12.90547,50.00946],[12.90276,50.00978],[12.89618,50.01138],[12.893,50.01094],[12.88946,50.01088],[12.88562,50.00848],[12.88145,50.00724],[12.87616,50.005],[12.87498,50.00493],[12.87444,50.00436],[12.87325,50.0057],[12.87344,50.00612],[12.87417,50.00536],[12.87545,50.00637],[12.87511,50.00681],[12.87465,50.00689],[12.87417,50.00838],[12.87385,50.00843],[12.87312,50.01011],[12.87312,50.0124],[12.87213,50.01361],[12.872,50.01472],[12.87168,50.01521],[12.87178,50.01677],[12.87102,50.01771],[12.8705,50.02035],[12.87007,50.02141],[12.86893,50.02273],[12.86307,50.0245],[12.86096,50.02645],[12.85992,50.02596],[12.85893,50.02665],[12.85619,50.02726],[12.85598,50.02749],[12.85725,50.02842],[12.85687,50.02869],[12.85576,50.02783],[12.85582,50.02757],[12.85427,50.02773],[12.85151,50.0285],[12.85135,50.02886],[12.84779,50.02928],[12.84762,50.0296],[12.84001,50.03203],[12.83932,50.03069],[12.83896,50.03049],[12.8373,50.03144],[12.83471,50.03216],[12.82976,50.03561],[12.82982,50.03595],[12.83156,50.0366],[12.83012,50.03693],[12.82884,50.03823],[12.82783,50.03861],[12.8276,50.03986],[12.82631,50.04125],[12.8256,50.04135],[12.8236,50.04095],[12.82277,50.04149],[12.82267,50.04179],[12.82307,50.0424],[12.82765,50.04407],[12.8279,50.04453],[12.8262,50.04507],[12.82457,50.0442],[12.82395,50.04412],[12.82295,50.04438],[12.8224,50.04485],[12.82218,50.04542],[12.82256,50.0466],[12.82571,50.04786],[12.8252,50.04883],[12.82711,50.04964],[12.82753,50.05008],[12.82723,50.05043],[12.82651,50.05058],[12.82463,50.05021],[12.82384,50.05028],[12.82321,50.05043],[12.82272,50.05108],[12.82516,50.05277],[12.82725,50.05492],[12.82903,50.05534],[12.83226,50.05498],[12.83294,50.05465],[12.83466,50.05583],[12.83552,50.05466],[12.83661,50.0543],[12.83756,50.05505],[12.83807,50.05605],[12.839,50.05674],[12.83957,50.05782],[12.84044,50.05837],[12.84184,50.05855],[12.84189,50.05885],[12.84312,50.05955],[12.84327,50.06031],[12.84382,50.06112],[12.84157,50.06078],[12.84113,50.06164],[12.84071,50.06193],[12.84118,50.06357],[12.84251,50.0641],[12.84417,50.06419],[12.84827,50.06383],[12.84968,50.06409],[12.85074,50.06483],[12.85188,50.06485],[12.85406,50.06479],[12.85509,50.0643],[12.85585,50.06425],[12.86329,50.06444],[12.86476,50.06458],[12.86672,50.0661],[12.86976,50.0664],[12.87193,50.06519],[12.87263,50.06439],[12.8734,50.06454],[12.87168,50.06632],[12.87154,50.06666],[12.87172,50.06699],[12.8714,50.06755],[12.87323,50.06829],[12.87554,50.06848],[12.87821,50.06753],[12.88283,50.06844],[12.88641,50.06829],[12.88784,50.06797],[12.89029,50.06828],[12.89129,50.06809],[12.89209,50.06688],[12.89229,50.06604],[12.89313,50.06504],[12.89576,50.06346],[12.89542,50.06279],[12.89574,50.06255],[12.89729,50.06219],[12.89721,50.0616],[12.89683,50.06122],[12.89698,50.0603],[12.89681,50.05884],[12.89768,50.05874],[12.89952,50.05899],[12.90092,50.0588],[12.90129,50.05896],[12.90177,50.05838],[12.90288,50.05775],[12.90544,50.05701],[12.90952,50.05493],[12.91043,50.05419],[12.91131,50.05301],[12.91656,50.05014],[12.91834,50.04877],[12.91969,50.04721],[12.92154,50.04404],[12.92784,50.04302],[12.93309,50.04303],[12.93565,50.04278],[12.93929,50.04296],[12.93899,50.04072],[12.93916,50.03876],[12.93818,50.03848],[12.93886,50.03614],[12.94019,50.0336],[12.94221,50.03311],[12.94937,50.03258],[12.9486,50.03083],[12.94846,50.02826],[12.94891,50.0272],[12.94856,50.0238],[12.94869,50.02278],[12.94785,50.02281],[12.94551,50.0222],[12.94236,50.02254],[12.93846,50.02352],[12.9377,50.02482],[12.93556,50.0254],[12.93473,50.02537],[12.93284,50.02524],[12.93017,50.02447],[12.9224,50.02185]]]}},{"type":"Feature","properties":{"name":"537845"},"geometry":{"type":"Polygon","coordinates":[[[12.84675,50.16374],[12.84582,50.1629],[12.84333,50.16165],[12.84246,50.16132],[12.8418,50.16135],[12.84104,50.16028],[12.8406,50.1601],[12.84506,50.15768],[12.84655,50.15611],[12.84654,50.15518],[12.84585,50.15431],[12.84267,50.15317],[12.84224,50.15338],[12.84087,50.15293],[12.84025,50.15229],[12.84006,50.1509],[12.83915,50.14972],[12.84309,50.14981],[12.84314,50.14919],[12.84147,50.14857],[12.84143,50.14804],[12.83875,50.14715],[12.84047,50.14512],[12.84014,50.14498],[12.84099,50.1441],[12.8421,50.1443],[12.84209,50.1445],[12.84273,50.14469],[12.84323,50.14466],[12.84424,50.14404],[12.84576,50.14438],[12.84561,50.14388],[12.84642,50.14312],[12.84615,50.14188],[12.84791,50.13964],[12.84956,50.13977],[12.85203,50.13909],[12.85264,50.1396],[12.85264,50.14012],[12.85344,50.14002],[12.8536,50.13949],[12.85429,50.13877],[12.85579,50.13911],[12.8575,50.13877],[12.85778,50.13847],[12.85725,50.1377],[12.8573,50.13691],[12.86004,50.13667],[12.86165,50.13578],[12.86277,50.13554],[12.86624,50.1339],[12.86738,50.13275],[12.86922,50.13183],[12.86958,50.13109],[12.86914,50.13037],[12.86927,50.13006],[12.86967,50.12967],[12.87072,50.1293],[12.87042,50.12785],[12.87009,50.12708],[12.8697,50.1269],[12.8705,50.12693],[12.87051,50.12623],[12.87229,50.12715],[12.87251,50.12735],[12.8721,50.12812],[12.87231,50.12811],[12.87189,50.12935],[12.87318,50.13118],[12.87308,50.13159],[12.87342,50.13248],[12.87285,50.13483],[12.87149,50.13557],[12.86974,50.13717],[12.86982,50.13737],[12.86945,50.1377],[12.86938,50.13994],[12.86738,50.14107],[12.86587,50.14137],[12.86474,50.14127],[12.86427,50.14262],[12.86379,50.14288],[12.86443,50.14368],[12.86604,50.14448],[12.86679,50.1446],[12.86757,50.14522],[12.86728,50.1457],[12.86563,50.14648],[12.8655,50.14686],[12.86721,50.14784],[12.86696,50.14886],[12.86377,50.14929],[12.86537,50.14976],[12.86612,50.14966],[12.86701,50.15004],[12.86545,50.15033],[12.86407,50.15146],[12.86367,50.1523],[12.86379,50.15276],[12.86743,50.15229],[12.86723,50.15323],[12.86646,50.15456],[12.86719,50.1549],[12.86777,50.15655],[12.86815,50.15676],[12.86825,50.15748],[12.86788,50.15786],[12.86571,50.15793],[12.86316,50.15756],[12.86249,50.15816],[12.85988,50.15851],[12.85632,50.15824],[12.85587,50.15903],[12.85523,50.15902],[12.85415,50.15969],[12.85429,50.16021],[12.85501,50.16081],[12.85462,50.16193],[12.85516,50.16191],[12.85502,50.16218],[12.85573,50.16286],[12.84851,50.1632],[12.84675,50.16374]]]}},{"type":"Feature","properties":{"name":"577979"},"geometry":{"type":"Polygon","coordinates":[[[12.29958,50.12674],[12.2969,50.12646],[12.29217,50.12722],[12.2889,50.12699],[12.2889,50.12381],[12.29092,50.12385],[12.28999,50.12185],[12.28876,50.12215],[12.28517,50.12235],[12.27671,50.12243],[12.27267,50.12397],[12.26941,50.12428],[12.26931,50.12467],[12.26731,50.12712],[12.26659,50.12742],[12.26555,50.12844],[12.26308,50.12913],[12.26268,50.12938],[12.26281,50.1297],[12.26017,50.13017],[12.26046,50.13068],[12.26001,50.13408],[12.26431,50.13368],[12.26556,50.1341],[12.26871,50.13311],[12.27054,50.13369],[12.27181,50.13349],[12.2732,50.13393],[12.27263,50.13472],[12.27239,50.13675],[12.27316,50.13921],[12.27289,50.14074],[12.28036,50.13928],[12.28111,50.13968],[12.28089,50.14089],[12.28042,50.14127],[12.28082,50.14151],[12.28068,50.14187],[12.27873,50.14278],[12.27854,50.143],[12.27853,50.14423],[12.27763,50.145],[12.27828,50.14572],[12.27972,50.14654],[12.28144,50.14705],[12.2811,50.14742],[12.28391,50.14872],[12.28595,50.14935],[12.28498,50.15052],[12.28665,50.15091],[12.28688,50.15024],[12.28823,50.15062],[12.28723,50.15299],[12.28842,50.15291],[12.28826,50.15335],[12.29133,50.15403],[12.29174,50.15376],[12.29213,50.15248],[12.29591,50.14897],[12.29846,50.14723],[12.30269,50.14527],[12.30185,50.14468],[12.30447,50.14373],[12.30523,50.14276],[12.30594,50.14124],[12.30489,50.14143],[12.30817,50.14045],[12.31562,50.13931],[12.31511,50.13905],[12.31757,50.1366],[12.3183,50.13626],[12.31731,50.1354],[12.31627,50.13489],[12.31622,50.13559],[12.31483,50.13581],[12.31339,50.13545],[12.31347,50.13646],[12.31274,50.13688],[12.31283,50.13707],[12.309,50.13802],[12.30613,50.1381],[12.30561,50.13769],[12.30521,50.13799],[12.30457,50.13805],[12.30454,50.13775],[12.30387,50.13753],[12.30256,50.1375],[12.3027,50.1369],[12.303,50.1367],[12.30224,50.13613],[12.30359,50.13574],[12.30616,50.13407],[12.30509,50.13399],[12.30529,50.13366],[12.30514,50.13213],[12.30487,50.13168],[12.30503,50.131],[12.30866,50.13069],[12.3093,50.13055],[12.30951,50.13015],[12.31023,50.13004],[12.31092,50.12942],[12.31125,50.12808],[12.3121,50.12708],[12.30813,50.12598],[12.30691,50.12607],[12.30587,50.12378],[12.30464,50.12427],[12.30418,50.1247],[12.30301,50.12473],[12.30309,50.12537],[12.30235,50.12556],[12.30194,50.1254],[12.30203,50.12519],[12.30158,50.12522],[12.30122,50.12533],[12.30103,50.12591],[12.29972,50.12642],[12.29958,50.12674]]]}},{"type":"Feature","properties":{"name":"555525"},"geometry":{"type":"Polygon","coordinates":[[[13.23882,50.03205],[13.23937,50.03076],[13.23852,50.03009],[13.24023,50.02872],[13.24045,50.02791],[13.24237,50.0263],[13.24249,50.02576],[13.24205,50.02396],[13.2412,50.02378],[13.23969,50.02398],[13.2387,50.02371],[13.23474,50.02104],[13.23136,50.01711],[13.22937,50.01345],[13.2296,50.0123],[13.23033,50.01182],[13.23093,50.01025],[13.23061,50.00889],[13.23137,50.00632],[13.23155,50.00428],[13.23196,50.00347],[13.23312,50.00247],[13.23299,50.00214],[13.23485,50.00101],[13.23575,49.99974],[13.23522,49.9982],[13.23344,49.99674],[13.23184,49.99606],[13.22935,49.99563],[13.22645,49.99584],[13.22596,49.99568],[13.22271,49.99676],[13.21768,49.99735],[13.21754,49.99783],[13.21582,49.998],[13.21588,49.99816],[13.21161,49.99847],[13.20995,49.99881],[13.20831,49.99952],[13.20596,50.00011],[13.20451,50.00079],[13.2047,50.00109],[13.20233,50.00198],[13.20126,50.00289],[13.2007,50.00274],[13.20022,50.00293],[13.19903,50.00382],[13.1971,50.00582],[13.19481,50.00754],[13.18787,50.00995],[13.18578,50.01149],[13.18447,50.01311],[13.18464,50.0152],[13.1855,50.01642],[13.18577,50.01745],[13.1851,50.01716],[13.18277,50.01701],[13.1819,50.01804],[13.18189,50.01852],[13.18238,50.01888],[13.18173,50.01981],[13.18419,50.02076],[13.18571,50.01939],[13.18672,50.01927],[13.18783,50.02043],[13.18949,50.02123],[13.19125,50.02173],[13.18988,50.02214],[13.1889,50.02192],[13.18956,50.02282],[13.18999,50.02426],[13.18933,50.02492],[13.18849,50.02675],[13.18815,50.02691],[13.18577,50.02683],[13.18163,50.02953],[13.17924,50.02892],[13.17883,50.02891],[13.17875,50.02912],[13.17642,50.02903],[13.1763,50.03033],[13.17592,50.03037],[13.17411,50.02981],[13.17392,50.0292],[13.17211,50.02926],[13.17218,50.02965],[13.17143,50.0296],[13.17204,50.03165],[13.17314,50.03282],[13.17396,50.03423],[13.183,50.0344],[13.18332,50.03527],[13.18486,50.03474],[13.18573,50.03475],[13.18573,50.03578],[13.18698,50.03694],[13.18612,50.03742],[13.18351,50.03747],[13.1831,50.03755],[13.183,50.03784],[13.18166,50.03814],[13.17797,50.03818],[13.17593,50.03758],[13.17586,50.03961],[13.17408,50.04193],[13.17287,50.04318],[13.17036,50.04363],[13.16744,50.04316],[13.16361,50.04306],[13.16309,50.04169],[13.16144,50.04064],[13.16129,50.03986],[13.15951,50.03815],[13.1585,50.03648],[13.1533,50.0388],[13.1534,50.0394],[13.15736,50.04056],[13.15688,50.04206],[13.15621,50.04306],[13.15532,50.04259],[13.15412,50.04234],[13.15383,50.04276],[13.15253,50.04298],[13.15177,50.04357],[13.15172,50.04425],[13.15113,50.04524],[13.15194,50.04717],[13.15299,50.04807],[13.15132,50.04879],[13.15095,50.0486],[13.14942,50.04902],[13.14876,50.04974],[13.14825,50.04966],[13.14813,50.04946],[13.14839,50.04944],[13.14832,50.04925],[13.14774,50.04916],[13.14804,50.04914],[13.14782,50.04887],[13.14845,50.04877],[13.14812,50.04858],[13.14826,50.04844],[13.14794,50.04781],[13.14819,50.04762],[13.14788,50.04762],[13.14792,50.0474],[13.14738,50.04707],[13.14777,50.04697],[13.1477,50.0468],[13.14707,50.04667],[13.14746,50.04659],[13.14768,50.0461],[13.14645,50.04594],[13.14666,50.04579],[13.14678,50.04596],[13.14696,50.04562],[13.14629,50.04563],[13.14614,50.04539],[13.14649,50.04521],[13.14627,50.04518],[13.14617,50.04484],[13.14566,50.04523],[13.14562,50.04491],[13.14538,50.0451],[13.14491,50.0449],[13.14538,50.04453],[13.14458,50.04479],[13.14423,50.04449],[13.14368,50.04479],[13.14269,50.04471],[13.14226,50.04457],[13.14238,50.04443],[13.14209,50.04408],[13.14019,50.04351],[13.13907,50.04354],[13.13864,50.04377],[13.13803,50.04341],[13.13614,50.04377],[13.13566,50.04334],[13.13523,50.04384],[13.13474,50.04373],[13.13455,50.0442],[13.13689,50.04465],[13.13706,50.04529],[13.1378,50.04623],[13.13661,50.04709],[13.13438,50.04818],[13.13494,50.04866],[13.13318,50.04986],[13.13187,50.05123],[13.13172,50.05149],[13.13196,50.05158],[13.13104,50.05291],[13.13054,50.05271],[13.13022,50.05427],[13.13133,50.05426],[13.13081,50.05569],[13.13074,50.05609],[13.13106,50.05616],[13.13079,50.05732],[13.12992,50.05732],[13.12984,50.05812],[13.12942,50.05863],[13.1302,50.05908],[13.13016,50.05991],[13.12781,50.0603],[13.12764,50.06134],[13.12823,50.06205],[13.12715,50.0623],[13.12696,50.06252],[13.12748,50.06281],[13.12591,50.06348],[13.12574,50.06329],[13.12344,50.06431],[13.12592,50.06513],[13.12631,50.06589],[13.12692,50.06618],[13.1264,50.06746],[13.12368,50.06913],[13.12277,50.06912],[13.11964,50.07035],[13.11727,50.07039],[13.11714,50.0725],[13.11591,50.0736],[13.11638,50.07369],[13.11756,50.07297],[13.11891,50.0729],[13.1199,50.07439],[13.11787,50.07436],[13.11788,50.07525],[13.11864,50.07635],[13.12054,50.07636],[13.12332,50.0768],[13.12441,50.07665],[13.12547,50.07613],[13.12838,50.07571],[13.12921,50.07491],[13.13045,50.07514],[13.13009,50.07433],[13.13177,50.07407],[13.1325,50.07436],[13.13466,50.07438],[13.13618,50.07484],[13.13656,50.0751],[13.13515,50.07599],[13.13529,50.07671],[13.13503,50.07692],[13.1322,50.07766],[13.13183,50.07837],[13.13216,50.07909],[13.1344,50.07896],[13.13473,50.07982],[13.13547,50.08015],[13.13615,50.08041],[13.13853,50.08064],[13.14126,50.07959],[13.14117,50.08004],[13.14019,50.08103],[13.14002,50.08175],[13.14012,50.08212],[13.14081,50.08275],[13.14169,50.08235],[13.14137,50.08169],[13.14499,50.08225],[13.14462,50.08176],[13.14603,50.0818],[13.14822,50.08139],[13.14884,50.08107],[13.14854,50.08056],[13.14838,50.07888],[13.14894,50.07829],[13.15055,50.07752],[13.15046,50.07711],[13.15125,50.07636],[13.15203,50.07316],[13.1515,50.07245],[13.1557,50.07293],[13.15575,50.07371],[13.1555,50.07415],[13.159,50.0757],[13.16038,50.07593],[13.16244,50.07589],[13.1636,50.07637],[13.16344,50.0757],[13.1637,50.07557],[13.16604,50.07517],[13.16596,50.07624],[13.172,50.07541],[13.17238,50.0751],[13.17357,50.07511],[13.17351,50.07598],[13.17451,50.07602],[13.17463,50.0757],[13.17553,50.07527],[13.17865,50.07532],[13.17983,50.07508],[13.18094,50.07398],[13.18543,50.07471],[13.186,50.07541],[13.18699,50.07592],[13.19132,50.07767],[13.19176,50.07709],[13.19368,50.07712],[13.19607,50.07763],[13.19623,50.07811],[13.19651,50.07821],[13.19714,50.07695],[13.19759,50.07659],[13.19828,50.07494],[13.19883,50.07483],[13.19854,50.0736],[13.1994,50.07298],[13.20018,50.07338],[13.20124,50.07266],[13.20027,50.07214],[13.20127,50.07136],[13.20456,50.07122],[13.20539,50.07091],[13.20858,50.07064],[13.20853,50.06994],[13.21031,50.07011],[13.21036,50.06925],[13.21075,50.06922],[13.2107,50.06904],[13.21271,50.06913],[13.21273,50.06829],[13.21376,50.06837],[13.21394,50.0675],[13.2133,50.06738],[13.21337,50.06707],[13.21412,50.06717],[13.21423,50.06691],[13.21074,50.0663],[13.2111,50.06518],[13.21255,50.06473],[13.21797,50.06509],[13.21785,50.06686],[13.22027,50.06708],[13.22001,50.0673],[13.22258,50.06716],[13.22258,50.06676],[13.22417,50.06696],[13.22446,50.06725],[13.22624,50.06729],[13.2274,50.06893],[13.22787,50.06892],[13.22834,50.06983],[13.2367,50.06987],[13.23703,50.06986],[13.23703,50.06959],[13.24261,50.06946],[13.24261,50.06837],[13.24311,50.06761],[13.24392,50.0678],[13.2451,50.06573],[13.24637,50.06628],[13.24721,50.06564],[13.24913,50.06505],[13.24938,50.06475],[13.25367,50.06401],[13.25448,50.06352],[13.25717,50.06348],[13.25741,50.06364],[13.2604,50.06343],[13.2605,50.06283],[13.26262,50.06267],[13.26449,50.06305],[13.26567,50.06282],[13.26653,50.06309],[13.26735,50.06376],[13.26796,50.06473],[13.26869,50.06381],[13.2707,50.06223],[13.27095,50.06186],[13.27078,50.06146],[13.27102,50.0612],[13.27243,50.06057],[13.2741,50.06101],[13.27614,50.06203],[13.27694,50.0599],[13.27737,50.06001],[13.27772,50.05956],[13.27687,50.05948],[13.27757,50.05908],[13.27765,50.05853],[13.27888,50.0567],[13.28018,50.05535],[13.28041,50.05444],[13.28136,50.05399],[13.28038,50.05245],[13.27986,50.05225],[13.27868,50.05261],[13.27759,50.05257],[13.27676,50.05299],[13.27379,50.05367],[13.27068,50.05359],[13.26513,50.05238],[13.26512,50.0512],[13.26354,50.05155],[13.25821,50.05123],[13.25769,50.05134],[13.25705,50.0525],[13.25716,50.05184],[13.25591,50.05136],[13.25415,50.05108],[13.25585,50.04698],[13.25421,50.04665],[13.25295,50.04591],[13.25166,50.04566],[13.24838,50.0456],[13.24829,50.04667],[13.2479,50.04715],[13.2491,50.04823],[13.24852,50.04968],[13.24892,50.04974],[13.24885,50.04994],[13.24744,50.0498],[13.24779,50.04889],[13.24782,50.04758],[13.24679,50.04674],[13.24213,50.04707],[13.2389,50.04864],[13.23792,50.04889],[13.23082,50.04926],[13.23181,50.04844],[13.23506,50.04686],[13.2342,50.04596],[13.23383,50.04516],[13.23182,50.04568],[13.23144,50.04465],[13.23104,50.04428],[13.23004,50.0447],[13.22939,50.04374],[13.22807,50.04295],[13.22783,50.04231],[13.2288,50.04158],[13.23308,50.04146],[13.23333,50.04176],[13.23543,50.04148],[13.23537,50.04084],[13.23856,50.03939],[13.23983,50.03847],[13.23908,50.03801],[13.23603,50.03721],[13.23804,50.03585],[13.23925,50.03273],[13.23853,50.03268],[13.23852,50.03214],[13.23882,50.03205]]]}},{"type":"Feature","properties":{"name":"560286"},"geometry":{"type":"Polygon","coordinates":[[[12.64992,50.16881],[12.6442,50.17006],[12.64449,50.17035],[12.64334,50.1705],[12.64247,50.17022],[12.64202,50.16923],[12.6423,50.1687],[12.64056,50.1672],[12.63849,50.16609],[12.638,50.16608],[12.63742,50.1655],[12.63665,50.16584],[12.63653,50.16537],[12.63557,50.16438],[12.6347,50.16416],[12.63312,50.16267],[12.63209,50.16221],[12.62426,50.16155],[12.62236,50.16204],[12.62109,50.16185],[12.61769,50.16297],[12.61843,50.16418],[12.61917,50.16613],[12.62074,50.16797],[12.62145,50.16958],[12.62141,50.17081],[12.62084,50.17201],[12.61929,50.17401],[12.6182,50.17419],[12.6193,50.17637],[12.61979,50.1769],[12.62408,50.17919],[12.62668,50.17978],[12.62794,50.18039],[12.63338,50.18326],[12.63455,50.18435],[12.63743,50.185],[12.63575,50.18545],[12.63584,50.18614],[12.63566,50.18639],[12.63624,50.18731],[12.6365,50.18733],[12.63621,50.18762],[12.63635,50.18771],[12.63533,50.18855],[12.63606,50.18872],[12.63505,50.18953],[12.63568,50.18997],[12.63936,50.18973],[12.64445,50.18985],[12.64732,50.19129],[12.64823,50.19153],[12.64848,50.19134],[12.64904,50.19213],[12.65063,50.19281],[12.65171,50.19359],[12.65289,50.19507],[12.65541,50.19507],[12.65572,50.19423],[12.65553,50.19354],[12.65605,50.19266],[12.65649,50.19094],[12.65572,50.19002],[12.6545,50.19004],[12.65406,50.18976],[12.65416,50.18931],[12.65564,50.18955],[12.655,50.18876],[12.65561,50.18819],[12.65613,50.18868],[12.65797,50.18919],[12.65982,50.1893],[12.66218,50.189],[12.66547,50.18954],[12.66668,50.18924],[12.66768,50.18854],[12.66818,50.18733],[12.67158,50.1836],[12.67291,50.18313],[12.67408,50.18193],[12.67108,50.18064],[12.67401,50.17817],[12.67366,50.17768],[12.67412,50.17695],[12.67603,50.17731],[12.67716,50.1771],[12.67799,50.17752],[12.67831,50.17705],[12.68067,50.17671],[12.68878,50.18333],[12.69008,50.18408],[12.69158,50.18425],[12.69244,50.18379],[12.6927,50.18301],[12.69288,50.18305],[12.69345,50.18244],[12.69361,50.18179],[12.69358,50.18112],[12.6925,50.18059],[12.69289,50.18011],[12.69228,50.17873],[12.69259,50.17793],[12.69235,50.1779],[12.69226,50.1774],[12.69353,50.17701],[12.69431,50.17603],[12.69299,50.17544],[12.69422,50.17184],[12.69778,50.17151],[12.69833,50.17039],[12.70049,50.16827],[12.70226,50.16916],[12.70697,50.16833],[12.70714,50.16861],[12.70783,50.16861],[12.7082,50.16973],[12.70879,50.17033],[12.70939,50.16999],[12.70926,50.16915],[12.71018,50.16868],[12.71116,50.16905],[12.71152,50.16889],[12.71097,50.16754],[12.71204,50.16682],[12.71321,50.16669],[12.71698,50.16772],[12.71629,50.16666],[12.71787,50.1658],[12.71865,50.16572],[12.71872,50.16538],[12.71917,50.16515],[12.72035,50.1649],[12.72098,50.16451],[12.72105,50.16404],[12.72156,50.16433],[12.72277,50.16441],[12.72412,50.16501],[12.72441,50.16539],[12.72607,50.16601],[12.72597,50.16569],[12.72632,50.1651],[12.72657,50.16365],[12.72801,50.16268],[12.73227,50.16321],[12.73234,50.16187],[12.73343,50.16102],[12.73405,50.16079],[12.73533,50.16125],[12.73614,50.16119],[12.73857,50.16027],[12.74017,50.16091],[12.74025,50.15964],[12.73987,50.15906],[12.73947,50.15735],[12.73897,50.15664],[12.73792,50.15625],[12.73738,50.15561],[12.7362,50.15491],[12.73526,50.15359],[12.73371,50.15209],[12.73319,50.15086],[12.73162,50.14891],[12.72963,50.14751],[12.72897,50.14631],[12.72683,50.1457],[12.72655,50.14508],[12.72402,50.14435],[12.72319,50.14318],[12.72238,50.14281],[12.71952,50.14032],[12.71886,50.13999],[12.71591,50.14069],[12.71459,50.14187],[12.71409,50.14162],[12.71066,50.14117],[12.70917,50.14151],[12.70697,50.14279],[12.70434,50.14366],[12.70025,50.14352],[12.69899,50.14387],[12.69921,50.14318],[12.69844,50.14261],[12.69857,50.14229],[12.69771,50.1419],[12.69769,50.1417],[12.69772,50.14117],[12.69802,50.14094],[12.69799,50.14003],[12.69843,50.13979],[12.69864,50.13918],[12.69722,50.13993],[12.69673,50.14083],[12.6963,50.14272],[12.69382,50.14304],[12.69267,50.14364],[12.6873,50.145],[12.68545,50.14458],[12.68323,50.1437],[12.68324,50.14414],[12.68286,50.14475],[12.68199,50.1449],[12.68132,50.14456],[12.68047,50.14364],[12.68021,50.14204],[12.67891,50.14237],[12.67802,50.14113],[12.67712,50.14094],[12.67726,50.1422],[12.67786,50.14294],[12.67771,50.14496],[12.677,50.14445],[12.67624,50.14475],[12.67508,50.14437],[12.67373,50.14445],[12.67267,50.14506],[12.67195,50.14619],[12.6706,50.14736],[12.66995,50.14872],[12.66928,50.14845],[12.66776,50.1484],[12.66706,50.14848],[12.66687,50.14902],[12.66953,50.14972],[12.67128,50.14979],[12.67335,50.15056],[12.67454,50.15127],[12.67526,50.1521],[12.67692,50.15242],[12.67749,50.15289],[12.67746,50.1533],[12.67805,50.15421],[12.6774,50.15499],[12.6766,50.15529],[12.67692,50.15604],[12.67588,50.15606],[12.67496,50.15641],[12.67351,50.1556],[12.67098,50.15626],[12.66984,50.15728],[12.66899,50.15755],[12.66885,50.15785],[12.66851,50.15752],[12.66842,50.15812],[12.66536,50.16457],[12.66382,50.16627],[12.66351,50.16753],[12.66205,50.16789],[12.65682,50.16825],[12.65417,50.16898],[12.64992,50.16881]]]}},{"type":"Feature","properties":{"name":"539538"},"geometry":{"type":"Polygon","coordinates":[[[12.72331,50.07867],[12.71851,50.07824],[12.71544,50.07715],[12.70496,50.07524],[12.70315,50.07439],[12.69408,50.0723],[12.6904,50.07272],[12.68628,50.0736],[12.68561,50.07325],[12.68538,50.07285],[12.68553,50.07239],[12.68533,50.07167],[12.6857,50.07115],[12.68546,50.07061],[12.68567,50.07035],[12.68534,50.06994],[12.68526,50.06882],[12.6836,50.06669],[12.68372,50.06607],[12.68426,50.06572],[12.68417,50.06551],[12.68691,50.06349],[12.6866,50.06309],[12.68631,50.06191],[12.68497,50.06065],[12.6848,50.05983],[12.6828,50.05843],[12.68344,50.05773],[12.68322,50.05648],[12.6827,50.05564],[12.68066,50.05463],[12.68004,50.05395],[12.68281,50.05174],[12.68469,50.04961],[12.68688,50.04808],[12.6877,50.0472],[12.68898,50.0455],[12.68896,50.04496],[12.6884,50.04462],[12.68862,50.04413],[12.69064,50.04287],[12.69221,50.04039],[12.69209,50.03866],[12.69146,50.03659],[12.69145,50.03563],[12.6919,50.03412],[12.69026,50.03268],[12.68915,50.02874],[12.68761,50.02707],[12.68758,50.02548],[12.68938,50.02358],[12.68927,50.02132],[12.69009,50.01829],[12.69198,50.0166],[12.69157,50.01504],[12.69481,50.01656],[12.6989,50.01603],[12.70606,50.02252],[12.70983,50.02238],[12.71419,50.02276],[12.71585,50.02205],[12.71751,50.02257],[12.7201,50.02417],[12.72195,50.02563],[12.72535,50.02852],[12.7254,50.02898],[12.73342,50.03206],[12.73557,50.03394],[12.73784,50.03543],[12.73999,50.03635],[12.74315,50.03667],[12.74435,50.03718],[12.74562,50.03807],[12.74534,50.03843],[12.74235,50.03916],[12.74052,50.04038],[12.73874,50.04117],[12.73951,50.0414],[12.74132,50.04325],[12.74414,50.04506],[12.74517,50.04615],[12.74644,50.04631],[12.74662,50.04651],[12.74899,50.04638],[12.75012,50.04684],[12.75087,50.04682],[12.75171,50.04725],[12.75309,50.04743],[12.75385,50.0483],[12.75408,50.04815],[12.75451,50.04855],[12.75447,50.04883],[12.75504,50.04916],[12.75545,50.04892],[12.75583,50.0493],[12.75625,50.04926],[12.75657,50.04979],[12.75782,50.04983],[12.75785,50.05019],[12.75819,50.05001],[12.75856,50.05043],[12.75888,50.04995],[12.75895,50.05028],[12.75925,50.05022],[12.75929,50.05046],[12.75956,50.0505],[12.75985,50.05017],[12.76004,50.05029],[12.75988,50.05038],[12.76075,50.05078],[12.76152,50.05041],[12.76175,50.05052],[12.76165,50.05079],[12.76194,50.05088],[12.76265,50.05085],[12.76278,50.05076],[12.7624,50.05059],[12.76288,50.05043],[12.76312,50.05043],[12.76292,50.05067],[12.76315,50.05077],[12.76326,50.05046],[12.76391,50.05065],[12.76445,50.05023],[12.76468,50.05037],[12.76535,50.05004],[12.76527,50.04987],[12.76567,50.04993],[12.76578,50.04971],[12.76615,50.04998],[12.76691,50.04952],[12.76777,50.04957],[12.76844,50.04917],[12.76909,50.04907],[12.76914,50.0493],[12.76939,50.04925],[12.76973,50.04914],[12.76996,50.04872],[12.77036,50.04864],[12.77059,50.04907],[12.77183,50.04861],[12.77222,50.0487],[12.77102,50.04956],[12.77134,50.05119],[12.77043,50.05359],[12.76686,50.05522],[12.76627,50.05572],[12.76384,50.05656],[12.76315,50.05658],[12.76187,50.05735],[12.76177,50.05787],[12.76087,50.05825],[12.76034,50.05882],[12.76059,50.059],[12.75898,50.06051],[12.75827,50.06155],[12.75868,50.06189],[12.75764,50.06255],[12.75795,50.06391],[12.75701,50.06418],[12.75648,50.06464],[12.75536,50.06648],[12.75454,50.06723],[12.75024,50.06744],[12.74812,50.06841],[12.74426,50.06899],[12.74318,50.06954],[12.74052,50.06837],[12.74002,50.06771],[12.73901,50.06781],[12.73688,50.06751],[12.73455,50.06813],[12.73037,50.06793],[12.72912,50.06831],[12.72867,50.06846],[12.728,50.06981],[12.72712,50.06999],[12.72578,50.07072],[12.72464,50.07193],[12.72582,50.07376],[12.72759,50.07499],[12.72734,50.07594],[12.72564,50.07733],[12.72506,50.07732],[12.72331,50.07867]]]}},{"type":"Feature","properties":{"name":"538001"},"geometry":{"type":"Polygon","coordinates":[[[12.95202,50.22153],[12.94787,50.22109],[12.94727,50.22044],[12.94696,50.21938],[12.94657,50.21893],[12.94266,50.21638],[12.94244,50.21589],[12.94261,50.2143],[12.94242,50.21364],[12.941,50.21249],[12.9393,50.21176],[12.93527,50.21113],[12.94058,50.20891],[12.9401,50.20763],[12.9382,50.20556],[12.93871,50.20475],[12.94144,50.20335],[12.94233,50.2018],[12.94441,50.2004],[12.94359,50.20001],[12.9429,50.19999],[12.94299,50.19805],[12.94191,50.19795],[12.94195,50.19688],[12.94104,50.19546],[12.94132,50.19416],[12.94061,50.19333],[12.94167,50.19296],[12.94298,50.19128],[12.94313,50.19103],[12.94296,50.18979],[12.94374,50.18966],[12.94509,50.19001],[12.94631,50.18944],[12.94721,50.18949],[12.94711,50.18919],[12.94805,50.18831],[12.94847,50.18861],[12.94905,50.18848],[12.95257,50.18675],[12.95487,50.18774],[12.95871,50.18809],[12.9585,50.18827],[12.9586,50.18859],[12.95948,50.18924],[12.95961,50.18985],[12.96025,50.19059],[12.96083,50.19323],[12.96224,50.19332],[12.96385,50.19307],[12.96369,50.19416],[12.96469,50.19402],[12.96485,50.1942],[12.96588,50.19417],[12.96757,50.19454],[12.97091,50.19383],[12.97247,50.19468],[12.9768,50.19598],[12.97913,50.19718],[12.97935,50.19781],[12.97665,50.19806],[12.97434,50.19953],[12.97372,50.20058],[12.97288,50.2008],[12.97299,50.20141],[12.97254,50.20244],[12.97284,50.20278],[12.97276,50.2033],[12.97462,50.20525],[12.97464,50.20593],[12.97507,50.20635],[12.97512,50.20664],[12.97434,50.20745],[12.97382,50.20757],[12.97391,50.20824],[12.97449,50.20885],[12.97518,50.20879],[12.97595,50.20905],[12.97552,50.20939],[12.97587,50.2099],[12.97564,50.21064],[12.97613,50.21132],[12.9757,50.21177],[12.97607,50.21232],[12.97602,50.21294],[12.97593,50.21322],[12.97538,50.21335],[12.97529,50.21384],[12.97466,50.2142],[12.97519,50.21488],[12.9749,50.21541],[12.97535,50.21557],[12.97511,50.21644],[12.97559,50.21685],[12.9761,50.2181],[12.97989,50.21946],[12.97971,50.21973],[12.98063,50.22244],[12.98139,50.22316],[12.98078,50.22338],[12.97606,50.22346],[12.97167,50.22287],[12.9658,50.21951],[12.96275,50.21894],[12.95981,50.21918],[12.95768,50.22036],[12.95401,50.22131],[12.95202,50.22153]]]}},{"type":"Feature","properties":{"name":"537918"},"geometry":{"type":"Polygon","coordinates":[[[12.92331,50.24532],[12.9227,50.24508],[12.92261,50.24465],[12.92387,50.24322],[12.92401,50.2426],[12.92503,50.24216],[12.92503,50.24149],[12.92026,50.24093],[12.91714,50.24095],[12.91316,50.24022],[12.91114,50.24042],[12.90989,50.23975],[12.90845,50.23709],[12.9076,50.236],[12.90665,50.23549],[12.90573,50.23555],[12.90191,50.2371],[12.90087,50.23783],[12.90054,50.23924],[12.90126,50.23939],[12.90071,50.24014],[12.89984,50.24059],[12.89811,50.24097],[12.89461,50.24321],[12.89294,50.24335],[12.88825,50.24139],[12.887,50.2423],[12.88547,50.245],[12.88673,50.24621],[12.88722,50.247],[12.88695,50.25056],[12.8829,50.25045],[12.88394,50.25087],[12.88391,50.25298],[12.8841,50.25296],[12.88434,50.25382],[12.88407,50.25415],[12.88575,50.25557],[12.8868,50.25709],[12.89049,50.25858],[12.89067,50.25902],[12.89336,50.26077],[12.89677,50.26184],[12.89826,50.26301],[12.89915,50.26218],[12.90146,50.26104],[12.90131,50.26081],[12.90224,50.262],[12.90293,50.26186],[12.90335,50.26239],[12.90429,50.2625],[12.90428,50.26224],[12.90735,50.26074],[12.90662,50.26011],[12.90635,50.25932],[12.90934,50.26114],[12.91287,50.26207],[12.91289,50.26228],[12.91683,50.26303],[12.91831,50.26184],[12.91886,50.26188],[12.919,50.26097],[12.91843,50.2609],[12.91944,50.25944],[12.92206,50.25928],[12.9229,50.25946],[12.92325,50.25913],[12.9232,50.25715],[12.92388,50.2571],[12.92375,50.25577],[12.92559,50.25229],[12.92596,50.25111],[12.92493,50.25095],[12.92512,50.24998],[12.92461,50.24691],[12.92331,50.24532]]]}},{"type":"Feature","properties":{"name":"554677"},"geometry":{"type":"Polygon","coordinates":[[[12.7626,50.01451],[12.76388,50.01166],[12.76341,50.00995],[12.7639,50.01015],[12.76437,50.01004],[12.76559,50.01107],[12.7668,50.01157],[12.76669,50.01114],[12.76793,50.01031],[12.76564,50.00839],[12.76468,50.00872],[12.76416,50.00839],[12.76303,50.00831],[12.7629,50.00801],[12.76317,50.00724],[12.76413,50.00726],[12.76488,50.00696],[12.76552,50.00795],[12.76844,50.00979],[12.7691,50.01006],[12.76905,50.00989],[12.7708,50.01001],[12.77212,50.00802],[12.77164,50.00703],[12.77176,50.00644],[12.77137,50.00582],[12.77203,50.0052],[12.77199,50.00498],[12.77072,50.00465],[12.77097,50.00435],[12.77281,50.0029],[12.77492,50.00317],[12.77772,50.00286],[12.77833,50.00242],[12.7791,50.00252],[12.7797,50.00197],[12.7798,50.00041],[12.77883,49.99909],[12.77534,49.99793],[12.77463,49.99702],[12.77363,49.99478],[12.77405,49.9947],[12.77427,49.99305],[12.77473,49.99236],[12.77443,49.992],[12.77451,49.99089],[12.77391,49.99011],[12.77323,49.98981],[12.77326,49.98937],[12.77146,49.99069],[12.77091,49.99045],[12.76947,49.99169],[12.76905,49.99158],[12.76973,49.9905],[12.76839,49.99007],[12.76961,49.98969],[12.76759,49.98892],[12.76794,49.98882],[12.76675,49.98736],[12.76422,49.98651],[12.76429,49.98622],[12.76301,49.98576],[12.76223,49.98556],[12.76193,49.98574],[12.76143,49.98537],[12.75918,49.98492],[12.75839,49.98444],[12.75718,49.98433],[12.75626,49.98365],[12.75228,49.98278],[12.75142,49.98321],[12.75047,49.98318],[12.74897,49.98355],[12.749,49.98377],[12.74806,49.98429],[12.74341,49.98611],[12.74164,49.98749],[12.74117,49.98753],[12.74106,49.98806],[12.73985,49.98918],[12.73976,49.99049],[12.74003,49.99072],[12.73933,49.99188],[12.7396,49.99216],[12.73974,49.99321],[12.74021,49.99364],[12.74013,49.99407],[12.73836,49.99419],[12.7373,49.99463],[12.73576,49.99482],[12.73407,49.99431],[12.73168,49.99453],[12.73117,49.99438],[12.73112,49.99405],[12.72997,49.99337],[12.72981,50.00508],[12.73058,50.00608],[12.73067,50.01509],[12.72864,50.01549],[12.72764,50.01539],[12.72691,50.01586],[12.72685,50.01633],[12.72534,50.01652],[12.72412,50.017],[12.72167,50.0194],[12.72051,50.01963],[12.71995,50.02005],[12.71723,50.02103],[12.71642,50.02201],[12.7201,50.02417],[12.72535,50.02852],[12.7254,50.02898],[12.73342,50.03206],[12.73557,50.03394],[12.73784,50.03543],[12.73999,50.03635],[12.74315,50.03667],[12.74562,50.03807],[12.74534,50.03843],[12.74235,50.03916],[12.74052,50.04038],[12.73874,50.04117],[12.73951,50.0414],[12.74132,50.04325],[12.74414,50.04506],[12.74517,50.04615],[12.74644,50.04631],[12.74662,50.04651],[12.74899,50.04638],[12.75012,50.04684],[12.75087,50.04682],[12.75171,50.04725],[12.75309,50.04743],[12.75385,50.0483],[12.75408,50.04815],[12.75451,50.04855],[12.75462,50.04897],[12.75524,50.04915],[12.75516,50.04901],[12.75545,50.04892],[12.75583,50.0493],[12.75625,50.04926],[12.75657,50.04979],[12.75782,50.04983],[12.75785,50.05019],[12.75819,50.05001],[12.75849,50.05019],[12.75837,50.05039],[12.75881,50.0503],[12.75861,50.05016],[12.75888,50.04995],[12.75895,50.05028],[12.75925,50.05022],[12.75929,50.05046],[12.75956,50.0505],[12.75985,50.05017],[12.76004,50.05029],[12.75988,50.05038],[12.76075,50.05078],[12.76152,50.05041],[12.76175,50.05052],[12.76172,50.05082],[12.76265,50.05085],[12.76278,50.05076],[12.76249,50.05051],[12.76312,50.05043],[12.76292,50.05067],[12.76315,50.05077],[12.76326,50.05046],[12.76422,50.05059],[12.76445,50.05023],[12.76485,50.05031],[12.76578,50.04971],[12.76615,50.04998],[12.76691,50.04952],[12.76777,50.04957],[12.76885,50.04909],[12.76909,50.04907],[12.76914,50.0493],[12.76973,50.04914],[12.76996,50.04872],[12.77036,50.04864],[12.77059,50.04907],[12.77183,50.04861],[12.7733,50.04862],[12.77423,50.0481],[12.77797,50.04875],[12.77894,50.04868],[12.78054,50.04897],[12.78304,50.05012],[12.78357,50.05079],[12.7859,50.0523],[12.78641,50.05217],[12.7877,50.05354],[12.78874,50.0541],[12.78981,50.05584],[12.79043,50.0562],[12.79138,50.0562],[12.79293,50.05583],[12.79379,50.05492],[12.79382,50.05419],[12.79312,50.05312],[12.79126,50.05268],[12.79116,50.05245],[12.7916,50.05237],[12.79156,50.05082],[12.79231,50.0505],[12.79425,50.05022],[12.79616,50.04813],[12.79712,50.04781],[12.79728,50.04723],[12.7978,50.04727],[12.7989,50.04789],[12.80136,50.04842],[12.80181,50.04819],[12.80217,50.04741],[12.80294,50.04669],[12.8048,50.04688],[12.80741,50.04655],[12.80729,50.04575],[12.80627,50.04522],[12.80534,50.04411],[12.80548,50.04357],[12.80671,50.04263],[12.80855,50.04215],[12.80553,50.03834],[12.80431,50.03559],[12.80191,50.03406],[12.80149,50.03308],[12.80045,50.03213],[12.80053,50.03024],[12.80188,50.02781],[12.8016,50.02695],[12.80024,50.02627],[12.79743,50.02573],[12.79794,50.02492],[12.79544,50.02429],[12.79578,50.0224],[12.7943,50.02202],[12.79473,50.02144],[12.7942,50.02113],[12.79514,50.02045],[12.79562,50.02055],[12.79968,50.01824],[12.80052,50.01714],[12.80114,50.01679],[12.80288,50.01626],[12.80348,50.01644],[12.80456,50.01549],[12.80343,50.01509],[12.80075,50.01492],[12.80014,50.01474],[12.79964,50.01421],[12.79868,50.01432],[12.79709,50.01532],[12.79587,50.01735],[12.79308,50.01776],[12.79049,50.01935],[12.78722,50.01999],[12.78727,50.02048],[12.78297,50.01954],[12.78256,50.01893],[12.78244,50.01931],[12.78196,50.0192],[12.78173,50.01883],[12.78196,50.01857],[12.78114,50.01752],[12.78048,50.0173],[12.78032,50.01749],[12.77967,50.01705],[12.7783,50.01672],[12.77807,50.01656],[12.77825,50.01628],[12.77749,50.01598],[12.77652,50.01634],[12.77571,50.01506],[12.77446,50.0144],[12.77305,50.01461],[12.77205,50.01333],[12.77151,50.01328],[12.77086,50.01232],[12.76942,50.01164],[12.76638,50.01233],[12.7626,50.01451]]]}},{"type":"Feature","properties":{"name":"538817"},"geometry":{"type":"Polygon","coordinates":[[[12.20119,50.27093],[12.20054,50.27089],[12.20125,50.27055],[12.20092,50.27028],[12.1963,50.26853],[12.19573,50.26725],[12.19593,50.26649],[12.1954,50.26624],[12.19445,50.26614],[12.19403,50.26582],[12.19356,50.26609],[12.19155,50.26535],[12.19103,50.26583],[12.18931,50.26631],[12.18618,50.26297],[12.1802,50.25908],[12.17934,50.25828],[12.17808,50.25599],[12.17824,50.25258],[12.17881,50.2518],[12.1809,50.25049],[12.18148,50.24986],[12.18227,50.24681],[12.18225,50.24761],[12.18756,50.24553],[12.18853,50.24549],[12.19009,50.24489],[12.19165,50.24477],[12.19349,50.24348],[12.19501,50.24278],[12.19429,50.24248],[12.19531,50.24279],[12.19614,50.24272],[12.19605,50.24353],[12.19733,50.24397],[12.19774,50.24384],[12.19878,50.2443],[12.19762,50.24461],[12.19625,50.24541],[12.19737,50.24635],[12.19895,50.2466],[12.1996,50.24548],[12.20022,50.24551],[12.19997,50.2473],[12.20038,50.24857],[12.2013,50.24949],[12.20215,50.24834],[12.20277,50.24835],[12.20246,50.24738],[12.20293,50.24703],[12.20385,50.24714],[12.20437,50.24754],[12.20451,50.24694],[12.20526,50.24703],[12.20701,50.24809],[12.20845,50.24868],[12.20903,50.24866],[12.20962,50.24797],[12.2088,50.24741],[12.20905,50.2473],[12.21443,50.24683],[12.21557,50.24631],[12.21362,50.24485],[12.21369,50.24403],[12.21466,50.24183],[12.21494,50.24207],[12.21479,50.24337],[12.21569,50.24366],[12.21752,50.24408],[12.22152,50.244],[12.22142,50.24428],[12.22209,50.24434],[12.22236,50.24396],[12.22303,50.2443],[12.22283,50.24447],[12.22327,50.24482],[12.22409,50.24514],[12.22437,50.2456],[12.22597,50.24558],[12.22602,50.24516],[12.22673,50.24538],[12.22629,50.24562],[12.22641,50.24588],[12.22607,50.24592],[12.22613,50.2462],[12.22488,50.24681],[12.22468,50.24724],[12.22423,50.24741],[12.22447,50.24802],[12.22483,50.2482],[12.2246,50.24826],[12.22476,50.24887],[12.22456,50.24898],[12.22483,50.24923],[12.22412,50.24981],[12.22396,50.25062],[12.22459,50.25075],[12.2248,50.25121],[12.22468,50.25148],[12.22554,50.25223],[12.2242,50.25229],[12.2243,50.25245],[12.22244,50.25348],[12.21822,50.25709],[12.21709,50.25852],[12.21485,50.25963],[12.21153,50.26038],[12.21131,50.26053],[12.21144,50.26068],[12.21227,50.26037],[12.21244,50.26059],[12.21168,50.26088],[12.21124,50.26152],[12.20967,50.26273],[12.20956,50.26299],[12.21025,50.2632],[12.2099,50.26405],[12.21032,50.26416],[12.20905,50.26569],[12.21068,50.26731],[12.21121,50.26833],[12.21185,50.26852],[12.20998,50.26911],[12.20831,50.27015],[12.20345,50.27036],[12.20119,50.27093]]]}},{"type":"Feature","properties":{"name":"555657"},"geometry":{"type":"Polygon","coordinates":[[[12.96057,49.97614],[12.95924,49.97518],[12.95878,49.97427],[12.95757,49.97394],[12.95705,49.97322],[12.95718,49.97309],[12.95691,49.97303],[12.95255,49.97291],[12.95211,49.97317],[12.95066,49.97328],[12.94961,49.97304],[12.94395,49.97291],[12.94309,49.97278],[12.94363,49.97239],[12.94309,49.97221],[12.94318,49.97204],[12.94204,49.97175],[12.94182,49.97242],[12.94152,49.97232],[12.93933,49.97112],[12.93706,49.96932],[12.93681,49.96899],[12.93686,49.96774],[12.93604,49.96683],[12.9193,49.96677],[12.93118,49.97271],[12.93055,49.97291],[12.92966,49.97366],[12.9299,49.97412],[12.92857,49.97377],[12.92736,49.9739],[12.92758,49.97463],[12.92857,49.97575],[12.92834,49.97607],[12.92939,49.97649],[12.92926,49.97688],[12.92841,49.97743],[12.92848,49.97822],[12.9257,49.97814],[12.92498,49.97866],[12.92453,49.9787],[12.92515,49.98011],[12.9202,49.97966],[12.92032,49.97887],[12.91802,49.97815],[12.91776,49.97834],[12.91805,49.97855],[12.91797,49.9788],[12.91899,49.97901],[12.91929,49.97966],[12.91544,49.97919],[12.91823,49.97974],[12.92281,49.97996],[12.92194,49.98099],[12.92386,49.98137],[12.92495,49.98193],[12.92463,49.98252],[12.92672,49.98299],[12.92886,49.98385],[12.92802,49.98447],[12.93439,49.98475],[12.93707,49.98526],[12.93654,49.98568],[12.94091,49.98587],[12.94004,49.98667],[12.93951,49.98769],[12.93853,49.98823],[12.94137,49.98838],[12.94136,49.98859],[12.94386,49.98861],[12.94377,49.99078],[12.94386,49.99116],[12.94421,49.99114],[12.94408,49.99123],[12.94285,49.99143],[12.93883,49.99109],[12.94024,49.99282],[12.94044,49.99337],[12.94016,49.99329],[12.94092,49.99496],[12.94314,49.99448],[12.94322,49.995],[12.94194,49.99568],[12.94197,49.99586],[12.94282,49.99599],[12.94321,49.9958],[12.94353,49.99598],[12.9432,49.99622],[12.94387,49.99662],[12.94334,49.99818],[12.94213,49.9991],[12.94207,50.00135],[12.94122,50.00219],[12.94113,50.00267],[12.94027,50.00265],[12.93974,50.00318],[12.93722,50.00194],[12.93758,50.00294],[12.93841,50.00337],[12.93751,50.00414],[12.93649,50.00563],[12.93894,50.00645],[12.93848,50.00709],[12.93595,50.00778],[12.93595,50.00808],[12.93501,50.00896],[12.93454,50.01017],[12.93393,50.01087],[12.93357,50.01096],[12.93337,50.01136],[12.93383,50.01163],[12.93255,50.01252],[12.92987,50.01372],[12.93334,50.01479],[12.93305,50.01484],[12.93329,50.01499],[12.93297,50.01519],[12.93269,50.01495],[12.93247,50.01515],[12.9317,50.01493],[12.93175,50.01478],[12.92856,50.01441],[12.92643,50.01324],[12.92365,50.01405],[12.92314,50.01448],[12.92275,50.01495],[12.92262,50.01568],[12.92514,50.01656],[12.92658,50.01777],[12.92626,50.01819],[12.92611,50.0197],[12.92338,50.02071],[12.9224,50.02185],[12.93221,50.02511],[12.93556,50.0254],[12.9377,50.02482],[12.93846,50.02352],[12.94236,50.02254],[12.94551,50.0222],[12.94785,50.02281],[12.94869,50.02278],[12.94856,50.0238],[12.94891,50.0272],[12.94846,50.02826],[12.9486,50.03083],[12.94937,50.03258],[12.94221,50.03311],[12.94019,50.0336],[12.93886,50.03614],[12.93818,50.03848],[12.93916,50.03876],[12.93899,50.04072],[12.93929,50.04296],[12.94017,50.04366],[12.94014,50.04406],[12.94393,50.04392],[12.94406,50.04311],[12.94675,50.04318],[12.94906,50.04344],[12.94909,50.04382],[12.94862,50.04406],[12.95003,50.04419],[12.95052,50.04391],[12.95104,50.04398],[12.95168,50.04444],[12.95136,50.04507],[12.95189,50.04531],[12.95198,50.04627],[12.95171,50.04634],[12.95175,50.04681],[12.95136,50.04672],[12.95138,50.04713],[12.95097,50.04777],[12.95019,50.04795],[12.95013,50.04828],[12.95165,50.0489],[12.95147,50.04954],[12.95268,50.05056],[12.95347,50.05218],[12.95329,50.05253],[12.95301,50.05232],[12.95338,50.05319],[12.95305,50.05338],[12.95277,50.05522],[12.95191,50.0559],[12.95008,50.05669],[12.9485,50.05629],[12.94864,50.05728],[12.94783,50.05884],[12.94902,50.05929],[12.95148,50.05947],[12.9543,50.06079],[12.95868,50.0616],[12.96,50.06233],[12.96092,50.06255],[12.96835,50.0637],[12.96944,50.06444],[12.96872,50.06478],[12.96978,50.06804],[12.9773,50.06955],[12.97719,50.07054],[12.97762,50.07044],[12.97755,50.07004],[12.97794,50.06928],[12.97881,50.06906],[12.97968,50.06918],[12.97915,50.06955],[12.97897,50.06998],[12.98025,50.07058],[12.98058,50.07097],[12.9807,50.0724],[12.97858,50.07401],[12.97887,50.07471],[12.98021,50.07573],[12.98033,50.0768],[12.98091,50.07708],[12.98004,50.07875],[12.98133,50.07933],[12.98182,50.08003],[12.98058,50.08146],[12.98077,50.08303],[12.9836,50.08444],[12.98612,50.0848],[12.98703,50.08559],[12.98695,50.08625],[12.98582,50.08686],[12.98179,50.08698],[12.98142,50.08721],[12.98136,50.08802],[12.98218,50.08872],[12.98199,50.08896],[12.98269,50.08909],[12.98314,50.08949],[12.98311,50.08985],[12.98266,50.08996],[12.98269,50.09016],[12.98342,50.09021],[12.98244,50.09076],[12.98285,50.09119],[12.98328,50.0912],[12.98298,50.09147],[12.98311,50.0917],[12.98382,50.09172],[12.98361,50.09149],[12.98472,50.09231],[12.98596,50.09257],[12.98633,50.09244],[12.98646,50.09211],[12.98753,50.09217],[12.98881,50.09167],[12.98893,50.09188],[12.99002,50.09161],[12.99038,50.09175],[12.99141,50.09283],[12.99124,50.0932],[12.99157,50.09332],[12.99142,50.09354],[12.99054,50.09365],[12.99049,50.09407],[12.99155,50.09417],[12.99163,50.09493],[12.99219,50.0951],[12.99224,50.09543],[12.99184,50.09562],[12.99328,50.09599],[12.99388,50.09681],[12.99793,50.09699],[12.99874,50.09549],[13.00067,50.09489],[13.00144,50.09421],[13.00131,50.0936],[13.00148,50.09347],[13.00508,50.09236],[13.00601,50.09174],[13.00996,50.09188],[13.0101,50.09239],[13.011,50.09206],[13.01254,50.09228],[13.01333,50.09211],[13.01364,50.09246],[13.01507,50.09203],[13.01606,50.09201],[13.01863,50.093],[13.02105,50.09359],[13.02195,50.09332],[13.02221,50.09252],[13.02347,50.09179],[13.02539,50.09188],[13.02731,50.09252],[13.02903,50.09212],[13.02904,50.09169],[13.03209,50.09147],[13.03252,50.09208],[13.03236,50.09299],[13.03265,50.09315],[13.03217,50.0936],[13.03292,50.0942],[13.03283,50.09484],[13.03325,50.09503],[13.03355,50.09579],[13.03394,50.09587],[13.0361,50.09504],[13.03677,50.0944],[13.03648,50.09414],[13.03898,50.09314],[13.03896,50.09343],[13.03935,50.0934],[13.03944,50.09291],[13.03974,50.0928],[13.04124,50.09336],[13.04205,50.09436],[13.04248,50.09438],[13.04259,50.09519],[13.04219,50.09548],[13.04206,50.09627],[13.04412,50.09786],[13.04496,50.09823],[13.04655,50.09761],[13.04733,50.09699],[13.04775,50.0973],[13.05028,50.09515],[13.05171,50.09452],[13.05148,50.09301],[13.05109,50.09246],[13.04841,50.09107],[13.04848,50.08992],[13.04917,50.08908],[13.05029,50.08864],[13.05141,50.08864],[13.05147,50.0881],[13.05263,50.08737],[13.05321,50.08752],[13.05277,50.08773],[13.05275,50.08807],[13.05296,50.08812],[13.05464,50.0883],[13.05613,50.08813],[13.05632,50.08773],[13.05729,50.08744],[13.05714,50.08715],[13.05669,50.08717],[13.05699,50.08661],[13.05824,50.08628],[13.05841,50.08576],[13.05892,50.08545],[13.06213,50.08557],[13.0632,50.08518],[13.06393,50.08358],[13.06383,50.08337],[13.06493,50.0824],[13.06417,50.0815],[13.06207,50.08078],[13.06103,50.08012],[13.06324,50.07914],[13.06358,50.07838],[13.06264,50.07852],[13.0603,50.07742],[13.05806,50.07665],[13.05771,50.07698],[13.05649,50.07634],[13.05645,50.0767],[13.0574,50.07766],[13.05736,50.07796],[13.05552,50.07745],[13.05512,50.07757],[13.05566,50.07777],[13.05518,50.07827],[13.05452,50.07783],[13.05323,50.07782],[13.05245,50.07739],[13.05253,50.07521],[13.0512,50.07504],[13.05024,50.07382],[13.04908,50.07376],[13.04693,50.07412],[13.04566,50.07393],[13.04536,50.07359],[13.04552,50.07318],[13.04497,50.07215],[13.04665,50.07175],[13.04891,50.07189],[13.05352,50.06991],[13.05706,50.06981],[13.05842,50.06999],[13.05949,50.0694],[13.06032,50.06927],[13.06118,50.06857],[13.06117,50.0683],[13.06043,50.06823],[13.05971,50.0678],[13.0607,50.06786],[13.06006,50.06693],[13.06051,50.06684],[13.06006,50.06572],[13.06029,50.06525],[13.05847,50.06548],[13.05854,50.0652],[13.05736,50.06521],[13.0577,50.06484],[13.05798,50.06341],[13.05922,50.06355],[13.05977,50.06264],[13.05965,50.06233],[13.0585,50.06174],[13.06,50.06165],[13.05995,50.06106],[13.0603,50.06098],[13.06062,50.05995],[13.06096,50.0596],[13.06107,50.05772],[13.06327,50.058],[13.06663,50.05769],[13.06698,50.05757],[13.067,50.05704],[13.0663,50.05684],[13.06428,50.057],[13.0635,50.05537],[13.06166,50.05459],[13.06314,50.05376],[13.06358,50.05261],[13.06348,50.05236],[13.06225,50.05258],[13.06177,50.0521],[13.05949,50.05125],[13.06023,50.05106],[13.0624,50.05163],[13.06244,50.05146],[13.06367,50.05148],[13.07009,50.05029],[13.07316,50.04947],[13.07412,50.04908],[13.0768,50.0464],[13.07959,50.04448],[13.0805,50.04295],[13.08074,50.04005],[13.08019,50.03943],[13.07941,50.03746],[13.07816,50.0361],[13.07829,50.03507],[13.07806,50.03409],[13.07885,50.03178],[13.0821,50.02904],[13.08259,50.02856],[13.08273,50.02758],[13.08333,50.02737],[13.08073,50.02563],[13.08108,50.02533],[13.08127,50.02443],[13.08518,50.0216],[13.08423,50.01945],[13.0841,50.01852],[13.08218,50.01857],[13.08215,50.01888],[13.08107,50.01841],[13.07723,50.01832],[13.07502,50.01788],[13.0705,50.01889],[13.06975,50.01881],[13.06898,50.01769],[13.06847,50.01619],[13.06809,50.01585],[13.0668,50.01549],[13.06757,50.01392],[13.06841,50.01315],[13.07018,50.01399],[13.07062,50.01382],[13.07285,50.01494],[13.07371,50.01491],[13.07324,50.01299],[13.07083,50.01241],[13.06859,50.00926],[13.06668,50.00914],[13.06532,50.00868],[13.06075,50.00935],[13.05761,50.01026],[13.05413,50.01016],[13.05336,50.00984],[13.05385,50.00914],[13.05249,50.00857],[13.05091,50.00741],[13.05071,50.00715],[13.05049,50.00472],[13.04979,50.0035],[13.04848,50.00256],[13.04666,50.00225],[13.04453,50.0024],[13.04314,50.00301],[13.04132,50.00329],[13.03872,50.00276],[13.03753,50.00199],[13.03741,50.00167],[13.03823,50.00023],[13.03863,49.99864],[13.03591,49.99786],[13.03489,49.99625],[13.02801,49.99702],[13.03097,49.99577],[13.0279,49.99592],[13.02627,49.99569],[13.02566,49.99538],[13.02515,49.99476],[13.02516,49.99375],[13.02304,49.99379],[13.01907,49.99268],[13.01985,49.99201],[13.02178,49.99153],[13.02116,49.98967],[13.0211,49.98839],[13.0195,49.9876],[13.0187,49.98685],[13.01747,49.98646],[13.01728,49.98753],[13.0148,49.98981],[13.01401,49.99116],[13.01321,49.9911],[13.01228,49.99065],[13.00992,49.99039],[13.00865,49.98961],[13.0065,49.98964],[13.00647,49.98986],[13.00017,49.98935],[12.99948,49.98865],[13.00061,49.98713],[12.99967,49.98598],[13.00016,49.98487],[12.99909,49.9839],[12.99901,49.98334],[12.99971,49.98277],[13.0001,49.98277],[13.00013,49.98092],[13.001,49.9802],[13.00099,49.97907],[13.00044,49.97799],[12.99964,49.97801],[13.00041,49.97903],[12.99983,49.97939],[12.99709,49.98017],[12.99499,49.98133],[12.99359,49.98111],[12.99323,49.98144],[12.99358,49.98166],[12.99104,49.98236],[12.99083,49.98224],[12.99073,49.98094],[12.98982,49.9787],[12.98697,49.97811],[12.98784,49.97713],[12.98786,49.97623],[12.98717,49.97613],[12.9856,49.97687],[12.98467,49.97706],[12.98226,49.97687],[12.97932,49.97721],[12.97825,49.97712],[12.97735,49.9774],[12.97678,49.97785],[12.9751,49.97772],[12.97399,49.97805],[12.97198,49.97741],[12.96895,49.9769],[12.96639,49.97714],[12.96551,49.97697],[12.96384,49.97578],[12.96223,49.9762],[12.96057,49.97614]]]}},{"type":"Feature","properties":{"name":"578029"},"geometry":{"type":"Polygon","coordinates":[[[12.70324,50.36775],[12.70497,50.3663],[12.7081,50.36569],[12.70873,50.36509],[12.70996,50.36475],[12.71204,50.36325],[12.71184,50.36303],[12.7124,50.36262],[12.71313,50.36146],[12.71339,50.36139],[12.71416,50.36203],[12.71509,50.36159],[12.71427,50.36096],[12.71382,50.35892],[12.71444,50.35854],[12.71513,50.35755],[12.7167,50.35673],[12.71685,50.35641],[12.71657,50.35559],[12.71592,50.35584],[12.71473,50.35545],[12.71348,50.3518],[12.71151,50.35153],[12.7115,50.35124],[12.71232,50.35037],[12.71188,50.34953],[12.71012,50.3494],[12.70998,50.34891],[12.70925,50.3484],[12.70815,50.34853],[12.70832,50.34814],[12.70864,50.34811],[12.70812,50.34735],[12.7084,50.34631],[12.70763,50.34514],[12.70753,50.34389],[12.70946,50.34353],[12.71047,50.34303],[12.71032,50.34288],[12.71056,50.34264],[12.71068,50.34277],[12.71129,50.34241],[12.71102,50.34227],[12.71132,50.34197],[12.71168,50.34215],[12.71204,50.3419],[12.71124,50.34166],[12.71134,50.34142],[12.71158,50.34145],[12.71183,50.34081],[12.71097,50.34095],[12.70758,50.34056],[12.70711,50.33981],[12.7063,50.34016],[12.70558,50.3398],[12.706,50.33953],[12.70572,50.33931],[12.70606,50.33898],[12.70795,50.33759],[12.70761,50.33673],[12.70632,50.33667],[12.70616,50.33707],[12.70556,50.33743],[12.70437,50.33674],[12.70316,50.33689],[12.70313,50.33707],[12.70175,50.3369],[12.70093,50.33718],[12.70032,50.338],[12.69993,50.33766],[12.69931,50.33786],[12.6974,50.3374],[12.6968,50.33783],[12.69592,50.33905],[12.69422,50.33955],[12.69277,50.33964],[12.69108,50.34025],[12.68959,50.34186],[12.68701,50.34336],[12.68561,50.34485],[12.68276,50.34662],[12.67875,50.34798],[12.6783,50.34804],[12.67771,50.34755],[12.67754,50.34665],[12.67702,50.34627],[12.67624,50.34504],[12.67501,50.34478],[12.67409,50.34495],[12.6709,50.34471],[12.67002,50.34486],[12.66883,50.34455],[12.66823,50.34557],[12.66577,50.34705],[12.66496,50.34871],[12.66311,50.35045],[12.66043,50.35199],[12.6563,50.35356],[12.65384,50.35666],[12.65334,50.35822],[12.6517,50.35937],[12.65067,50.36059],[12.64858,50.36168],[12.64932,50.3631],[12.65019,50.36378],[12.65035,50.3645],[12.6522,50.36653],[12.65231,50.3679],[12.65447,50.36949],[12.65464,50.36932],[12.65587,50.36986],[12.65666,50.36968],[12.65657,50.36995],[12.65806,50.37047],[12.65913,50.36986],[12.6601,50.37022],[12.6596,50.37088],[12.66017,50.37119],[12.66309,50.37141],[12.66379,50.37076],[12.66431,50.37106],[12.66453,50.37179],[12.66372,50.37208],[12.66365,50.37279],[12.66411,50.3732],[12.66333,50.37403],[12.66357,50.37426],[12.66596,50.37464],[12.66723,50.3743],[12.66871,50.37427],[12.66917,50.37389],[12.67086,50.37406],[12.67172,50.37362],[12.67316,50.3738],[12.67358,50.37324],[12.67445,50.37329],[12.67612,50.37285],[12.67836,50.3732],[12.67853,50.37372],[12.68067,50.3755],[12.68165,50.37539],[12.68196,50.3757],[12.68387,50.37604],[12.68459,50.3759],[12.68649,50.37678],[12.69092,50.37697],[12.69273,50.37656],[12.69608,50.37518],[12.69718,50.37504],[12.69853,50.37527],[12.69982,50.37455],[12.70061,50.37448],[12.7021,50.37379],[12.70362,50.37181],[12.70344,50.37092],[12.70246,50.36956],[12.70311,50.36874],[12.70324,50.36775]]]}},{"type":"Feature","properties":{"name":"560642"},"geometry":{"type":"Polygon","coordinates":[[[12.69396,50.18721],[12.69213,50.18789],[12.69166,50.18744],[12.69071,50.18731],[12.69013,50.18685],[12.69081,50.18574],[12.68772,50.18594],[12.68816,50.18393],[12.69158,50.18425],[12.69244,50.18379],[12.6927,50.18301],[12.69288,50.18305],[12.69345,50.18244],[12.69365,50.18146],[12.69358,50.18112],[12.69254,50.18071],[12.69251,50.18036],[12.69289,50.18011],[12.69228,50.17873],[12.69259,50.17793],[12.69235,50.1779],[12.69226,50.1774],[12.69353,50.17701],[12.69431,50.17603],[12.69299,50.17544],[12.69422,50.17184],[12.69778,50.17151],[12.69833,50.17039],[12.70049,50.16827],[12.70226,50.16916],[12.70697,50.16833],[12.70714,50.16861],[12.70783,50.16861],[12.7082,50.16973],[12.70879,50.17033],[12.70939,50.16999],[12.70926,50.16915],[12.71018,50.16868],[12.71116,50.16905],[12.71152,50.16889],[12.71097,50.16754],[12.71164,50.16697],[12.71321,50.16669],[12.71698,50.16772],[12.71629,50.16666],[12.71787,50.1658],[12.71865,50.16572],[12.71872,50.16538],[12.71917,50.16515],[12.72035,50.1649],[12.72098,50.16451],[12.72105,50.16404],[12.72156,50.16433],[12.72277,50.16441],[12.72412,50.16501],[12.72441,50.16539],[12.72607,50.16601],[12.72625,50.16643],[12.72573,50.16711],[12.72569,50.16771],[12.72628,50.16787],[12.72657,50.16869],[12.72752,50.16923],[12.7272,50.16994],[12.72735,50.1702],[12.72868,50.17103],[12.73049,50.16921],[12.73328,50.16882],[12.73478,50.16816],[12.73512,50.16891],[12.73447,50.16997],[12.73539,50.17125],[12.73596,50.17162],[12.73872,50.17241],[12.74003,50.17335],[12.73863,50.17487],[12.73587,50.17596],[12.73415,50.17806],[12.73574,50.17988],[12.73635,50.18164],[12.73621,50.18377],[12.73583,50.18467],[12.73591,50.18564],[12.7351,50.18794],[12.73597,50.18798],[12.73783,50.18872],[12.7373,50.18872],[12.73814,50.18985],[12.73874,50.1897],[12.73895,50.18982],[12.73877,50.19],[12.73328,50.19035],[12.73038,50.18944],[12.7292,50.18975],[12.72845,50.19054],[12.72798,50.19069],[12.72667,50.18912],[12.72546,50.18679],[12.72427,50.18533],[12.72224,50.18423],[12.72008,50.18411],[12.71888,50.1838],[12.71463,50.18442],[12.71457,50.18482],[12.70964,50.18519],[12.70594,50.1864],[12.70289,50.18678],[12.70051,50.18812],[12.69915,50.18842],[12.69698,50.18833],[12.69396,50.18721]]]}},{"type":"Feature","properties":{"name":"555592"},"geometry":{"type":"Polygon","coordinates":[[[13.00891,50.17546],[13.01131,50.17402],[13.0159,50.17406],[13.0185,50.17223],[13.01845,50.17147],[13.01898,50.17071],[13.01757,50.17002],[13.01607,50.17053],[13.0133,50.17105],[13.01317,50.16901],[13.01281,50.16895],[13.01264,50.16816],[13.01171,50.16743],[13.01213,50.16714],[13.01365,50.16684],[13.01566,50.16692],[13.01691,50.16641],[13.01759,50.16654],[13.01803,50.16695],[13.01825,50.1655],[13.01909,50.16479],[13.01961,50.16398],[13.01942,50.16295],[13.01983,50.16156],[13.0215,50.15927],[13.01917,50.15916],[13.01869,50.15812],[13.01819,50.15802],[13.01789,50.15676],[13.01388,50.156],[13.01172,50.15591],[13.01149,50.15523],[13.01121,50.15528],[13.01067,50.15428],[13.00725,50.15458],[13.00326,50.15433],[13.00206,50.15477],[13.00151,50.15524],[13.00261,50.15738],[13.00242,50.15841],[13.00153,50.15928],[13.00122,50.15928],[13.00166,50.16088],[12.99795,50.16334],[12.9951,50.16657],[12.99474,50.16756],[12.99234,50.16918],[12.98972,50.17076],[12.98735,50.17146],[12.98365,50.17195],[12.98328,50.17224],[12.98242,50.17408],[12.98019,50.17422],[12.98032,50.17504],[12.98008,50.17565],[12.97886,50.17629],[12.97458,50.1762],[12.97258,50.17653],[12.96782,50.17676],[12.96384,50.17638],[12.96307,50.17727],[12.96233,50.17726],[12.96163,50.17788],[12.96132,50.17758],[12.96035,50.17768],[12.96037,50.17827],[12.95836,50.17889],[12.95801,50.17925],[12.95621,50.17938],[12.95546,50.1797],[12.95506,50.17998],[12.95508,50.1804],[12.95398,50.18045],[12.9541,50.18103],[12.95521,50.18147],[12.9552,50.18185],[12.95709,50.18327],[12.95706,50.18408],[12.95808,50.18482],[12.9584,50.18609],[12.95648,50.18629],[12.95361,50.18729],[12.95487,50.18774],[12.95871,50.18809],[12.9585,50.18827],[12.9586,50.18859],[12.95948,50.18924],[12.95961,50.18985],[12.96025,50.19059],[12.96078,50.1932],[12.96224,50.19332],[12.96385,50.19307],[12.96369,50.19416],[12.96469,50.19402],[12.96485,50.1942],[12.96588,50.19417],[12.96757,50.19454],[12.97091,50.19383],[12.97247,50.19468],[12.9768,50.19598],[12.97913,50.19718],[12.97934,50.19777],[12.98068,50.19713],[12.98237,50.19687],[12.98298,50.19623],[12.98375,50.19605],[12.98408,50.19667],[12.98505,50.19665],[12.98512,50.19704],[12.98546,50.19702],[12.98645,50.19953],[12.98645,50.20015],[12.99394,50.20023],[12.999,50.1999],[12.99919,50.19982],[12.99873,50.19928],[12.99857,50.19842],[13.00026,50.19829],[13.00058,50.1973],[13.00153,50.1969],[13.0014,50.1956],[13.00246,50.19506],[13.00423,50.19498],[13.00701,50.19584],[13.00756,50.19638],[13.00867,50.19636],[13.01148,50.19556],[13.01309,50.19548],[13.01295,50.19524],[13.01542,50.19415],[13.01489,50.19356],[13.01445,50.19222],[13.01353,50.19178],[13.01368,50.19163],[13.01057,50.18897],[13.01043,50.1886],[13.0117,50.1885],[13.01378,50.18896],[13.01471,50.18856],[13.01435,50.1884],[13.01451,50.18813],[13.01558,50.1886],[13.01419,50.18674],[13.01648,50.18622],[13.01803,50.18637],[13.01911,50.18595],[13.01741,50.18432],[13.01675,50.18407],[13.01661,50.18283],[13.01508,50.18347],[13.01436,50.18349],[13.0128,50.18297],[13.01269,50.18236],[13.01194,50.18242],[13.01181,50.18159],[13.01085,50.18185],[13.01034,50.18032],[13.00979,50.17955],[13.00902,50.17948],[13.00861,50.17866],[13.00924,50.17878],[13.00921,50.1778],[13.00949,50.17777],[13.00935,50.17745],[13.01023,50.17729],[13.00891,50.17546]]]}},{"type":"Feature","properties":{"name":"555614"},"geometry":{"type":"Polygon","coordinates":[[[12.99148,50.23521],[12.99148,50.23441],[12.99128,50.23354],[12.99265,50.23306],[12.99257,50.2318],[12.99283,50.23145],[12.99253,50.23063],[12.99263,50.23032],[12.992,50.23006],[12.99154,50.22947],[12.98922,50.22884],[12.98837,50.22792],[12.98838,50.22748],[12.98754,50.22733],[12.98687,50.22663],[12.98538,50.22627],[12.98461,50.22573],[12.98328,50.22548],[12.98283,50.22454],[12.98168,50.22332],[12.98144,50.22048],[12.97989,50.21946],[12.97971,50.21973],[12.98008,50.22101],[12.98063,50.22244],[12.98139,50.22316],[12.98116,50.22332],[12.97606,50.22346],[12.97167,50.22287],[12.9658,50.21951],[12.96275,50.21894],[12.95981,50.21918],[12.95768,50.22036],[12.95401,50.22131],[12.95202,50.22153],[12.94844,50.22127],[12.94744,50.2207],[12.94657,50.21893],[12.94398,50.21729],[12.94356,50.21754],[12.94327,50.21741],[12.94105,50.21934],[12.93906,50.22051],[12.93796,50.22057],[12.93615,50.22001],[12.93548,50.22039],[12.93504,50.22129],[12.93391,50.22182],[12.93031,50.22151],[12.92971,50.22204],[12.92994,50.22293],[12.92962,50.22507],[12.93068,50.22649],[12.93201,50.2275],[12.93246,50.22811],[12.93238,50.22893],[12.93283,50.2302],[12.93272,50.2314],[12.93371,50.23258],[12.93352,50.23311],[12.93993,50.23419],[12.94356,50.23639],[12.94428,50.23719],[12.94485,50.23748],[12.94546,50.23844],[12.94475,50.243],[12.94476,50.24344],[12.94521,50.24394],[12.95187,50.24545],[12.95556,50.24689],[12.95474,50.24816],[12.95526,50.24856],[12.9552,50.24901],[12.9529,50.24965],[12.95179,50.25071],[12.95158,50.25122],[12.95195,50.25127],[12.95113,50.25319],[12.952,50.2536],[12.95122,50.25508],[12.95184,50.25501],[12.9518,50.25641],[12.95232,50.25654],[12.95245,50.25684],[12.95316,50.25714],[12.95482,50.25852],[12.95453,50.25889],[12.95942,50.26024],[12.95723,50.26199],[12.95978,50.26263],[12.96216,50.26286],[12.96255,50.26193],[12.96419,50.2612],[12.96555,50.25988],[12.96576,50.25937],[12.96557,50.25847],[12.9691,50.25749],[12.97337,50.25575],[12.9763,50.25631],[12.97736,50.25749],[12.97836,50.25787],[12.98113,50.25988],[12.98094,50.25865],[12.98168,50.25595],[12.98088,50.25481],[12.98065,50.25292],[12.98103,50.25172],[12.98199,50.25011],[12.98871,50.24482],[12.98767,50.24426],[12.9884,50.24395],[12.98996,50.244],[12.99116,50.24499],[12.99246,50.2444],[12.99337,50.24513],[12.993,50.24407],[12.99339,50.24372],[12.9927,50.24335],[12.99176,50.24324],[12.99182,50.24222],[12.99121,50.24202],[12.99004,50.24088],[12.99005,50.24052],[12.99065,50.23965],[12.99045,50.23955],[12.99143,50.2385],[12.99209,50.23729],[12.99332,50.23662],[12.99478,50.23662],[12.99512,50.23708],[12.9972,50.23665],[12.99721,50.23643],[12.99814,50.2362],[12.99809,50.23601],[12.99641,50.23581],[12.99416,50.23598],[12.99331,50.23547],[12.99123,50.23651],[12.99139,50.23634],[12.99107,50.23607],[12.99148,50.23521]]]}},{"type":"Feature","properties":{"name":"554855"},"geometry":{"type":"Polygon","coordinates":[[[12.66001,49.92832],[12.66074,49.93119],[12.6614,49.93165],[12.66217,49.93284],[12.66202,49.93332],[12.66341,49.93311],[12.66395,49.93273],[12.6644,49.93327],[12.6657,49.9331],[12.66702,49.93338],[12.66727,49.93351],[12.66708,49.93379],[12.66767,49.93384],[12.66761,49.93425],[12.67207,49.93393],[12.67427,49.93469],[12.6764,49.9348],[12.67664,49.93507],[12.67736,49.93504],[12.6781,49.93456],[12.67981,49.93451],[12.67996,49.93476],[12.68141,49.93482],[12.6814,49.9341],[12.68212,49.93387],[12.6839,49.93367],[12.68418,49.93426],[12.68993,49.93329],[12.69024,49.93384],[12.68893,49.93451],[12.68884,49.93528],[12.69124,49.93424],[12.69266,49.93311],[12.6969,49.93261],[12.70039,49.93116],[12.7002,49.93019],[12.70038,49.92954],[12.70252,49.92773],[12.70292,49.92708],[12.70319,49.92541],[12.7072,49.92252],[12.7099,49.92137],[12.71044,49.92075],[12.71088,49.91997],[12.71129,49.91722],[12.71239,49.9158],[12.71259,49.91518],[12.71294,49.91367],[12.71284,49.91237],[12.71197,49.91274],[12.70984,49.91249],[12.70966,49.91176],[12.70201,49.91168],[12.69419,49.91271],[12.69051,49.9115],[12.6843,49.91121],[12.68402,49.91082],[12.68334,49.9109],[12.68358,49.90959],[12.6813,49.9094],[12.68064,49.90894],[12.68065,49.90868],[12.67843,49.90888],[12.67837,49.90863],[12.67522,49.90876],[12.67357,49.90822],[12.67637,49.90561],[12.68036,49.90464],[12.68243,49.89946],[12.6829,49.89717],[12.68289,49.89678],[12.68224,49.89633],[12.68217,49.89595],[12.68292,49.89506],[12.68344,49.89369],[12.68339,49.89235],[12.683,49.89188],[12.68308,49.89161],[12.68088,49.89165],[12.68102,49.89136],[12.67988,49.89151],[12.67753,49.89111],[12.67584,49.89052],[12.67032,49.89187],[12.67091,49.89298],[12.67307,49.89397],[12.67344,49.89485],[12.67268,49.89516],[12.67182,49.89515],[12.67157,49.89565],[12.67206,49.89613],[12.67051,49.89617],[12.66969,49.89936],[12.6689,49.9007],[12.66876,49.9016],[12.66862,49.90131],[12.6684,49.90137],[12.66858,49.90185],[12.66848,49.90267],[12.66785,49.90477],[12.66635,49.90816],[12.66561,49.9091],[12.66551,49.91048],[12.66474,49.91113],[12.66102,49.9119],[12.6588,49.91346],[12.6585,49.91436],[12.64938,49.91617],[12.64519,49.91645],[12.63832,49.91503],[12.63376,49.91495],[12.62347,49.91405],[12.62379,49.91267],[12.6231,49.91259],[12.62226,49.9129],[12.61858,49.91293],[12.61812,49.91357],[12.61782,49.91508],[12.61673,49.91671],[12.61657,49.91733],[12.61644,49.9185],[12.6167,49.91938],[12.61789,49.92136],[12.61996,49.92585],[12.62107,49.92678],[12.62142,49.92665],[12.62254,49.92858],[12.62288,49.92855],[12.62333,49.92971],[12.62345,49.93129],[12.62651,49.9315],[12.62678,49.93438],[12.63971,49.93289],[12.64499,49.93186],[12.64471,49.93071],[12.64487,49.92967],[12.64468,49.92864],[12.64672,49.92879],[12.64721,49.92913],[12.64743,49.93091],[12.65041,49.93078],[12.64965,49.93042],[12.64962,49.92959],[12.65079,49.92961],[12.65082,49.92849],[12.65312,49.92824],[12.65352,49.92876],[12.65439,49.92857],[12.65761,49.92876],[12.66001,49.92832]]]}},{"type":"Feature","properties":{"name":"560367"},"geometry":{"type":"Polygon","coordinates":[[[12.79215,50.12208],[12.79013,50.12307],[12.78986,50.12359],[12.78916,50.1235],[12.78794,50.12391],[12.78629,50.12322],[12.78533,50.12327],[12.78491,50.12256],[12.78498,50.12209],[12.78441,50.122],[12.78324,50.1227],[12.7822,50.12395],[12.78049,50.12383],[12.77983,50.12434],[12.77903,50.12457],[12.7789,50.125],[12.77762,50.12545],[12.77634,50.12506],[12.77552,50.12431],[12.7745,50.12385],[12.77335,50.12418],[12.77212,50.12314],[12.76983,50.12416],[12.76453,50.12524],[12.76374,50.12529],[12.76156,50.12484],[12.76004,50.12543],[12.75702,50.12563],[12.75258,50.12405],[12.75023,50.12489],[12.74918,50.12415],[12.74764,50.12251],[12.74433,50.12176],[12.74361,50.12189],[12.74366,50.12421],[12.74056,50.12444],[12.73874,50.12539],[12.73767,50.12549],[12.73665,50.12639],[12.73538,50.1269],[12.73324,50.12667],[12.73194,50.12723],[12.73192,50.12745],[12.73252,50.1278],[12.73269,50.12819],[12.73319,50.12825],[12.73333,50.12868],[12.73433,50.12948],[12.73452,50.13124],[12.73421,50.13138],[12.73207,50.13141],[12.73133,50.13124],[12.72975,50.13034],[12.72801,50.13003],[12.72314,50.13092],[12.72187,50.13145],[12.72036,50.13158],[12.71988,50.13188],[12.71958,50.13372],[12.71701,50.13471],[12.71624,50.13523],[12.71607,50.13565],[12.71637,50.13643],[12.71634,50.13755],[12.71615,50.13841],[12.71561,50.13959],[12.71439,50.14051],[12.71465,50.14083],[12.71459,50.14187],[12.71591,50.14069],[12.71886,50.13999],[12.71952,50.14032],[12.72238,50.14281],[12.72319,50.14318],[12.72402,50.14435],[12.72655,50.14508],[12.72683,50.1457],[12.72897,50.14631],[12.72956,50.14738],[12.73123,50.14739],[12.73438,50.1479],[12.73683,50.14893],[12.73829,50.15043],[12.73897,50.1508],[12.74416,50.15231],[12.74669,50.15337],[12.74672,50.15316],[12.74867,50.15214],[12.75084,50.15029],[12.75172,50.14841],[12.751,50.14726],[12.75091,50.14637],[12.7512,50.14593],[12.75261,50.14529],[12.75584,50.14518],[12.75572,50.14365],[12.75624,50.14225],[12.75885,50.14187],[12.75996,50.14127],[12.76053,50.14129],[12.76082,50.14146],[12.76075,50.14217],[12.76007,50.14285],[12.75975,50.14366],[12.76041,50.14416],[12.76025,50.14469],[12.76088,50.14525],[12.76202,50.14555],[12.76382,50.1466],[12.76404,50.14719],[12.76367,50.14741],[12.76399,50.14808],[12.76502,50.14875],[12.76643,50.14923],[12.76722,50.15019],[12.76848,50.15085],[12.77068,50.15107],[12.77133,50.15216],[12.77385,50.15319],[12.77436,50.15386],[12.77601,50.15436],[12.77518,50.15513],[12.77449,50.15504],[12.77323,50.15552],[12.7726,50.15638],[12.77273,50.15696],[12.77239,50.15808],[12.77511,50.15864],[12.77686,50.15949],[12.77748,50.1601],[12.77745,50.16056],[12.77668,50.16133],[12.77607,50.16145],[12.77478,50.16226],[12.77296,50.16431],[12.77346,50.16456],[12.77475,50.16323],[12.77814,50.16057],[12.77949,50.16001],[12.78049,50.15924],[12.78203,50.16009],[12.7815,50.16044],[12.78212,50.1611],[12.78176,50.16153],[12.78067,50.16209],[12.78042,50.16161],[12.77942,50.16104],[12.77846,50.1612],[12.77868,50.16132],[12.77824,50.16142],[12.7781,50.16209],[12.77788,50.16207],[12.7772,50.16292],[12.77777,50.16311],[12.77566,50.16462],[12.7751,50.16477],[12.77542,50.16525],[12.775,50.16598],[12.77552,50.16604],[12.77606,50.165],[12.77696,50.16457],[12.77864,50.16401],[12.78028,50.16398],[12.78091,50.16461],[12.78002,50.16511],[12.77995,50.1653],[12.78041,50.16567],[12.77819,50.16679],[12.7778,50.16732],[12.77884,50.16772],[12.77991,50.16858],[12.78012,50.16927],[12.7813,50.17032],[12.78262,50.17081],[12.7839,50.17096],[12.78708,50.17039],[12.78771,50.16995],[12.7889,50.16993],[12.79097,50.17013],[12.7928,50.16997],[12.79918,50.17065],[12.80626,50.17372],[12.81254,50.17534],[12.8143,50.17545],[12.81692,50.17497],[12.81707,50.17376],[12.81803,50.17243],[12.81673,50.16932],[12.81664,50.16789],[12.81799,50.16775],[12.81968,50.16708],[12.8204,50.16708],[12.82388,50.16832],[12.82608,50.1687],[12.82813,50.1698],[12.82981,50.17031],[12.83024,50.17092],[12.83131,50.17141],[12.83132,50.17203],[12.83189,50.17241],[12.83114,50.17295],[12.83052,50.17495],[12.83132,50.17535],[12.83248,50.17543],[12.83343,50.17516],[12.8346,50.1744],[12.83586,50.1741],[12.83743,50.17415],[12.83795,50.17471],[12.83929,50.17478],[12.84074,50.17178],[12.8422,50.17224],[12.84292,50.17167],[12.8432,50.1718],[12.84257,50.17237],[12.843,50.17251],[12.84381,50.17184],[12.84456,50.17244],[12.8454,50.17224],[12.84549,50.17156],[12.84571,50.17174],[12.84584,50.17145],[12.84562,50.17131],[12.84515,50.16956],[12.84434,50.169],[12.84443,50.16882],[12.84346,50.16835],[12.84235,50.1672],[12.84266,50.16671],[12.84802,50.16531],[12.84952,50.16357],[12.85106,50.16312],[12.848,50.16325],[12.84667,50.16376],[12.84582,50.1629],[12.84333,50.16165],[12.84246,50.16132],[12.8418,50.16135],[12.84104,50.16028],[12.8406,50.1601],[12.84506,50.15768],[12.84655,50.15611],[12.84654,50.15518],[12.84585,50.15431],[12.84267,50.15317],[12.84224,50.15338],[12.84087,50.15293],[12.84025,50.15229],[12.84006,50.1509],[12.83915,50.14972],[12.84309,50.14981],[12.84314,50.14919],[12.84147,50.14857],[12.84143,50.14804],[12.83875,50.14715],[12.84047,50.14512],[12.84014,50.14498],[12.84099,50.1441],[12.8421,50.1443],[12.84209,50.1445],[12.84273,50.14469],[12.84323,50.14466],[12.84424,50.14404],[12.84576,50.14438],[12.84561,50.14388],[12.84642,50.14312],[12.84615,50.14188],[12.84791,50.13964],[12.84956,50.13977],[12.85203,50.13909],[12.85264,50.1396],[12.85264,50.14012],[12.85344,50.14002],[12.8536,50.13949],[12.85429,50.13877],[12.85579,50.13911],[12.8575,50.13877],[12.85778,50.13847],[12.85725,50.1377],[12.8573,50.13691],[12.86004,50.13667],[12.86165,50.13578],[12.86265,50.13559],[12.86624,50.1339],[12.86738,50.13275],[12.86942,50.13161],[12.86958,50.13109],[12.86914,50.13037],[12.86927,50.13006],[12.86967,50.12967],[12.87062,50.12948],[12.87077,50.1289],[12.87009,50.12708],[12.8697,50.1269],[12.86803,50.12728],[12.86705,50.1278],[12.86382,50.12832],[12.8625,50.1298],[12.86071,50.13121],[12.85997,50.13308],[12.85937,50.13371],[12.8546,50.13492],[12.8522,50.13464],[12.85308,50.13256],[12.85257,50.13173],[12.85168,50.13208],[12.8501,50.13226],[12.84979,50.13254],[12.84983,50.1331],[12.8493,50.13305],[12.84906,50.13201],[12.8491,50.13003],[12.84773,50.1289],[12.8458,50.12904],[12.84493,50.12933],[12.84297,50.12897],[12.8412,50.12895],[12.83959,50.12927],[12.83776,50.12897],[12.83653,50.12919],[12.83557,50.12839],[12.83463,50.12667],[12.83385,50.12591],[12.83261,50.12542],[12.82956,50.12493],[12.82922,50.12442],[12.82858,50.12452],[12.82825,50.12386],[12.82636,50.12446],[12.82546,50.12545],[12.82094,50.12729],[12.82088,50.12592],[12.81739,50.12501],[12.81476,50.12381],[12.81193,50.12113],[12.81057,50.12123],[12.80918,50.12072],[12.80852,50.12018],[12.80827,50.12027],[12.80723,50.11915],[12.80837,50.11796],[12.80775,50.11762],[12.80684,50.11784],[12.80686,50.11729],[12.8072,50.11681],[12.80703,50.11604],[12.80661,50.11564],[12.80569,50.11648],[12.80414,50.11707],[12.80579,50.11653],[12.80603,50.11687],[12.80574,50.11757],[12.80342,50.11845],[12.80402,50.11886],[12.80305,50.11845],[12.80227,50.11853],[12.80256,50.11891],[12.80104,50.11892],[12.79977,50.11923],[12.80193,50.12111],[12.80301,50.12112],[12.8028,50.12183],[12.79989,50.12228],[12.79689,50.12325],[12.79502,50.12357],[12.79331,50.12235],[12.79215,50.12208]]]}},{"type":"Feature","properties":{"name":"555045"},"geometry":{"type":"Polygon","coordinates":[[[12.74302,50.29117],[12.74019,50.29132],[12.73933,50.292],[12.73904,50.29301],[12.73864,50.2932],[12.73588,50.29341],[12.73518,50.29372],[12.73498,50.29411],[12.73422,50.29408],[12.73311,50.2925],[12.73308,50.29205],[12.73236,50.29077],[12.73253,50.29021],[12.73204,50.29023],[12.73349,50.28918],[12.73644,50.28774],[12.73742,50.28686],[12.7386,50.28667],[12.74157,50.28454],[12.74222,50.28382],[12.74395,50.28341],[12.74618,50.28148],[12.74882,50.27998],[12.749,50.27854],[12.75016,50.27741],[12.74699,50.27675],[12.74596,50.27632],[12.74703,50.27593],[12.74523,50.27367],[12.74478,50.27214],[12.7449,50.2717],[12.74645,50.27058],[12.75085,50.25727],[12.75146,50.25631],[12.75129,50.25595],[12.75149,50.25521],[12.75256,50.25467],[12.75477,50.25488],[12.75469,50.25456],[12.75866,50.25458],[12.76011,50.25385],[12.76418,50.25327],[12.76815,50.25208],[12.76903,50.25157],[12.76937,50.2511],[12.77066,50.24795],[12.77065,50.24729],[12.77097,50.24727],[12.77093,50.24828],[12.7725,50.24755],[12.77415,50.24715],[12.77506,50.24601],[12.77721,50.24819],[12.7783,50.24863],[12.78146,50.24837],[12.78206,50.25018],[12.78298,50.25184],[12.78528,50.25239],[12.78489,50.25327],[12.78387,50.25372],[12.78284,50.25468],[12.7803,50.25506],[12.78038,50.2552],[12.77914,50.25562],[12.77869,50.25623],[12.7786,50.25728],[12.7798,50.25774],[12.7805,50.25846],[12.78129,50.25813],[12.78303,50.25985],[12.78475,50.26073],[12.78497,50.26121],[12.78484,50.26186],[12.78432,50.2628],[12.78358,50.26301],[12.78366,50.26317],[12.78204,50.26319],[12.7806,50.26248],[12.77951,50.26232],[12.77963,50.26304],[12.77934,50.26388],[12.77644,50.26616],[12.77582,50.26694],[12.77566,50.26752],[12.77519,50.26755],[12.77474,50.26821],[12.77332,50.26904],[12.76984,50.27047],[12.7697,50.27068],[12.76991,50.27084],[12.76954,50.27158],[12.76873,50.27206],[12.76753,50.27215],[12.76688,50.27245],[12.76665,50.27267],[12.76692,50.27293],[12.76545,50.27293],[12.76477,50.27382],[12.76368,50.27447],[12.76143,50.27732],[12.76118,50.27778],[12.76143,50.27883],[12.75973,50.27963],[12.75839,50.27982],[12.75512,50.28225],[12.75715,50.28384],[12.75976,50.28523],[12.7584,50.28729],[12.75743,50.28781],[12.75605,50.28815],[12.75573,50.28874],[12.75433,50.28964],[12.75424,50.29059],[12.75349,50.29195],[12.75269,50.29283],[12.74942,50.29459],[12.74714,50.29303],[12.74517,50.29244],[12.74302,50.29117]]]}},{"type":"Feature","properties":{"name":"538434"},"geometry":{"type":"Polygon","coordinates":[[[12.63575,50.18545],[12.63743,50.185],[12.63455,50.18435],[12.63338,50.18326],[12.62794,50.18039],[12.62668,50.17978],[12.62408,50.17919],[12.62013,50.17716],[12.6193,50.17637],[12.6182,50.17419],[12.61708,50.17422],[12.61556,50.17191],[12.61514,50.17057],[12.61538,50.1698],[12.6144,50.16944],[12.6118,50.16996],[12.60717,50.17206],[12.60047,50.17124],[12.59975,50.17238],[12.59975,50.1739],[12.59909,50.17569],[12.59676,50.178],[12.59637,50.17906],[12.59563,50.18008],[12.59512,50.18059],[12.59266,50.18131],[12.59171,50.18125],[12.5915,50.18152],[12.59199,50.1825],[12.59183,50.18361],[12.58138,50.19153],[12.58202,50.19175],[12.58212,50.1926],[12.58115,50.19266],[12.58078,50.19321],[12.58174,50.19323],[12.58244,50.19564],[12.5837,50.19676],[12.58828,50.19858],[12.59069,50.19991],[12.593,50.20028],[12.59413,50.20009],[12.59518,50.20023],[12.59604,50.20051],[12.59686,50.20126],[12.5972,50.20083],[12.59793,50.2005],[12.59844,50.20057],[12.59855,50.20082],[12.59817,50.20091],[12.59802,50.20133],[12.59797,50.20319],[12.59657,50.20496],[12.5965,50.20601],[12.59714,50.20692],[12.5989,50.20808],[12.60173,50.20912],[12.60249,50.20991],[12.60008,50.21101],[12.59883,50.21198],[12.59779,50.21232],[12.60055,50.21361],[12.59935,50.21511],[12.60066,50.21451],[12.60272,50.21453],[12.60369,50.21331],[12.60295,50.21324],[12.60379,50.21254],[12.60494,50.21068],[12.60438,50.20961],[12.60467,50.20918],[12.60973,50.20884],[12.61047,50.20872],[12.61247,50.20772],[12.61336,50.2079],[12.61581,50.20682],[12.61664,50.20533],[12.61702,50.20398],[12.61851,50.20237],[12.63203,50.19773],[12.64022,50.19828],[12.65045,50.19831],[12.65139,50.19906],[12.65345,50.19904],[12.65342,50.19798],[12.65305,50.198],[12.65296,50.19753],[12.65362,50.19706],[12.65368,50.19639],[12.65319,50.19582],[12.65281,50.19475],[12.65119,50.19317],[12.64904,50.19213],[12.64848,50.19134],[12.64823,50.19153],[12.64732,50.19129],[12.64384,50.18971],[12.64253,50.18993],[12.63936,50.18973],[12.63568,50.18997],[12.63505,50.18953],[12.63606,50.18872],[12.63533,50.18855],[12.63635,50.18771],[12.63621,50.18762],[12.6365,50.18733],[12.63624,50.18731],[12.63566,50.18639],[12.63584,50.18614],[12.63575,50.18545]]]}},{"type":"Feature","properties":{"name":"506621"},"geometry":{"type":"Polygon","coordinates":[[[13.19383,50.11179],[13.19412,50.11077],[13.19081,50.11058],[13.19121,50.11001],[13.18928,50.10894],[13.18907,50.10861],[13.1893,50.10792],[13.18551,50.10597],[13.18171,50.10705],[13.17912,50.10738],[13.17798,50.10797],[13.17668,50.10794],[13.17611,50.10872],[13.17572,50.10884],[13.17211,50.10898],[13.17211,50.10965],[13.16644,50.10914],[13.16419,50.10965],[13.1635,50.11012],[13.16383,50.11066],[13.16314,50.1128],[13.16368,50.11379],[13.16328,50.11407],[13.1635,50.11443],[13.16277,50.11507],[13.16224,50.11519],[13.16113,50.11632],[13.16047,50.11631],[13.16103,50.11696],[13.15911,50.11801],[13.15892,50.11854],[13.15849,50.11874],[13.15847,50.11912],[13.15777,50.11971],[13.15721,50.11983],[13.1547,50.12185],[13.15416,50.12148],[13.15348,50.12198],[13.15299,50.12203],[13.15299,50.12241],[13.15217,50.12346],[13.1519,50.12435],[13.152,50.12492],[13.15103,50.12536],[13.15108,50.12594],[13.15077,50.12636],[13.15098,50.1273],[13.15078,50.12785],[13.14975,50.12861],[13.15027,50.12897],[13.15051,50.12949],[13.15145,50.1299],[13.15254,50.13076],[13.15222,50.13152],[13.15174,50.13169],[13.15138,50.13218],[13.15144,50.13271],[13.14986,50.13301],[13.15051,50.13353],[13.155,50.13355],[13.15615,50.13337],[13.15735,50.13354],[13.1583,50.13409],[13.15828,50.13449],[13.15873,50.13469],[13.15925,50.1357],[13.16004,50.13631],[13.16341,50.13643],[13.16359,50.13713],[13.16651,50.13722],[13.16679,50.13855],[13.16753,50.13825],[13.16855,50.13702],[13.17233,50.13762],[13.17286,50.13679],[13.17403,50.13643],[13.17575,50.13669],[13.17567,50.13768],[13.17604,50.13801],[13.17621,50.13792],[13.17612,50.13698],[13.17719,50.13585],[13.1773,50.13389],[13.17814,50.13387],[13.17845,50.13318],[13.17898,50.1332],[13.17887,50.13426],[13.17908,50.13428],[13.17905,50.13451],[13.18403,50.1352],[13.1853,50.13505],[13.18607,50.13572],[13.18685,50.13562],[13.19157,50.13772],[13.19266,50.13751],[13.19361,50.13706],[13.19409,50.13641],[13.19448,50.13637],[13.19463,50.13561],[13.19564,50.13516],[13.19569,50.13446],[13.19621,50.13413],[13.19653,50.1332],[13.19641,50.13298],[13.19505,50.13269],[13.19465,50.1323],[13.19106,50.13121],[13.19074,50.1308],[13.18992,50.13065],[13.18932,50.13023],[13.18919,50.12949],[13.18986,50.12939],[13.18998,50.12842],[13.19067,50.12773],[13.19085,50.12797],[13.19226,50.12797],[13.19225,50.12774],[13.19331,50.12881],[13.19415,50.13034],[13.19568,50.13106],[13.19758,50.1315],[13.20234,50.13137],[13.20964,50.13195],[13.21178,50.13234],[13.21466,50.13364],[13.21754,50.13394],[13.2237,50.134],[13.22597,50.13433],[13.22793,50.13417],[13.22939,50.13381],[13.23362,50.1307],[13.2288,50.13081],[13.22885,50.12981],[13.22916,50.12923],[13.2296,50.12856],[13.23027,50.12853],[13.23035,50.12722],[13.23064,50.12661],[13.23216,50.12505],[13.23456,50.12492],[13.23878,50.12628],[13.24033,50.12576],[13.2423,50.12463],[13.24293,50.12361],[13.23479,50.12197],[13.23319,50.12112],[13.23121,50.11933],[13.2287,50.11822],[13.22837,50.11905],[13.22657,50.11857],[13.22514,50.11767],[13.22179,50.11767],[13.22022,50.11737],[13.21938,50.11742],[13.21836,50.11783],[13.21392,50.11802],[13.20546,50.11904],[13.20175,50.12024],[13.1994,50.12139],[13.19756,50.11984],[13.19794,50.11951],[13.19755,50.11932],[13.19846,50.11886],[13.19905,50.1182],[13.20152,50.11752],[13.20179,50.11646],[13.20144,50.11603],[13.20135,50.11538],[13.19948,50.11488],[13.1967,50.11462],[13.19662,50.11477],[13.19713,50.1151],[13.19635,50.11547],[13.19522,50.11531],[13.19433,50.11462],[13.19445,50.11431],[13.19507,50.11398],[13.1945,50.11333],[13.19383,50.11179]]]}},{"type":"Feature","properties":{"name":"560600"},"geometry":{"type":"Polygon","coordinates":[[[12.56799,50.29163],[12.56925,50.2915],[12.56924,50.29089],[12.56872,50.28988],[12.56896,50.28945],[12.56875,50.28906],[12.5661,50.28977],[12.56617,50.28918],[12.56551,50.28921],[12.56563,50.28949],[12.56542,50.28958],[12.56353,50.28967],[12.56056,50.29069],[12.55642,50.28987],[12.55265,50.28836],[12.55218,50.28785],[12.55192,50.28661],[12.55016,50.28541],[12.54984,50.28473],[12.5488,50.28441],[12.54853,50.28384],[12.54872,50.2833],[12.54808,50.28209],[12.54782,50.28019],[12.54589,50.28155],[12.54597,50.28181],[12.54562,50.28183],[12.5439,50.2832],[12.54207,50.28397],[12.53855,50.28443],[12.53703,50.28435],[12.5368,50.2848],[12.53635,50.2849],[12.53604,50.28529],[12.53489,50.28699],[12.53473,50.28761],[12.53437,50.2879],[12.52874,50.28858],[12.52876,50.28885],[12.5336,50.28887],[12.53549,50.2892],[12.52965,50.29101],[12.52829,50.2937],[12.52531,50.29516],[12.5236,50.29732],[12.52319,50.29836],[12.52038,50.29953],[12.51999,50.30039],[12.5202,50.30135],[12.52002,50.30218],[12.5203,50.30224],[12.52026,50.30248],[12.52184,50.30312],[12.52782,50.30232],[12.53264,50.30368],[12.53219,50.30464],[12.53231,50.30487],[12.53074,50.30462],[12.53102,50.30504],[12.53098,50.30548],[12.52911,50.30626],[12.52945,50.30689],[12.52995,50.30721],[12.52959,50.30737],[12.52994,50.3083],[12.52963,50.30925],[12.53031,50.31017],[12.53201,50.31146],[12.53243,50.31204],[12.53141,50.31227],[12.53102,50.31263],[12.53166,50.31294],[12.53183,50.31347],[12.53401,50.31423],[12.53377,50.31463],[12.53414,50.31513],[12.53499,50.31561],[12.53461,50.31658],[12.53563,50.31687],[12.53545,50.31741],[12.53561,50.3176],[12.53906,50.31909],[12.53826,50.31969],[12.53988,50.32039],[12.54109,50.31954],[12.5433,50.32041],[12.54572,50.31975],[12.54608,50.3183],[12.54601,50.3175],[12.54923,50.31807],[12.54945,50.31772],[12.55029,50.31776],[12.55056,50.31714],[12.55117,50.31724],[12.55169,50.31787],[12.5525,50.31752],[12.55275,50.31668],[12.55333,50.31631],[12.5536,50.31571],[12.55438,50.31743],[12.55457,50.31851],[12.55476,50.31845],[12.55505,50.31728],[12.55488,50.31609],[12.55523,50.31495],[12.5562,50.31456],[12.55726,50.31357],[12.55818,50.31342],[12.55948,50.3128],[12.56014,50.31282],[12.5607,50.31204],[12.56167,50.31154],[12.56176,50.31095],[12.56254,50.31082],[12.56395,50.31116],[12.5649,50.3116],[12.56496,50.31187],[12.56823,50.31279],[12.56874,50.31323],[12.56833,50.31361],[12.56868,50.31388],[12.56844,50.31436],[12.56898,50.3148],[12.56958,50.31485],[12.57041,50.31447],[12.57138,50.31458],[12.57156,50.31431],[12.57227,50.31472],[12.57271,50.3157],[12.57369,50.31557],[12.57466,50.31612],[12.57667,50.31647],[12.57688,50.31684],[12.57743,50.31663],[12.57791,50.31531],[12.5785,50.31474],[12.5786,50.31398],[12.57929,50.31376],[12.5804,50.31273],[12.58003,50.31198],[12.58174,50.31058],[12.58183,50.3101],[12.58229,50.31001],[12.58383,50.31061],[12.58504,50.31057],[12.58676,50.30921],[12.58808,50.30952],[12.58649,50.30896],[12.58585,50.30835],[12.58612,50.30796],[12.58624,50.30564],[12.58713,50.30367],[12.58769,50.30364],[12.58725,50.30294],[12.58909,50.30282],[12.59078,50.30327],[12.59278,50.30019],[12.59631,50.29864],[12.59577,50.29809],[12.59584,50.2978],[12.59534,50.29747],[12.59419,50.29879],[12.59337,50.29873],[12.59052,50.30065],[12.5887,50.30152],[12.58786,50.30162],[12.58769,50.30186],[12.58707,50.30153],[12.58673,50.30054],[12.58586,50.30009],[12.58559,50.30087],[12.58534,50.30081],[12.58511,50.3011],[12.58234,50.30079],[12.58183,50.3006],[12.58156,50.30016],[12.58001,50.29992],[12.5776,50.29799],[12.57789,50.29792],[12.57809,50.29692],[12.57914,50.29657],[12.57944,50.29683],[12.58048,50.29676],[12.5804,50.29637],[12.58085,50.29605],[12.58299,50.29562],[12.58279,50.29544],[12.58319,50.29523],[12.58226,50.29465],[12.58262,50.29407],[12.5833,50.29362],[12.58263,50.29346],[12.58197,50.29289],[12.58146,50.29209],[12.58146,50.2913],[12.58001,50.29179],[12.57512,50.29208],[12.57471,50.29182],[12.57338,50.29272],[12.57285,50.2926],[12.57217,50.29337],[12.57114,50.29372],[12.56957,50.29326],[12.56799,50.29163]]]}},{"type":"Feature","properties":{"name":"560421"},"geometry":{"type":"Polygon","coordinates":[[[12.51226,50.13965],[12.51287,50.13908],[12.51373,50.13932],[12.51494,50.13816],[12.51588,50.13835],[12.51732,50.13788],[12.5174,50.1371],[12.51981,50.13641],[12.52053,50.13595],[12.51724,50.13588],[12.51581,50.1354],[12.51486,50.13657],[12.51418,50.13636],[12.51388,50.1372],[12.51339,50.13681],[12.5125,50.13753],[12.51269,50.13841],[12.51243,50.13881],[12.51115,50.13855],[12.51065,50.13811],[12.50754,50.13772],[12.50699,50.13643],[12.50727,50.13574],[12.50664,50.13551],[12.50617,50.13563],[12.50547,50.13522],[12.50547,50.13491],[12.50572,50.13482],[12.50535,50.13441],[12.50559,50.13428],[12.50557,50.13407],[12.49535,50.13302],[12.49429,50.13417],[12.48854,50.13383],[12.48832,50.13466],[12.48859,50.13607],[12.48756,50.13765],[12.48758,50.14062],[12.48736,50.14168],[12.48629,50.1442],[12.48515,50.14537],[12.48473,50.14714],[12.48519,50.14891],[12.48499,50.15056],[12.48518,50.15152],[12.48565,50.15238],[12.48731,50.15353],[12.49242,50.15584],[12.49489,50.15731],[12.49807,50.15832],[12.49981,50.15748],[12.50108,50.1576],[12.50144,50.15785],[12.50237,50.15767],[12.50254,50.15778],[12.50218,50.15861],[12.50329,50.1581],[12.50402,50.15847],[12.50409,50.16016],[12.50511,50.16045],[12.50569,50.16012],[12.50654,50.16054],[12.50798,50.16071],[12.50861,50.16118],[12.51023,50.15937],[12.51114,50.15993],[12.51311,50.16047],[12.51168,50.15743],[12.51162,50.15627],[12.51126,50.15521],[12.51232,50.1536],[12.51111,50.1524],[12.51354,50.14978],[12.51584,50.15017],[12.52,50.15005],[12.52737,50.15075],[12.5274,50.15058],[12.5299,50.15055],[12.52813,50.15006],[12.52629,50.14987],[12.5258,50.14944],[12.52426,50.1491],[12.52271,50.14908],[12.52287,50.14834],[12.5236,50.14731],[12.52295,50.14671],[12.52513,50.14634],[12.52854,50.14628],[12.52968,50.14592],[12.53094,50.14516],[12.52884,50.14406],[12.52486,50.14371],[12.51878,50.1423],[12.51752,50.14174],[12.51657,50.14083],[12.51226,50.13965]]]}},{"type":"Feature","properties":{"name":"537926"},"geometry":{"type":"Polygon","coordinates":[[[12.80984,50.21996],[12.81196,50.21872],[12.81159,50.21846],[12.81217,50.21733],[12.81143,50.21729],[12.80949,50.21588],[12.80978,50.21576],[12.80991,50.21533],[12.80413,50.21272],[12.80337,50.21176],[12.80241,50.21129],[12.8015,50.21018],[12.79804,50.20862],[12.79646,50.21002],[12.79629,50.21084],[12.79491,50.21174],[12.79427,50.21291],[12.79481,50.213],[12.79262,50.21444],[12.79253,50.2163],[12.793,50.21697],[12.79342,50.21715],[12.7956,50.21765],[12.79773,50.21873],[12.79947,50.21888],[12.80033,50.21947],[12.79954,50.21908],[12.79791,50.21893],[12.79504,50.21915],[12.79412,50.22048],[12.79303,50.2197],[12.78998,50.22103],[12.7903,50.22213],[12.78741,50.22248],[12.7855,50.22172],[12.78327,50.22186],[12.78261,50.22208],[12.78318,50.22326],[12.7819,50.22375],[12.78034,50.22497],[12.77866,50.22582],[12.77703,50.22636],[12.77478,50.22635],[12.769,50.22865],[12.76922,50.22905],[12.77529,50.22845],[12.77792,50.2291],[12.78366,50.23221],[12.78388,50.23273],[12.78516,50.23341],[12.78499,50.2338],[12.78458,50.234],[12.78495,50.23449],[12.78533,50.23456],[12.78522,50.23479],[12.78614,50.23539],[12.78609,50.23575],[12.78649,50.23619],[12.78736,50.23653],[12.78735,50.23716],[12.78706,50.23723],[12.78755,50.23784],[12.78736,50.23812],[12.79265,50.23827],[12.79355,50.23811],[12.79312,50.23737],[12.79221,50.23691],[12.79192,50.23623],[12.79526,50.23534],[12.79547,50.23498],[12.79677,50.23561],[12.79737,50.23547],[12.79795,50.2357],[12.79804,50.23526],[12.79872,50.23496],[12.79891,50.23454],[12.79938,50.23461],[12.79976,50.23508],[12.8006,50.23373],[12.80062,50.23316],[12.80182,50.23273],[12.80338,50.23269],[12.80401,50.23311],[12.80456,50.23266],[12.8055,50.23248],[12.81481,50.23292],[12.82015,50.23257],[12.82032,50.23241],[12.82021,50.23205],[12.82187,50.23021],[12.82129,50.22963],[12.82014,50.22975],[12.81989,50.2278],[12.81839,50.22786],[12.81758,50.22738],[12.81516,50.22706],[12.81392,50.22663],[12.81371,50.22634],[12.81418,50.22513],[12.81606,50.22547],[12.81752,50.22435],[12.81713,50.22382],[12.8185,50.22283],[12.81805,50.22235],[12.81798,50.22155],[12.81298,50.22203],[12.80905,50.2219],[12.8098,50.22081],[12.80984,50.21996]]]}},{"type":"Feature","properties":{"name":"555215"},"geometry":{"type":"Polygon","coordinates":[[[12.92745,50.35257],[12.92697,50.35079],[12.9274,50.34972],[12.92593,50.34837],[12.92565,50.34735],[12.92584,50.34621],[12.92401,50.34347],[12.92405,50.34296],[12.92487,50.34205],[12.92366,50.34043],[12.92359,50.33976],[12.92294,50.33904],[12.92305,50.33867],[12.92277,50.33816],[12.92292,50.33773],[12.92165,50.3379],[12.92103,50.33826],[12.92072,50.33772],[12.92224,50.33717],[12.92163,50.3352],[12.92082,50.33369],[12.91896,50.3337],[12.91864,50.33302],[12.91791,50.33274],[12.91742,50.33361],[12.91649,50.33352],[12.91484,50.33378],[12.91388,50.33455],[12.90962,50.33589],[12.90604,50.33754],[12.90504,50.33833],[12.90167,50.34022],[12.90062,50.34096],[12.90062,50.34227],[12.9014,50.34507],[12.89942,50.34571],[12.89754,50.3467],[12.89532,50.34657],[12.89049,50.34738],[12.88314,50.34762],[12.88197,50.34756],[12.87913,50.34674],[12.87672,50.34635],[12.87679,50.34701],[12.87583,50.34776],[12.87527,50.34892],[12.87528,50.34937],[12.87464,50.35036],[12.87483,50.35095],[12.87413,50.35235],[12.87435,50.35297],[12.87389,50.35324],[12.87369,50.35374],[12.874,50.35494],[12.87324,50.35529],[12.87324,50.35607],[12.87297,50.35631],[12.86789,50.35791],[12.86402,50.35865],[12.86225,50.35847],[12.85147,50.35849],[12.84986,50.35831],[12.84841,50.35771],[12.84664,50.3578],[12.84484,50.35746],[12.84492,50.35792],[12.84669,50.35818],[12.84768,50.35849],[12.84803,50.35889],[12.848,50.35916],[12.84733,50.35946],[12.84627,50.35915],[12.8451,50.36063],[12.84451,50.36078],[12.84438,50.36166],[12.84557,50.36216],[12.84497,50.36318],[12.84843,50.36359],[12.85006,50.36451],[12.84764,50.36614],[12.84536,50.36692],[12.84473,50.36774],[12.84234,50.3677],[12.84228,50.36795],[12.84373,50.36879],[12.84687,50.3695],[12.84737,50.37066],[12.83507,50.36868],[12.83431,50.36914],[12.83526,50.3693],[12.83625,50.37025],[12.83695,50.3706],[12.83765,50.37177],[12.83796,50.37383],[12.83881,50.3744],[12.83856,50.3747],[12.83892,50.3748],[12.83879,50.37521],[12.8371,50.37487],[12.83531,50.3739],[12.83457,50.37381],[12.83406,50.37402],[12.83253,50.37582],[12.83078,50.37589],[12.83034,50.37699],[12.83183,50.37732],[12.83054,50.37917],[12.83054,50.3807],[12.83252,50.38097],[12.83376,50.38192],[12.83642,50.38224],[12.83819,50.38279],[12.83942,50.38372],[12.84091,50.38425],[12.84388,50.38605],[12.84294,50.38675],[12.84285,50.38755],[12.84338,50.38752],[12.84344,50.3877],[12.84282,50.38807],[12.8428,50.38867],[12.84242,50.38936],[12.84171,50.38939],[12.84145,50.39018],[12.84354,50.39057],[12.84349,50.39093],[12.84657,50.39086],[12.84659,50.39153],[12.84693,50.39215],[12.84778,50.39275],[12.84788,50.39336],[12.84833,50.3939],[12.84971,50.3949],[12.84807,50.39564],[12.84777,50.39657],[12.84989,50.3979],[12.85088,50.39888],[12.85384,50.39858],[12.86189,50.40168],[12.86818,50.39987],[12.87165,50.40178],[12.87408,50.40262],[12.87711,50.40126],[12.88241,50.39968],[12.88895,50.40093],[12.89023,50.4016],[12.89141,50.40166],[12.89824,50.40061],[12.90827,50.40191],[12.91713,50.40347],[12.92199,50.40368],[12.92432,50.40489],[12.92843,50.40576],[12.93212,50.40586],[12.93502,50.40621],[12.93622,50.40715],[12.93747,50.40638],[12.94337,50.4044],[12.94634,50.40412],[12.94818,50.40436],[12.94828,50.40482],[12.95001,50.40409],[12.95464,50.40284],[12.95818,50.40161],[12.96418,50.40105],[12.96574,50.40017],[12.96678,50.39909],[12.96901,50.398],[12.96984,50.3968],[12.97018,50.39533],[12.97144,50.39286],[12.97351,50.39117],[12.97438,50.38941],[12.97442,50.38877],[12.97673,50.38698],[12.97884,50.38358],[12.97888,50.38295],[12.97784,50.38202],[12.97497,50.38057],[12.97433,50.37983],[12.97364,50.3781],[12.97497,50.37555],[12.97449,50.3724],[12.97688,50.36979],[12.97551,50.36905],[12.97438,50.36901],[12.97374,50.36926],[12.97279,50.37085],[12.97195,50.37134],[12.96918,50.37208],[12.9679,50.37164],[12.96687,50.37191],[12.96485,50.37122],[12.9626,50.37095],[12.96099,50.36979],[12.96014,50.36877],[12.95964,50.36884],[12.95577,50.3669],[12.953,50.36652],[12.95172,50.36657],[12.95035,50.36623],[12.94789,50.36436],[12.94773,50.36418],[12.94801,50.36401],[12.94719,50.36374],[12.947,50.36402],[12.945,50.36277],[12.94463,50.36181],[12.94377,50.36063],[12.94409,50.36032],[12.94546,50.36038],[12.94528,50.36001],[12.94419,50.35994],[12.94415,50.3595],[12.94381,50.35914],[12.94363,50.35927],[12.94319,50.35905],[12.9428,50.35932],[12.94142,50.35835],[12.94107,50.35751],[12.94126,50.35677],[12.9409,50.35662],[12.94154,50.35578],[12.94117,50.35291],[12.94043,50.35309],[12.93984,50.35257],[12.93943,50.35261],[12.93822,50.35141],[12.93804,50.35095],[12.93616,50.34965],[12.93434,50.34897],[12.93353,50.3482],[12.93316,50.34904],[12.93291,50.34901],[12.93193,50.35055],[12.93164,50.35048],[12.93131,50.35083],[12.93152,50.35171],[12.9321,50.35221],[12.93208,50.35273],[12.9295,50.35305],[12.92745,50.35257]]]}},{"type":"Feature","properties":{"name":"555681"},"geometry":{"type":"Polygon","coordinates":[[[12.94783,50.05884],[12.94864,50.05728],[12.9485,50.05629],[12.95008,50.05669],[12.95191,50.0559],[12.95277,50.05522],[12.95305,50.05338],[12.95338,50.05319],[12.95301,50.05232],[12.95329,50.05253],[12.95347,50.05218],[12.95268,50.05056],[12.95147,50.04954],[12.95165,50.0489],[12.95013,50.04828],[12.95019,50.04795],[12.95097,50.04777],[12.95138,50.04713],[12.95136,50.04672],[12.95175,50.04681],[12.95171,50.04634],[12.95198,50.04627],[12.95189,50.04531],[12.95136,50.04507],[12.95168,50.04444],[12.95104,50.04398],[12.95052,50.04391],[12.95003,50.04419],[12.94862,50.04406],[12.94909,50.04382],[12.94906,50.04344],[12.94675,50.04318],[12.94406,50.04311],[12.94393,50.04392],[12.94014,50.04406],[12.94017,50.04366],[12.93929,50.04296],[12.93565,50.04278],[12.93309,50.04303],[12.92718,50.04307],[12.92154,50.04404],[12.91945,50.04751],[12.91834,50.04877],[12.91656,50.05014],[12.91131,50.05301],[12.91043,50.05419],[12.90913,50.05515],[12.90601,50.05676],[12.90288,50.05775],[12.90177,50.05838],[12.90129,50.05896],[12.90679,50.05955],[12.9078,50.06007],[12.91153,50.05956],[12.91393,50.05992],[12.91397,50.06134],[12.91118,50.06152],[12.91109,50.06121],[12.91052,50.0613],[12.91058,50.06213],[12.92027,50.06283],[12.92409,50.06336],[12.92659,50.06404],[12.92718,50.06505],[12.92735,50.06483],[12.9276,50.06513],[12.92927,50.0658],[12.92986,50.06684],[12.93081,50.06785],[12.93217,50.0683],[12.93204,50.06861],[12.93251,50.06878],[12.93153,50.07],[12.93111,50.07168],[12.93095,50.07169],[12.93101,50.07147],[12.93029,50.07147],[12.927,50.07182],[12.9272,50.0723],[12.92714,50.07339],[12.92791,50.07385],[12.92759,50.07437],[12.92893,50.07493],[12.9295,50.07571],[12.92854,50.07658],[12.92787,50.07622],[12.92686,50.07679],[12.92835,50.07809],[12.92883,50.07773],[12.92938,50.07793],[12.93003,50.07769],[12.93092,50.07701],[12.93195,50.0772],[12.93243,50.07848],[12.93058,50.07973],[12.93218,50.08038],[12.93296,50.08118],[12.9315,50.08184],[12.93152,50.08289],[12.9318,50.08309],[12.93205,50.08404],[12.93319,50.08348],[12.93328,50.08321],[12.93365,50.0833],[12.93344,50.08368],[12.93293,50.08375],[12.93312,50.08456],[12.93333,50.08484],[12.93431,50.08474],[12.93557,50.08862],[12.93591,50.08886],[12.93409,50.08938],[12.93301,50.09025],[12.9298,50.08913],[12.92658,50.08889],[12.92567,50.08735],[12.92676,50.08938],[12.92719,50.09253],[12.92513,50.0924],[12.92426,50.09201],[12.92426,50.09011],[12.92245,50.09039],[12.92101,50.09091],[12.92102,50.0917],[12.9171,50.09316],[12.91582,50.09328],[12.91554,50.09287],[12.91325,50.09263],[12.91308,50.09288],[12.91226,50.09298],[12.91036,50.09185],[12.90804,50.09164],[12.9064,50.09233],[12.90618,50.09254],[12.90474,50.09777],[12.89725,50.10146],[12.88815,50.10365],[12.88541,50.10521],[12.88356,50.10566],[12.88339,50.10915],[12.88542,50.11072],[12.88492,50.11158],[12.88516,50.11423],[12.88692,50.11332],[12.89328,50.11143],[12.89474,50.11162],[12.90332,50.11152],[12.90641,50.11185],[12.91801,50.11027],[12.91197,50.1134],[12.91405,50.11345],[12.91568,50.11305],[12.91853,50.11321],[12.91941,50.11375],[12.92094,50.11409],[12.92181,50.11475],[12.92261,50.11538],[12.92359,50.11673],[12.92324,50.11753],[12.92203,50.11826],[12.92185,50.11887],[12.92211,50.11954],[12.92396,50.12004],[12.92689,50.12214],[12.92726,50.12283],[12.92793,50.12332],[12.92811,50.12421],[12.92874,50.12488],[12.92973,50.12535],[12.92978,50.12589],[12.92937,50.12648],[12.92945,50.12733],[12.93043,50.12756],[12.93171,50.12755],[12.93353,50.12692],[12.93432,50.12638],[12.93539,50.12617],[12.93562,50.1268],[12.93456,50.12729],[12.93486,50.12754],[12.93687,50.12756],[12.93762,50.12732],[12.9371,50.12658],[12.93639,50.12617],[12.93623,50.12553],[12.93737,50.12504],[12.93812,50.12536],[12.93867,50.12484],[12.93964,50.1248],[12.94001,50.12555],[12.94085,50.12545],[12.94159,50.12486],[12.94116,50.12446],[12.94164,50.12378],[12.94217,50.1236],[12.94269,50.12293],[12.94329,50.12264],[12.94358,50.12272],[12.94355,50.1233],[12.94388,50.12361],[12.94468,50.12346],[12.94492,50.12335],[12.94528,50.1222],[12.94625,50.12164],[12.94717,50.12192],[12.94758,50.12302],[12.94809,50.12337],[12.94841,50.12411],[12.94868,50.12415],[12.9518,50.12368],[12.9532,50.12391],[12.95365,50.12361],[12.95461,50.12358],[12.95441,50.12279],[12.95691,50.12183],[12.9608,50.12239],[12.96299,50.12327],[12.96512,50.12323],[12.96626,50.12347],[12.96735,50.12306],[12.97006,50.12366],[12.97037,50.12528],[12.97422,50.12475],[12.97512,50.12438],[12.97555,50.12387],[12.97562,50.12345],[12.97514,50.12314],[12.9762,50.12213],[12.97603,50.12199],[12.97619,50.12158],[12.9757,50.12117],[12.97577,50.12101],[12.97788,50.12013],[12.97955,50.1207],[12.98035,50.11943],[12.98068,50.11823],[12.98032,50.11708],[12.98515,50.11677],[12.98482,50.11601],[12.98466,50.11391],[12.98607,50.11294],[12.98655,50.11056],[12.98606,50.11004],[12.98601,50.10935],[12.98536,50.10828],[12.98594,50.10611],[12.98695,50.10492],[12.98786,50.10268],[12.98802,50.10104],[12.9889,50.09974],[12.98896,50.09927],[12.99106,50.09853],[12.99449,50.09796],[12.99667,50.09694],[12.99371,50.09677],[12.99328,50.09599],[12.99184,50.09562],[12.99224,50.09543],[12.99219,50.0951],[12.99163,50.09493],[12.99159,50.09422],[12.99049,50.09407],[12.99054,50.09365],[12.99142,50.09354],[12.99157,50.09332],[12.99124,50.0932],[12.99141,50.09283],[12.99038,50.09175],[12.99002,50.09161],[12.98893,50.09188],[12.98881,50.09167],[12.98753,50.09217],[12.98646,50.09211],[12.98633,50.09244],[12.98596,50.09257],[12.98472,50.09231],[12.98361,50.09149],[12.98382,50.09172],[12.98311,50.0917],[12.98298,50.09147],[12.98328,50.0912],[12.98285,50.09119],[12.98244,50.09076],[12.98342,50.09021],[12.98269,50.09016],[12.98266,50.08996],[12.98311,50.08985],[12.98314,50.08949],[12.98269,50.08909],[12.98199,50.08896],[12.98218,50.08872],[12.98136,50.08802],[12.98142,50.08721],[12.98179,50.08698],[12.98582,50.08686],[12.98695,50.08625],[12.98703,50.08559],[12.98612,50.0848],[12.9836,50.08444],[12.98077,50.08303],[12.98058,50.08146],[12.98182,50.08003],[12.98133,50.07933],[12.98004,50.07875],[12.98091,50.07708],[12.98033,50.0768],[12.98021,50.07573],[12.97887,50.07471],[12.97858,50.07401],[12.9807,50.0724],[12.98058,50.07097],[12.98025,50.07058],[12.97897,50.06998],[12.97915,50.06955],[12.97968,50.06918],[12.97881,50.06906],[12.97794,50.06928],[12.97755,50.07004],[12.97762,50.07044],[12.97719,50.07054],[12.9773,50.06955],[12.96978,50.06804],[12.96872,50.06478],[12.96944,50.06444],[12.96835,50.0637],[12.96092,50.06255],[12.96,50.06233],[12.95868,50.0616],[12.9543,50.06079],[12.95148,50.05947],[12.94902,50.05929],[12.94783,50.05884]]]}},{"type":"Feature","properties":{"name":"538116"},"geometry":{"type":"Polygon","coordinates":[[[12.84257,50.28348],[12.84438,50.28247],[12.85,50.28197],[12.85374,50.28245],[12.86143,50.28281],[12.86636,50.28211],[12.86621,50.27971],[12.86442,50.27718],[12.86408,50.27537],[12.86443,50.2742],[12.86351,50.27312],[12.8617,50.27342],[12.86062,50.27174],[12.85954,50.27061],[12.86138,50.27051],[12.86386,50.27078],[12.86412,50.27067],[12.86393,50.26881],[12.86279,50.26921],[12.8617,50.26909],[12.86108,50.26952],[12.85936,50.26965],[12.85903,50.2699],[12.85819,50.2697],[12.85544,50.27002],[12.85427,50.26987],[12.85365,50.26797],[12.85304,50.26807],[12.85364,50.26765],[12.85278,50.26772],[12.85195,50.26745],[12.85273,50.26689],[12.85152,50.26652],[12.85055,50.26563],[12.8498,50.26531],[12.84962,50.26588],[12.84898,50.26628],[12.8461,50.26541],[12.84487,50.26473],[12.84274,50.26453],[12.84369,50.26622],[12.84131,50.26783],[12.84329,50.26792],[12.84207,50.26906],[12.84031,50.26926],[12.83819,50.27276],[12.83798,50.2749],[12.83713,50.27901],[12.83647,50.28048],[12.83397,50.28057],[12.8316,50.27995],[12.83118,50.28083],[12.82982,50.28063],[12.8242,50.2789],[12.82356,50.27911],[12.82342,50.27883],[12.82191,50.27861],[12.82193,50.27918],[12.82104,50.27914],[12.82061,50.27857],[12.814,50.27829],[12.8139,50.27804],[12.81256,50.27824],[12.80916,50.27761],[12.80891,50.27734],[12.80853,50.27735],[12.80819,50.27771],[12.8051,50.2772],[12.80095,50.27774],[12.79703,50.28022],[12.79416,50.28125],[12.7916,50.28323],[12.79011,50.28279],[12.78921,50.28225],[12.78828,50.28232],[12.78931,50.28326],[12.78956,50.2849],[12.79262,50.2885],[12.79131,50.28903],[12.79215,50.29073],[12.7929,50.29124],[12.79226,50.29257],[12.79501,50.29352],[12.79611,50.29542],[12.79767,50.29674],[12.79835,50.29802],[12.79807,50.29866],[12.79666,50.29965],[12.79612,50.30031],[12.79534,50.30283],[12.79381,50.30588],[12.79408,50.30658],[12.79362,50.30707],[12.79374,50.30912],[12.79398,50.30952],[12.79623,50.30924],[12.79885,50.30976],[12.80098,50.30986],[12.80242,50.31045],[12.80509,50.31028],[12.80653,50.31036],[12.80715,50.31063],[12.80863,50.31058],[12.80889,50.3119],[12.81005,50.31211],[12.81094,50.31309],[12.81437,50.31291],[12.8156,50.31237],[12.81663,50.31274],[12.82022,50.31105],[12.82276,50.30899],[12.82377,50.30672],[12.82574,50.30522],[12.82728,50.30466],[12.82599,50.30319],[12.82506,50.30288],[12.82327,50.30277],[12.82225,50.30228],[12.82288,50.3019],[12.82201,50.30133],[12.82239,50.30109],[12.82217,50.30069],[12.82324,50.30088],[12.82362,50.30135],[12.82544,50.30158],[12.82568,50.30104],[12.8259,50.30107],[12.82582,50.30017],[12.82631,50.30018],[12.82657,50.29981],[12.82617,50.29956],[12.82648,50.29899],[12.82745,50.2989],[12.82759,50.29816],[12.83079,50.2984],[12.83085,50.29897],[12.83123,50.29873],[12.8355,50.29817],[12.83826,50.29676],[12.8383,50.29602],[12.83874,50.29531],[12.83851,50.29479],[12.83639,50.29369],[12.8359,50.29289],[12.83576,50.29257],[12.83626,50.29163],[12.83582,50.29092],[12.83588,50.29051],[12.83677,50.28919],[12.83888,50.28741],[12.84032,50.28504],[12.84222,50.28347],[12.84257,50.28348]]]}},{"type":"Feature","properties":{"name":"555550"},"geometry":{"type":"Polygon","coordinates":[[[12.90048,50.12108],[12.90254,50.11843],[12.91801,50.11027],[12.90641,50.11185],[12.90332,50.11152],[12.89474,50.11162],[12.89328,50.11143],[12.88692,50.11332],[12.88516,50.11423],[12.88492,50.11158],[12.88542,50.11072],[12.88363,50.10944],[12.88272,50.10978],[12.88177,50.11054],[12.87998,50.11125],[12.87965,50.11162],[12.87807,50.11212],[12.87738,50.11297],[12.87663,50.11317],[12.8764,50.11348],[12.87118,50.11218],[12.86814,50.11116],[12.86438,50.11051],[12.86391,50.11075],[12.86392,50.11142],[12.86337,50.11153],[12.86307,50.11271],[12.8633,50.11503],[12.86407,50.11604],[12.86647,50.11746],[12.86457,50.11708],[12.86319,50.11745],[12.86222,50.11812],[12.86104,50.11793],[12.86093,50.11848],[12.8612,50.11904],[12.86083,50.11963],[12.86144,50.12037],[12.86459,50.12234],[12.86732,50.12269],[12.8685,50.12323],[12.87031,50.12355],[12.87146,50.12403],[12.87618,50.1248],[12.87267,50.12717],[12.8721,50.12812],[12.87231,50.12811],[12.87189,50.12935],[12.87318,50.13118],[12.87308,50.13159],[12.87342,50.13248],[12.87306,50.13339],[12.87313,50.13415],[12.87276,50.13495],[12.87149,50.13557],[12.86974,50.13717],[12.86982,50.13737],[12.86945,50.1377],[12.86938,50.13994],[12.86738,50.14107],[12.86587,50.14137],[12.86474,50.14127],[12.86427,50.14262],[12.86379,50.14288],[12.86443,50.14368],[12.86604,50.14448],[12.86679,50.1446],[12.86757,50.14522],[12.86728,50.1457],[12.86563,50.14648],[12.8655,50.14686],[12.86721,50.14784],[12.86696,50.14886],[12.86377,50.14929],[12.86537,50.14976],[12.86612,50.14966],[12.86701,50.15004],[12.86545,50.15033],[12.86407,50.15146],[12.86367,50.1523],[12.86379,50.15276],[12.86743,50.15229],[12.86723,50.15323],[12.86646,50.15456],[12.86719,50.1549],[12.86777,50.15655],[12.86815,50.15676],[12.86825,50.15748],[12.86788,50.15786],[12.86571,50.15793],[12.86316,50.15756],[12.86249,50.15816],[12.85988,50.15851],[12.85632,50.15824],[12.85587,50.15903],[12.85523,50.15902],[12.85415,50.15969],[12.85429,50.16021],[12.85501,50.16081],[12.85462,50.16193],[12.85516,50.16191],[12.85502,50.16218],[12.85573,50.16286],[12.85164,50.16298],[12.84952,50.16357],[12.84802,50.16531],[12.84266,50.16671],[12.84235,50.1672],[12.84346,50.16835],[12.84443,50.16882],[12.84434,50.169],[12.84515,50.16956],[12.84562,50.17131],[12.84584,50.17145],[12.84571,50.17174],[12.84736,50.17321],[12.84792,50.17427],[12.84807,50.17531],[12.84791,50.17627],[12.84722,50.17746],[12.84469,50.17917],[12.84398,50.18009],[12.84372,50.18009],[12.84371,50.18028],[12.84187,50.1799],[12.84238,50.18063],[12.84231,50.18213],[12.84165,50.18275],[12.83943,50.18376],[12.84005,50.18522],[12.84126,50.18648],[12.84344,50.1867],[12.8461,50.18641],[12.84718,50.1887],[12.84705,50.18969],[12.84632,50.19052],[12.84421,50.19474],[12.84412,50.19618],[12.84498,50.19742],[12.84679,50.19829],[12.84883,50.19893],[12.8508,50.19918],[12.853,50.19909],[12.85488,50.1986],[12.85562,50.19816],[12.85633,50.19734],[12.85621,50.19713],[12.85752,50.19606],[12.85891,50.19406],[12.86232,50.19363],[12.866,50.19405],[12.86607,50.19308],[12.86535,50.19249],[12.86383,50.19214],[12.86335,50.19182],[12.86225,50.19077],[12.86193,50.19001],[12.86183,50.18956],[12.86219,50.18802],[12.86246,50.18802],[12.86329,50.18673],[12.86317,50.18586],[12.86288,50.18554],[12.86317,50.18487],[12.86349,50.18472],[12.86592,50.18527],[12.8669,50.1852],[12.86805,50.18442],[12.86837,50.18284],[12.86947,50.18142],[12.86991,50.18126],[12.87218,50.18199],[12.87423,50.18135],[12.87463,50.18102],[12.8745,50.1799],[12.87504,50.17842],[12.8748,50.17749],[12.87509,50.17692],[12.87795,50.17689],[12.87851,50.17724],[12.87911,50.17726],[12.87927,50.1769],[12.88001,50.17659],[12.87999,50.17628],[12.88146,50.17648],[12.88228,50.1778],[12.88278,50.17806],[12.8831,50.17656],[12.88404,50.17619],[12.88482,50.17593],[12.88636,50.17602],[12.88686,50.17647],[12.88707,50.17592],[12.88694,50.17554],[12.88551,50.1748],[12.88584,50.17436],[12.88586,50.17375],[12.88809,50.17375],[12.88942,50.17341],[12.89001,50.173],[12.88968,50.17268],[12.89049,50.17231],[12.89036,50.17196],[12.8897,50.17159],[12.8898,50.17114],[12.89015,50.17097],[12.89148,50.1707],[12.89246,50.17121],[12.89335,50.17134],[12.89488,50.17217],[12.89695,50.17263],[12.89549,50.17361],[12.89573,50.17451],[12.89705,50.17513],[12.89777,50.1748],[12.89902,50.17538],[12.89923,50.17627],[12.89984,50.1756],[12.89997,50.17512],[12.89934,50.17451],[12.90024,50.17388],[12.90105,50.17393],[12.90246,50.17489],[12.90255,50.17367],[12.9038,50.17415],[12.90418,50.17463],[12.90447,50.17459],[12.90429,50.17338],[12.90515,50.17263],[12.90648,50.17274],[12.90802,50.17235],[12.9079,50.17177],[12.90914,50.17261],[12.91069,50.17308],[12.91127,50.17272],[12.91276,50.17339],[12.9137,50.17457],[12.91366,50.1749],[12.91393,50.17473],[12.91692,50.17474],[12.91819,50.17543],[12.91811,50.17452],[12.9187,50.17409],[12.92067,50.17428],[12.92122,50.17375],[12.9214,50.17321],[12.92122,50.17251],[12.91918,50.16985],[12.91879,50.1683],[12.91663,50.16684],[12.91633,50.16615],[12.91525,50.16485],[12.91532,50.16436],[12.91651,50.16226],[12.91661,50.16052],[12.9183,50.15911],[12.92553,50.15557],[12.92562,50.15481],[12.92425,50.153],[12.92511,50.1519],[12.92635,50.15165],[12.92703,50.15126],[12.92758,50.15074],[12.92789,50.14976],[12.9283,50.14926],[12.93159,50.14855],[12.93105,50.14719],[12.93171,50.14618],[12.93468,50.14629],[12.93514,50.14566],[12.93443,50.14442],[12.93375,50.14393],[12.93336,50.14307],[12.9308,50.14188],[12.9308,50.14242],[12.93006,50.14306],[12.92951,50.14262],[12.92614,50.14168],[12.92438,50.14165],[12.92343,50.14112],[12.92246,50.1411],[12.92253,50.14022],[12.9231,50.13999],[12.92272,50.13968],[12.923,50.13796],[12.92326,50.13774],[12.92406,50.13807],[12.92448,50.13791],[12.92629,50.13658],[12.92655,50.13597],[12.92742,50.13503],[12.92699,50.13481],[12.92669,50.13416],[12.92537,50.13399],[12.92237,50.13419],[12.92142,50.13462],[12.91879,50.13417],[12.91804,50.13355],[12.91696,50.13379],[12.91514,50.13337],[12.91464,50.13301],[12.91358,50.13128],[12.91244,50.13104],[12.91214,50.13057],[12.91233,50.12991],[12.91213,50.12951],[12.91128,50.1295],[12.91071,50.12919],[12.91087,50.12785],[12.91122,50.12729],[12.91001,50.12614],[12.90987,50.12584],[12.91014,50.12529],[12.90986,50.12482],[12.90909,50.12442],[12.90825,50.12511],[12.90795,50.12579],[12.90676,50.12619],[12.90601,50.12547],[12.90628,50.12503],[12.9046,50.12471],[12.90363,50.12495],[12.90142,50.12495],[12.90085,50.1247],[12.90025,50.12486],[12.89931,50.12381],[12.89923,50.12299],[12.89961,50.12201],[12.89947,50.12159],[12.90048,50.12108]]]}},{"type":"Feature","properties":{"name":"556947"},"geometry":{"type":"Polygon","coordinates":[[[12.94441,50.2004],[12.94233,50.2018],[12.9416,50.20303],[12.9403,50.20218],[12.93239,50.19909],[12.93164,50.19818],[12.92954,50.19797],[12.92633,50.19669],[12.92467,50.19706],[12.92186,50.19705],[12.92201,50.19571],[12.92242,50.19466],[12.92042,50.19394],[12.91867,50.1927],[12.91554,50.19233],[12.91587,50.19123],[12.91809,50.18907],[12.91743,50.18714],[12.91539,50.18704],[12.91258,50.18606],[12.91289,50.18564],[12.91297,50.18494],[12.9142,50.1848],[12.91406,50.18436],[12.91425,50.18401],[12.91653,50.18286],[12.91748,50.18088],[12.91881,50.17939],[12.91684,50.17957],[12.91661,50.17892],[12.91723,50.17881],[12.91708,50.17832],[12.91627,50.1776],[12.91643,50.1771],[12.91572,50.17674],[12.91571,50.17593],[12.91602,50.17533],[12.91578,50.17473],[12.91692,50.17474],[12.91819,50.17543],[12.91811,50.17452],[12.9187,50.17409],[12.92067,50.17428],[12.92122,50.17375],[12.9214,50.17321],[12.92122,50.17251],[12.91918,50.16985],[12.91857,50.16801],[12.91956,50.16747],[12.91989,50.16611],[12.91967,50.16564],[12.92203,50.16586],[12.92476,50.16558],[12.92726,50.16434],[12.92936,50.16415],[12.93092,50.16354],[12.93202,50.16383],[12.93264,50.16438],[12.93296,50.16412],[12.93384,50.16429],[12.93497,50.16407],[12.936,50.16478],[12.93661,50.16483],[12.93705,50.16657],[12.9375,50.16725],[12.93723,50.16765],[12.93812,50.16827],[12.93773,50.16845],[12.93786,50.16864],[12.93856,50.16873],[12.93822,50.16955],[12.93842,50.16988],[12.93849,50.17206],[12.93787,50.17291],[12.93832,50.1735],[12.9385,50.17452],[12.93924,50.17545],[12.93979,50.17573],[12.93986,50.17603],[12.93906,50.17683],[12.94027,50.17735],[12.94206,50.17761],[12.94253,50.17898],[12.94314,50.17893],[12.94374,50.18061],[12.94497,50.18044],[12.94628,50.18067],[12.94685,50.18029],[12.94727,50.17953],[12.94797,50.17918],[12.94888,50.17978],[12.9499,50.18001],[12.95,50.17922],[12.95155,50.17863],[12.95181,50.17902],[12.95257,50.17921],[12.95255,50.17993],[12.95284,50.18036],[12.95328,50.18057],[12.95401,50.18047],[12.9541,50.18103],[12.95521,50.18147],[12.9552,50.18185],[12.95709,50.18327],[12.95706,50.18408],[12.95808,50.18482],[12.9584,50.18609],[12.95648,50.18629],[12.95361,50.18729],[12.95257,50.18675],[12.94905,50.18848],[12.94847,50.18861],[12.94805,50.18831],[12.94711,50.18919],[12.94721,50.18949],[12.94631,50.18944],[12.94509,50.19001],[12.94374,50.18966],[12.94296,50.18979],[12.94313,50.19103],[12.94298,50.19128],[12.94167,50.19296],[12.94061,50.19333],[12.94132,50.19416],[12.94104,50.19546],[12.94195,50.19688],[12.94191,50.19795],[12.94299,50.19805],[12.9429,50.19999],[12.94359,50.20001],[12.94441,50.2004]]]}},{"type":"Feature","properties":{"name":"554481"},"geometry":{"type":"Polygon","coordinates":[[[12.3761,50.01935],[12.37182,50.01829],[12.36756,50.01755],[12.36752,50.01955],[12.36716,50.02035],[12.36572,50.02176],[12.36577,50.02289],[12.36458,50.02314],[12.36218,50.0249],[12.36108,50.02502],[12.35977,50.0256],[12.35946,50.02516],[12.36002,50.02503],[12.35987,50.02452],[12.35908,50.02467],[12.35837,50.02511],[12.35836,50.02572],[12.35745,50.02569],[12.35552,50.02744],[12.35507,50.02892],[12.35406,50.029],[12.35415,50.02936],[12.35392,50.02951],[12.35255,50.02974],[12.35187,50.03043],[12.35157,50.03039],[12.35031,50.03107],[12.3499,50.03167],[12.34911,50.0322],[12.34974,50.03338],[12.34914,50.03402],[12.3488,50.03406],[12.3489,50.03447],[12.34832,50.03607],[12.34743,50.0368],[12.34639,50.03688],[12.34504,50.03761],[12.34337,50.03792],[12.34163,50.0387],[12.34095,50.03864],[12.33973,50.03945],[12.33794,50.03978],[12.33762,50.03936],[12.33724,50.03938],[12.33575,50.03864],[12.33377,50.03636],[12.33352,50.03492],[12.32892,50.03231],[12.32773,50.03245],[12.32541,50.03321],[12.32465,50.03383],[12.32451,50.03442],[12.32497,50.03617],[12.3256,50.03715],[12.32438,50.03851],[12.32453,50.0389],[12.32336,50.03925],[12.32249,50.04115],[12.31995,50.04248],[12.31997,50.04269],[12.31936,50.04292],[12.31948,50.04313],[12.31923,50.0434],[12.31899,50.04328],[12.31834,50.04403],[12.31779,50.0442],[12.31801,50.04433],[12.31772,50.0446],[12.31678,50.04474],[12.31665,50.04489],[12.31689,50.04513],[12.31579,50.04615],[12.31789,50.04747],[12.31926,50.04883],[12.31934,50.04999],[12.31906,50.05154],[12.31857,50.05152],[12.31818,50.05311],[12.31735,50.05349],[12.31443,50.0526],[12.31299,50.05441],[12.31124,50.05556],[12.30568,50.05667],[12.30152,50.05823],[12.30125,50.05801],[12.29909,50.05874],[12.29802,50.05857],[12.29803,50.05947],[12.29831,50.05982],[12.30145,50.06102],[12.30233,50.06086],[12.30357,50.06178],[12.30333,50.06208],[12.30513,50.06304],[12.30636,50.06404],[12.306,50.06598],[12.30609,50.06706],[12.30573,50.06789],[12.30293,50.0684],[12.30291,50.06863],[12.30154,50.06825],[12.30098,50.07007],[12.30076,50.07048],[12.29993,50.07082],[12.29951,50.07225],[12.3006,50.07208],[12.30137,50.07223],[12.30501,50.07396],[12.31044,50.07448],[12.31018,50.0753],[12.31036,50.07576],[12.31059,50.07567],[12.31027,50.0769],[12.30881,50.07818],[12.30754,50.08174],[12.30834,50.08196],[12.30927,50.08188],[12.30931,50.08414],[12.3078,50.08636],[12.30746,50.0864],[12.30718,50.08726],[12.3063,50.08706],[12.30616,50.08636],[12.30604,50.08656],[12.30571,50.08639],[12.30579,50.08658],[12.30536,50.08657],[12.30456,50.08725],[12.30217,50.08615],[12.30239,50.08602],[12.29838,50.08568],[12.29798,50.08546],[12.29793,50.08516],[12.29315,50.08553],[12.29162,50.08599],[12.29081,50.08683],[12.29019,50.08697],[12.29002,50.08673],[12.29004,50.08701],[12.28939,50.08688],[12.28802,50.08746],[12.28706,50.08686],[12.28758,50.08736],[12.2846,50.0868],[12.28443,50.08613],[12.28397,50.08591],[12.28187,50.08587],[12.27716,50.0871],[12.27637,50.08841],[12.2757,50.08835],[12.27574,50.08879],[12.27527,50.08894],[12.27423,50.09065],[12.27241,50.09201],[12.26996,50.09283],[12.26805,50.09317],[12.2669,50.09298],[12.266,50.09208],[12.26486,50.09202],[12.2627,50.09314],[12.26255,50.09352],[12.26118,50.09452],[12.26014,50.09493],[12.25792,50.09655],[12.25609,50.09695],[12.25477,50.09785],[12.25326,50.09836],[12.24961,50.09907],[12.24946,50.09848],[12.2487,50.0979],[12.24828,50.09715],[12.2483,50.09635],[12.24899,50.09547],[12.25025,50.09456],[12.2481,50.09419],[12.24648,50.09236],[12.24607,50.09262],[12.24574,50.09349],[12.24458,50.09409],[12.24446,50.09502],[12.24469,50.09557],[12.24532,50.09585],[12.24564,50.09574],[12.2457,50.09509],[12.24589,50.09504],[12.24637,50.09541],[12.2471,50.09525],[12.2468,50.09589],[12.24797,50.09572],[12.24805,50.09589],[12.24766,50.09616],[12.2479,50.0965],[12.2477,50.09696],[12.24709,50.09713],[12.24672,50.09766],[12.2462,50.09767],[12.24639,50.09727],[12.24612,50.09707],[12.24528,50.09745],[12.2448,50.09729],[12.24557,50.09697],[12.24511,50.09657],[12.24325,50.09701],[12.24255,50.09645],[12.24169,50.09618],[12.24052,50.09636],[12.24054,50.09669],[12.2411,50.09682],[12.242,50.09754],[12.24281,50.09771],[12.24657,50.10054],[12.25014,50.10157],[12.25354,50.10204],[12.2586,50.10112],[12.26313,50.10071],[12.2651,50.10008],[12.26531,50.09907],[12.26492,50.09827],[12.26833,50.09736],[12.27235,50.09764],[12.27416,50.09879],[12.276,50.09912],[12.27641,50.1001],[12.27837,50.10136],[12.2794,50.10234],[12.27974,50.10384],[12.28001,50.10782],[12.28297,50.10778],[12.28343,50.10755],[12.28322,50.10644],[12.28336,50.10546],[12.28481,50.10595],[12.28456,50.10566],[12.28433,50.10443],[12.285,50.10374],[12.28582,50.10358],[12.28725,50.10382],[12.29148,50.10309],[12.29242,50.10332],[12.29504,50.1014],[12.29522,50.10373],[12.29715,50.10373],[12.29798,50.10192],[12.30182,50.1007],[12.30535,50.10003],[12.30936,50.09998],[12.31032,50.09978],[12.31134,50.0991],[12.3129,50.09702],[12.31361,50.09664],[12.31542,50.0968],[12.31515,50.09596],[12.31654,50.09555],[12.31658,50.09524],[12.31707,50.0948],[12.31708,50.09422],[12.31842,50.09369],[12.31957,50.09369],[12.32017,50.09429],[12.32214,50.09481],[12.32243,50.09515],[12.32284,50.09441],[12.32642,50.09386],[12.3271,50.09407],[12.32704,50.09444],[12.32614,50.09546],[12.32572,50.09634],[12.32568,50.09742],[12.32045,50.09774],[12.31648,50.09998],[12.31622,50.10042],[12.31625,50.10141],[12.31709,50.10144],[12.31722,50.10176],[12.31767,50.10187],[12.31778,50.10324],[12.31689,50.10372],[12.31575,50.10314],[12.31524,50.1034],[12.31501,50.10373],[12.31507,50.10435],[12.31585,50.10465],[12.31592,50.10522],[12.3154,50.10564],[12.31392,50.10613],[12.31378,50.10706],[12.31515,50.10714],[12.31544,50.10752],[12.31835,50.10701],[12.32126,50.10853],[12.32219,50.10924],[12.32511,50.10969],[12.3293,50.10975],[12.32951,50.10925],[12.33059,50.10915],[12.33308,50.10542],[12.33583,50.10552],[12.33648,50.10389],[12.33624,50.10383],[12.33772,50.10233],[12.33762,50.10185],[12.33685,50.10221],[12.33567,50.10173],[12.33427,50.10067],[12.33556,50.09995],[12.33772,50.10055],[12.33926,50.09994],[12.34171,50.09965],[12.34212,50.10007],[12.3422,50.10118],[12.3426,50.10198],[12.34481,50.10416],[12.35144,50.10437],[12.35615,50.1054],[12.35534,50.1073],[12.35757,50.10775],[12.36087,50.10611],[12.36116,50.10676],[12.36059,50.1088],[12.36066,50.10956],[12.36038,50.10973],[12.36143,50.11063],[12.36005,50.11277],[12.36668,50.11118],[12.37287,50.11092],[12.3721,50.1095],[12.37085,50.10797],[12.36894,50.10624],[12.37432,50.10322],[12.37484,50.10335],[12.37477,50.10301],[12.37509,50.10281],[12.37578,50.10264],[12.38082,50.10283],[12.38248,50.10321],[12.38213,50.10342],[12.38239,50.10344],[12.38221,50.10395],[12.38414,50.10363],[12.38467,50.10377],[12.38596,50.10523],[12.38616,50.10591],[12.38676,50.10582],[12.38911,50.1045],[12.38984,50.10461],[12.3907,50.10525],[12.38836,50.10652],[12.38683,50.10668],[12.38726,50.10813],[12.38715,50.10841],[12.38693,50.10835],[12.38636,50.10878],[12.38654,50.10905],[12.38607,50.10925],[12.38385,50.10912],[12.38027,50.10963],[12.38032,50.11023],[12.37825,50.11066],[12.37938,50.11172],[12.38203,50.11601],[12.38079,50.11622],[12.38166,50.11806],[12.38163,50.11933],[12.38299,50.11934],[12.38333,50.11901],[12.38474,50.12037],[12.38522,50.11945],[12.38867,50.12017],[12.38857,50.12051],[12.39077,50.12057],[12.39084,50.12095],[12.39199,50.12095],[12.39162,50.11965],[12.39188,50.11964],[12.39112,50.11833],[12.39174,50.1181],[12.39141,50.11752],[12.39121,50.11544],[12.3908,50.11541],[12.39101,50.11419],[12.39177,50.11427],[12.3932,50.11491],[12.39341,50.11436],[12.39452,50.11433],[12.39499,50.11352],[12.39772,50.11384],[12.39782,50.11337],[12.39956,50.11506],[12.40117,50.115],[12.40203,50.11582],[12.40256,50.11551],[12.40394,50.11638],[12.40674,50.11721],[12.40839,50.11835],[12.40896,50.11666],[12.40746,50.11611],[12.4062,50.11372],[12.40696,50.11302],[12.40636,50.11122],[12.406,50.1108],[12.40308,50.10923],[12.40122,50.10753],[12.40558,50.10683],[12.40822,50.10706],[12.41108,50.10694],[12.41121,50.10664],[12.41088,50.10475],[12.40975,50.10333],[12.41007,50.10142],[12.40992,50.09719],[12.41196,50.09765],[12.41565,50.09912],[12.41865,50.10083],[12.42088,50.10162],[12.42418,50.10448],[12.42726,50.10785],[12.43038,50.10908],[12.43151,50.10979],[12.43275,50.10931],[12.43298,50.10819],[12.4339,50.10747],[12.43627,50.10765],[12.43711,50.10863],[12.43788,50.10796],[12.43877,50.10781],[12.43937,50.10805],[12.43958,50.10878],[12.43861,50.10953],[12.43749,50.10976],[12.4382,50.11054],[12.43962,50.11035],[12.44031,50.1105],[12.44045,50.11083],[12.43952,50.11187],[12.44061,50.11235],[12.4428,50.11138],[12.44312,50.11106],[12.44266,50.11017],[12.44292,50.10979],[12.44347,50.10977],[12.44391,50.11022],[12.44409,50.11109],[12.44473,50.11194],[12.44472,50.11263],[12.44441,50.11309],[12.44537,50.1142],[12.44396,50.11464],[12.44477,50.115],[12.44604,50.11515],[12.44802,50.11598],[12.44899,50.11608],[12.45254,50.11494],[12.45597,50.11458],[12.46056,50.1132],[12.46211,50.11314],[12.46401,50.11345],[12.46449,50.11324],[12.46388,50.11209],[12.46421,50.11135],[12.46553,50.11099],[12.4671,50.11151],[12.46636,50.11054],[12.46739,50.11058],[12.46645,50.10874],[12.46692,50.10868],[12.46684,50.10836],[12.46881,50.10844],[12.46884,50.10818],[12.47033,50.10773],[12.46982,50.10668],[12.46936,50.10667],[12.46836,50.10337],[12.46882,50.10246],[12.46461,50.10021],[12.46494,50.09912],[12.46524,50.09897],[12.46329,50.09946],[12.46229,50.09824],[12.46233,50.09659],[12.46019,50.09616],[12.4576,50.09602],[12.45397,50.0949],[12.44878,50.09453],[12.44851,50.09457],[12.44874,50.09489],[12.44911,50.09711],[12.4463,50.09777],[12.44601,50.09736],[12.44366,50.09753],[12.44076,50.09852],[12.43517,50.0919],[12.43389,50.09295],[12.43103,50.09357],[12.42987,50.09301],[12.42958,50.09123],[12.43052,50.09011],[12.43055,50.0894],[12.43034,50.08933],[12.43194,50.08956],[12.43408,50.08483],[12.44698,50.08469],[12.45121,50.08572],[12.45387,50.08602],[12.45648,50.0858],[12.46515,50.08426],[12.46476,50.08446],[12.46801,50.08429],[12.47733,50.08509],[12.47985,50.08499],[12.47978,50.08264],[12.48111,50.08139],[12.48152,50.08069],[12.48115,50.08054],[12.48141,50.08035],[12.48122,50.08021],[12.48124,50.07963],[12.48148,50.07938],[12.48115,50.07925],[12.48025,50.07768],[12.48149,50.07687],[12.47976,50.07716],[12.47783,50.07679],[12.47761,50.07657],[12.47677,50.07658],[12.47586,50.07601],[12.47367,50.07324],[12.47347,50.07184],[12.47251,50.07077],[12.47253,50.07026],[12.47157,50.0704],[12.47345,50.06894],[12.47389,50.06909],[12.47557,50.06867],[12.47637,50.06832],[12.47714,50.06755],[12.48011,50.06638],[12.48069,50.06588],[12.48219,50.06323],[12.4806,50.06282],[12.47925,50.0644],[12.47784,50.06516],[12.46974,50.06684],[12.46866,50.06666],[12.46834,50.06625],[12.46764,50.06404],[12.46753,50.06292],[12.4662,50.06159],[12.46387,50.06048],[12.4636,50.0597],[12.46265,50.0603],[12.46189,50.06045],[12.45989,50.06005],[12.45796,50.05914],[12.45372,50.0594],[12.452,50.05894],[12.44895,50.05879],[12.44855,50.05843],[12.44853,50.05885],[12.44593,50.05955],[12.4456,50.0593],[12.445,50.05958],[12.44534,50.05964],[12.44198,50.06021],[12.44021,50.06011],[12.43916,50.05972],[12.43841,50.05912],[12.43781,50.05802],[12.43803,50.05769],[12.44386,50.05596],[12.4446,50.05565],[12.44544,50.05475],[12.44484,50.0546],[12.44444,50.05504],[12.443,50.05553],[12.43893,50.05603],[12.43736,50.05657],[12.43695,50.05647],[12.43585,50.0555],[12.43509,50.05521],[12.43378,50.05512],[12.43123,50.05444],[12.42902,50.05337],[12.42783,50.05321],[12.42359,50.05157],[12.42355,50.0503],[12.42294,50.04996],[12.42332,50.04887],[12.42601,50.04764],[12.42661,50.04726],[12.42661,50.04687],[12.42601,50.04689],[12.42446,50.04772],[12.42315,50.04773],[12.42215,50.048],[12.42117,50.04948],[12.42068,50.0497],[12.4196,50.04921],[12.41766,50.04746],[12.41499,50.04619],[12.41396,50.04521],[12.41527,50.04531],[12.41794,50.04481],[12.41628,50.04467],[12.40353,50.04175],[12.40486,50.04082],[12.40501,50.04038],[12.4059,50.03949],[12.40756,50.03859],[12.40871,50.03821],[12.40992,50.03832],[12.4108,50.03766],[12.41211,50.03816],[12.41353,50.03674],[12.41574,50.03532],[12.41736,50.03377],[12.4179,50.03293],[12.42249,50.0335],[12.42429,50.03344],[12.4257,50.03295],[12.4281,50.03303],[12.42899,50.03144],[12.43062,50.03121],[12.4298,50.02978],[12.42772,50.02907],[12.42403,50.0292],[12.41643,50.0283],[12.41614,50.02778],[12.41698,50.02376],[12.41688,50.02315],[12.41492,50.0203],[12.41311,50.01862],[12.41154,50.0166],[12.41095,50.01536],[12.41029,50.01286],[12.41076,50.01152],[12.41136,50.01076],[12.41414,50.00854],[12.41986,50.00657],[12.42107,50.00714],[12.42211,50.00642],[12.42265,50.00557],[12.42315,50.00283],[12.42396,50.00127],[12.42329,50.00093],[12.42,50.00205],[12.41836,50.00282],[12.41731,50.00366],[12.41461,50.00471],[12.41175,50.00507],[12.40993,50.0048],[12.40862,50.00523],[12.40627,50.00555],[12.40245,50.00509],[12.4018,50.00534],[12.40175,50.00567],[12.40232,50.00681],[12.4028,50.00678],[12.4028,50.00736],[12.40236,50.00785],[12.40086,50.00859],[12.39995,50.00867],[12.39922,50.00857],[12.39807,50.00791],[12.39769,50.00818],[12.39746,50.00907],[12.39785,50.00922],[12.39792,50.0098],[12.39832,50.00981],[12.39823,50.01005],[12.39859,50.00994],[12.4009,50.01109],[12.40211,50.01208],[12.40296,50.01363],[12.40225,50.01469],[12.40095,50.01462],[12.4005,50.01514],[12.39999,50.01521],[12.39966,50.01497],[12.3994,50.01516],[12.3982,50.01423],[12.38841,50.01266],[12.38667,50.0126],[12.38267,50.01313],[12.37977,50.01401],[12.3785,50.01597],[12.37785,50.01661],[12.378,50.01835],[12.37873,50.01897],[12.37873,50.01922],[12.3761,50.01935]]]}},{"type":"Feature","properties":{"name":"537934"},"geometry":{"type":"Polygon","coordinates":[[[12.76901,50.22866],[12.76983,50.22813],[12.76964,50.22812],[12.77102,50.22241],[12.76685,50.22227],[12.7643,50.22176],[12.76437,50.22316],[12.76408,50.22386],[12.76411,50.22471],[12.76263,50.22611],[12.76324,50.22701],[12.76303,50.22812],[12.76441,50.22945],[12.76004,50.23052],[12.7601,50.23158],[12.7584,50.23167],[12.75967,50.23278],[12.75987,50.23334],[12.75971,50.23359],[12.75783,50.23311],[12.75776,50.23328],[12.75833,50.23374],[12.75873,50.23454],[12.75846,50.23665],[12.75858,50.23739],[12.75942,50.23812],[12.76167,50.23904],[12.75917,50.2393],[12.75951,50.2406],[12.75831,50.24141],[12.76047,50.24348],[12.76093,50.2444],[12.76084,50.24473],[12.76232,50.24644],[12.76441,50.24558],[12.76537,50.24752],[12.76779,50.24941],[12.76955,50.25038],[12.77041,50.24869],[12.77065,50.24729],[12.77097,50.24727],[12.77093,50.24828],[12.7725,50.24755],[12.77415,50.24715],[12.77484,50.24648],[12.77512,50.24585],[12.77575,50.24542],[12.77771,50.24591],[12.77777,50.24661],[12.78085,50.24551],[12.78346,50.24526],[12.7835,50.24472],[12.78378,50.24457],[12.7835,50.24408],[12.78399,50.24294],[12.78471,50.24288],[12.78559,50.24244],[12.78641,50.24259],[12.78743,50.24216],[12.78781,50.24096],[12.7857,50.24024],[12.78532,50.23968],[12.78493,50.23955],[12.78605,50.23924],[12.78628,50.23858],[12.78738,50.23829],[12.78755,50.23784],[12.78706,50.23723],[12.78735,50.23716],[12.78736,50.23653],[12.78649,50.23619],[12.78609,50.23575],[12.78614,50.23539],[12.78522,50.23479],[12.78533,50.23456],[12.78495,50.23449],[12.78458,50.234],[12.78499,50.2338],[12.78516,50.23341],[12.78388,50.23273],[12.78366,50.23221],[12.77686,50.22868],[12.77466,50.22843],[12.76922,50.22905],[12.76901,50.22866]]]}},{"type":"Feature","properties":{"name":"500101"},"geometry":{"type":"Polygon","coordinates":[[[13.10003,50.18378],[13.10114,50.18348],[13.10321,50.18176],[13.10328,50.18108],[13.10274,50.17986],[13.10286,50.17933],[13.10351,50.17838],[13.10522,50.17733],[13.1093,50.17764],[13.11105,50.17708],[13.11324,50.17674],[13.1157,50.1756],[13.11871,50.176],[13.11981,50.17579],[13.12164,50.17489],[13.12257,50.17418],[13.12505,50.17105],[13.12755,50.16872],[13.13173,50.16858],[13.13383,50.16746],[13.13595,50.165],[13.1381,50.16351],[13.13727,50.16328],[13.13787,50.16098],[13.13507,50.16024],[13.13558,50.15968],[13.13458,50.1594],[13.13489,50.15892],[13.13384,50.15875],[13.13211,50.1592],[13.12842,50.15956],[13.12636,50.16022],[13.12441,50.1604],[13.12315,50.16171],[13.12077,50.16244],[13.12005,50.16225],[13.11816,50.16237],[13.11746,50.16192],[13.11111,50.16082],[13.11065,50.16249],[13.10969,50.16285],[13.10619,50.16525],[13.1051,50.16652],[13.10479,50.16781],[13.10277,50.16736],[13.10044,50.16846],[13.10002,50.16914],[13.09928,50.16966],[13.09764,50.16981],[13.0949,50.1694],[13.09009,50.17088],[13.08967,50.16979],[13.08847,50.17017],[13.08745,50.17013],[13.08656,50.16962],[13.08521,50.16959],[13.08513,50.16885],[13.08496,50.16886],[13.08494,50.16926],[13.08374,50.17114],[13.08264,50.1712],[13.08203,50.17081],[13.07964,50.17082],[13.0782,50.17141],[13.07795,50.17185],[13.07724,50.17188],[13.07682,50.17154],[13.07566,50.16935],[13.07541,50.16822],[13.07429,50.16796],[13.07383,50.16809],[13.07333,50.16755],[13.07334,50.16726],[13.07259,50.16741],[13.07146,50.1669],[13.07046,50.16561],[13.06925,50.1661],[13.06875,50.16526],[13.06838,50.16565],[13.06808,50.16562],[13.06686,50.16458],[13.06666,50.16476],[13.06583,50.16422],[13.06458,50.16418],[13.06262,50.16256],[13.06297,50.16234],[13.05959,50.16198],[13.05735,50.16242],[13.05434,50.16594],[13.0535,50.16563],[13.05229,50.166],[13.05049,50.16618],[13.05126,50.16716],[13.05017,50.16745],[13.04936,50.16822],[13.04667,50.16957],[13.04623,50.17011],[13.0459,50.17149],[13.04526,50.17205],[13.04567,50.17292],[13.04398,50.17383],[13.04368,50.17378],[13.04322,50.17497],[13.04369,50.17495],[13.04055,50.17594],[13.03602,50.17596],[13.03046,50.17489],[13.01131,50.17402],[13.00891,50.17546],[13.01023,50.17729],[13.00935,50.17745],[13.00949,50.17777],[13.00921,50.1778],[13.00924,50.17878],[13.00861,50.17866],[13.00902,50.17948],[13.00979,50.17955],[13.01034,50.18032],[13.01085,50.18185],[13.01181,50.18159],[13.01194,50.18242],[13.01269,50.18236],[13.0128,50.18297],[13.01436,50.18349],[13.01508,50.18347],[13.01605,50.18298],[13.02139,50.18176],[13.02374,50.18202],[13.02466,50.18273],[13.0263,50.18283],[13.02857,50.18347],[13.02612,50.18014],[13.02801,50.17954],[13.02833,50.17885],[13.03214,50.17839],[13.03295,50.17794],[13.03269,50.17859],[13.03113,50.17916],[13.03069,50.17958],[13.03142,50.18006],[13.03255,50.17997],[13.03518,50.18145],[13.03606,50.18231],[13.03515,50.18309],[13.03542,50.18356],[13.03742,50.1839],[13.03768,50.18275],[13.03865,50.18129],[13.04051,50.18173],[13.04031,50.18226],[13.04163,50.18248],[13.04414,50.18199],[13.04469,50.18266],[13.04645,50.18256],[13.04806,50.18054],[13.04867,50.17889],[13.05433,50.18183],[13.05925,50.18344],[13.064,50.1856],[13.06754,50.18593],[13.06746,50.1862],[13.06781,50.18621],[13.06748,50.18716],[13.06772,50.1872],[13.06918,50.1859],[13.06907,50.18568],[13.07523,50.18502],[13.07871,50.184],[13.08102,50.18438],[13.08394,50.1855],[13.08605,50.18596],[13.08874,50.18517],[13.09189,50.18505],[13.09545,50.18537],[13.09819,50.18362],[13.10003,50.18378]]]}},{"type":"Feature","properties":{"name":"554651"},"geometry":{"type":"Polygon","coordinates":[[[12.48764,50.15369],[12.48551,50.15222],[12.48499,50.15056],[12.48519,50.14891],[12.48317,50.14685],[12.48036,50.14497],[12.4772,50.14361],[12.47676,50.1442],[12.47643,50.14406],[12.47604,50.14461],[12.47449,50.14395],[12.4747,50.14335],[12.47315,50.14288],[12.47392,50.14194],[12.46999,50.14045],[12.47094,50.13919],[12.46931,50.13824],[12.46919,50.1384],[12.46846,50.13806],[12.46753,50.13705],[12.46496,50.13501],[12.46454,50.13514],[12.46308,50.13397],[12.46251,50.13378],[12.46147,50.13277],[12.46062,50.13279],[12.46024,50.13348],[12.4597,50.13357],[12.45975,50.13382],[12.45943,50.13373],[12.45899,50.13418],[12.45855,50.13413],[12.45841,50.13489],[12.45747,50.13459],[12.4578,50.13561],[12.45826,50.1358],[12.45879,50.13568],[12.45894,50.13602],[12.45796,50.13593],[12.45758,50.13646],[12.45704,50.13628],[12.45666,50.13661],[12.45635,50.13654],[12.45674,50.13604],[12.45536,50.13505],[12.45472,50.13517],[12.45423,50.13583],[12.45352,50.13684],[12.4533,50.13764],[12.45389,50.13792],[12.45516,50.13816],[12.45602,50.13731],[12.45653,50.13738],[12.45648,50.13702],[12.45774,50.13742],[12.45732,50.13776],[12.45745,50.13824],[12.45717,50.13802],[12.45691,50.13855],[12.45657,50.13839],[12.4563,50.13861],[12.45641,50.13874],[12.45405,50.13861],[12.44901,50.13897],[12.44929,50.1377],[12.44546,50.13733],[12.44492,50.13815],[12.44194,50.13752],[12.44145,50.13775],[12.44072,50.1388],[12.43823,50.14077],[12.43575,50.14369],[12.43584,50.144],[12.43744,50.14536],[12.43801,50.14686],[12.43989,50.14961],[12.43821,50.14991],[12.43375,50.1499],[12.43209,50.14976],[12.42835,50.14851],[12.42643,50.14858],[12.42537,50.14906],[12.42464,50.14865],[12.42432,50.14936],[12.42457,50.14993],[12.42644,50.15099],[12.42637,50.15113],[12.42718,50.15161],[12.42688,50.15171],[12.42751,50.15216],[12.4273,50.15243],[12.42756,50.15318],[12.42748,50.15377],[12.42781,50.15384],[12.42819,50.15461],[12.42826,50.15624],[12.42898,50.15649],[12.42816,50.15716],[12.42755,50.15717],[12.42705,50.15823],[12.42851,50.15866],[12.4272,50.16049],[12.42485,50.16217],[12.4242,50.16361],[12.42257,50.16465],[12.42231,50.1653],[12.42257,50.16614],[12.42313,50.16664],[12.42452,50.16892],[12.4258,50.16923],[12.42687,50.16993],[12.43525,50.16958],[12.44277,50.16219],[12.44303,50.16422],[12.44343,50.16542],[12.4433,50.16642],[12.44792,50.16659],[12.44965,50.16761],[12.44985,50.16779],[12.44832,50.16837],[12.44868,50.16885],[12.44812,50.16924],[12.44964,50.17009],[12.44958,50.17031],[12.45269,50.17108],[12.45303,50.17073],[12.45406,50.17157],[12.4542,50.17223],[12.45493,50.17251],[12.45957,50.17313],[12.46093,50.17374],[12.46221,50.17399],[12.46279,50.17347],[12.46377,50.17186],[12.46508,50.16895],[12.47032,50.16388],[12.47346,50.16478],[12.4751,50.16597],[12.47628,50.1662],[12.47728,50.16673],[12.47729,50.16722],[12.47659,50.1685],[12.47663,50.17097],[12.47515,50.17298],[12.47547,50.17423],[12.47601,50.17476],[12.47868,50.17529],[12.48116,50.17543],[12.48411,50.1753],[12.48526,50.17511],[12.48552,50.17476],[12.48627,50.17507],[12.48628,50.17433],[12.48655,50.17409],[12.48836,50.1744],[12.48796,50.17453],[12.48794,50.17495],[12.48815,50.17523],[12.48797,50.17555],[12.48835,50.17579],[12.48813,50.17605],[12.48841,50.17619],[12.48748,50.17665],[12.48814,50.17677],[12.48805,50.17716],[12.48851,50.17739],[12.48815,50.17757],[12.48801,50.17799],[12.48874,50.17833],[12.48842,50.17849],[12.48864,50.17888],[12.48809,50.17903],[12.48828,50.17917],[12.48738,50.18029],[12.48733,50.18072],[12.48783,50.18148],[12.4879,50.18207],[12.48834,50.18162],[12.49328,50.18056],[12.49304,50.18013],[12.49313,50.17958],[12.49774,50.18005],[12.49751,50.18056],[12.49967,50.18121],[12.50308,50.18138],[12.50408,50.18096],[12.5062,50.17902],[12.50761,50.17876],[12.50885,50.17548],[12.5083,50.17457],[12.50824,50.17373],[12.50744,50.17253],[12.50736,50.17175],[12.50805,50.17011],[12.51067,50.16781],[12.5108,50.16747],[12.51089,50.16703],[12.50991,50.16545],[12.5103,50.16308],[12.51129,50.15997],[12.51023,50.15937],[12.50861,50.16118],[12.50798,50.16071],[12.50654,50.16054],[12.50569,50.16012],[12.50511,50.16045],[12.50409,50.16016],[12.50402,50.15847],[12.50329,50.1581],[12.50218,50.15861],[12.50254,50.15778],[12.50237,50.15767],[12.50144,50.15785],[12.50108,50.1576],[12.49981,50.15748],[12.49794,50.1583],[12.49489,50.15731],[12.49242,50.15584],[12.48764,50.15369]]]}},{"type":"Feature","properties":{"name":"538027"},"geometry":{"type":"Polygon","coordinates":[[[12.77044,50.3103],[12.76754,50.31009],[12.76477,50.30902],[12.76392,50.30844],[12.76262,50.30812],[12.76104,50.30798],[12.75952,50.30826],[12.75726,50.30826],[12.7561,50.30788],[12.75583,50.30732],[12.75597,50.30705],[12.75517,50.30626],[12.75607,50.30511],[12.75569,50.304],[12.75478,50.30295],[12.75534,50.30249],[12.75517,50.30207],[12.75432,50.30102],[12.75415,50.30019],[12.75216,50.29952],[12.75203,50.29893],[12.75154,50.29875],[12.75154,50.29803],[12.75353,50.29694],[12.75483,50.2959],[12.75471,50.29468],[12.75579,50.29402],[12.75617,50.29253],[12.75706,50.29224],[12.75815,50.2894],[12.76184,50.28754],[12.76159,50.28712],[12.762,50.28626],[12.76409,50.28484],[12.7647,50.28469],[12.76689,50.28548],[12.76897,50.28559],[12.77074,50.28348],[12.77089,50.28301],[12.77121,50.28276],[12.77257,50.28256],[12.77301,50.28228],[12.77319,50.28163],[12.77433,50.28054],[12.77549,50.28025],[12.77574,50.28029],[12.7757,50.28108],[12.77594,50.2816],[12.77637,50.28198],[12.77766,50.28223],[12.77778,50.28287],[12.77832,50.2836],[12.78047,50.28249],[12.78274,50.28231],[12.78504,50.28089],[12.78729,50.2815],[12.78745,50.28246],[12.78828,50.28232],[12.78914,50.283],[12.78951,50.2837],[12.7893,50.28398],[12.78956,50.2849],[12.79262,50.2885],[12.79131,50.28903],[12.79215,50.29073],[12.7929,50.29124],[12.7924,50.29213],[12.79216,50.29329],[12.7923,50.29414],[12.79326,50.29584],[12.79338,50.2966],[12.79121,50.29887],[12.7832,50.3029],[12.77354,50.3094],[12.77044,50.3103]]]}},{"type":"Feature","properties":{"name":"555169"},"geometry":{"type":"Polygon","coordinates":[[[12.76791,50.40128],[12.7656,50.40338],[12.7657,50.40287],[12.76459,50.40223],[12.76353,50.40177],[12.76274,50.40207],[12.7621,50.40156],[12.76024,50.40077],[12.76115,50.39901],[12.76214,50.39858],[12.76385,50.39649],[12.76343,50.39418],[12.76282,50.39298],[12.76082,50.39398],[12.75825,50.39256],[12.75799,50.3922],[12.75796,50.39139],[12.75825,50.39005],[12.75612,50.38868],[12.75555,50.38799],[12.75393,50.38707],[12.75197,50.38682],[12.75144,50.38645],[12.75096,50.38515],[12.75211,50.38459],[12.75297,50.3835],[12.75482,50.38323],[12.75467,50.38301],[12.75397,50.38277],[12.75141,50.38289],[12.74659,50.38213],[12.74525,50.38251],[12.74465,50.38341],[12.74344,50.38335],[12.744,50.38275],[12.74467,50.38062],[12.74538,50.37993],[12.74732,50.3788],[12.74794,50.37804],[12.74973,50.37736],[12.74997,50.37604],[12.75037,50.37556],[12.75523,50.37429],[12.7577,50.37446],[12.76041,50.37235],[12.76193,50.37167],[12.77173,50.3758],[12.77313,50.3767],[12.77336,50.37892],[12.77422,50.38003],[12.77666,50.38144],[12.78355,50.38389],[12.7853,50.38595],[12.79036,50.38932],[12.78796,50.39517],[12.78617,50.39448],[12.78388,50.39551],[12.77814,50.39571],[12.77781,50.39662],[12.77647,50.39719],[12.776,50.39875],[12.77534,50.3994],[12.77446,50.3992],[12.77304,50.40131],[12.77259,50.4012],[12.77089,50.40249],[12.76834,50.40182],[12.76839,50.40122],[12.76791,50.40128]]]}},{"type":"Feature","properties":{"name":"538591"},"geometry":{"type":"Polygon","coordinates":[[[12.6444,50.17032],[12.64334,50.1705],[12.64247,50.17022],[12.64202,50.16923],[12.6423,50.1687],[12.64056,50.1672],[12.63849,50.16609],[12.638,50.16608],[12.63742,50.1655],[12.63665,50.16584],[12.63653,50.16537],[12.63557,50.16438],[12.63435,50.16392],[12.63312,50.16267],[12.63209,50.16221],[12.63079,50.16204],[12.63083,50.16119],[12.63246,50.15888],[12.63263,50.15793],[12.63394,50.15727],[12.63658,50.15791],[12.63985,50.14862],[12.64491,50.1504],[12.65235,50.15083],[12.65545,50.15124],[12.65975,50.14813],[12.66082,50.14878],[12.66247,50.14715],[12.66537,50.14844],[12.66706,50.14848],[12.66687,50.14902],[12.66825,50.14946],[12.67064,50.14988],[12.67128,50.14979],[12.67335,50.15056],[12.67454,50.15127],[12.67526,50.1521],[12.67692,50.15242],[12.67749,50.15289],[12.67746,50.1533],[12.67805,50.15421],[12.6774,50.15499],[12.6766,50.15529],[12.67692,50.15604],[12.67588,50.15606],[12.67496,50.15641],[12.67351,50.1556],[12.67098,50.15626],[12.66984,50.15728],[12.66899,50.15755],[12.66885,50.15785],[12.66851,50.15752],[12.66842,50.15812],[12.66536,50.16457],[12.66382,50.16627],[12.66364,50.16746],[12.66205,50.16789],[12.65682,50.16825],[12.65417,50.16898],[12.64992,50.16881],[12.64685,50.16944],[12.64645,50.16976],[12.6442,50.17006],[12.6444,50.17032]]]}},{"type":"Feature","properties":{"name":"506486"},"geometry":{"type":"Polygon","coordinates":[[[12.91632,50.42145],[12.91932,50.42013],[12.92506,50.4163],[12.93489,50.41285],[12.9358,50.41225],[12.93671,50.4113],[12.93718,50.40933],[12.9369,50.40785],[12.93502,50.40621],[12.93212,50.40586],[12.92843,50.40576],[12.92432,50.40489],[12.92199,50.40368],[12.91713,50.40347],[12.90827,50.40191],[12.89824,50.40061],[12.89141,50.40166],[12.89023,50.4016],[12.88895,50.40093],[12.88241,50.39968],[12.87711,50.40126],[12.87408,50.40262],[12.87165,50.40178],[12.86818,50.39987],[12.86189,50.40168],[12.85384,50.39858],[12.85088,50.39888],[12.84769,50.40123],[12.84668,50.40163],[12.84566,50.40171],[12.84298,50.40111],[12.83957,50.39903],[12.83406,50.39649],[12.82994,50.39695],[12.82355,50.3995],[12.82133,50.40127],[12.8186,50.40157],[12.81697,50.4007],[12.81416,50.4002],[12.8102,50.40066],[12.80907,50.401],[12.80955,50.4017],[12.80927,50.40282],[12.81012,50.40386],[12.80994,50.40479],[12.80931,50.40525],[12.81054,50.41061],[12.80492,50.41323],[12.80877,50.41339],[12.80988,50.41367],[12.80983,50.41439],[12.80654,50.4138],[12.8044,50.41446],[12.80433,50.41465],[12.80494,50.41504],[12.80688,50.41562],[12.80824,50.41575],[12.8074,50.41824],[12.80472,50.41878],[12.80213,50.41873],[12.80142,50.41997],[12.80127,50.42079],[12.7996,50.42198],[12.79887,50.42407],[12.79795,50.42545],[12.79819,50.4266],[12.79792,50.42735],[12.79816,50.42907],[12.79896,50.43018],[12.79822,50.43212],[12.79885,50.43332],[12.7989,50.43421],[12.79891,50.43571],[12.79825,50.43771],[12.80258,50.43952],[12.8057,50.43658],[12.80809,50.43356],[12.81059,50.43101],[12.81136,50.43253],[12.81149,50.43463],[12.81124,50.43659],[12.8082,50.43914],[12.80759,50.44123],[12.80772,50.44156],[12.80727,50.44216],[12.80723,50.44289],[12.80674,50.44345],[12.80735,50.44439],[12.80733,50.44475],[12.81261,50.44696],[12.81296,50.44745],[12.81376,50.44772],[12.81434,50.4484],[12.81555,50.44871],[12.81614,50.44952],[12.81686,50.44972],[12.81694,50.45054],[12.81768,50.45089],[12.81765,50.45143],[12.81844,50.45227],[12.81817,50.4525],[12.81818,50.4531],[12.81886,50.45353],[12.8188,50.45385],[12.81817,50.45423],[12.8189,50.45473],[12.8186,50.45571],[12.81942,50.45653],[12.8188,50.45813],[12.81846,50.4584],[12.81867,50.45858],[12.81881,50.45966],[12.81916,50.45995],[12.81898,50.46016],[12.81913,50.4604],[12.82151,50.45918],[12.82215,50.45931],[12.8235,50.4589],[12.82412,50.4585],[12.82604,50.45802],[12.827,50.45736],[12.8298,50.45695],[12.83247,50.45548],[12.83418,50.45481],[12.8377,50.45419],[12.84636,50.44974],[12.84919,50.44763],[12.85421,50.44592],[12.85529,50.44513],[12.85988,50.4439],[12.86489,50.4418],[12.86599,50.44104],[12.86796,50.44037],[12.87288,50.4378],[12.8801,50.43592],[12.8828,50.43483],[12.88693,50.43249],[12.88985,50.43122],[12.89472,50.42985],[12.89754,50.42774],[12.89922,50.42573],[12.90147,50.4237],[12.90304,50.42283],[12.90599,50.42226],[12.90998,50.42372],[12.91233,50.42395],[12.91632,50.42145]]]}},{"type":"Feature","properties":{"name":"539023"},"geometry":{"type":"Polygon","coordinates":[[[12.43151,50.10979],[12.42726,50.10785],[12.42418,50.10448],[12.42088,50.10162],[12.41865,50.10083],[12.41565,50.09912],[12.41196,50.09765],[12.40992,50.09719],[12.41007,50.10142],[12.40975,50.10333],[12.41088,50.10475],[12.41121,50.10664],[12.41108,50.10694],[12.40822,50.10706],[12.40558,50.10683],[12.40122,50.10753],[12.40308,50.10923],[12.406,50.1108],[12.40636,50.11122],[12.40696,50.11302],[12.4062,50.11372],[12.40746,50.11611],[12.40896,50.11666],[12.40838,50.11837],[12.40674,50.11721],[12.40394,50.11638],[12.40256,50.11551],[12.40203,50.11582],[12.40117,50.115],[12.39956,50.11506],[12.39782,50.11337],[12.39772,50.11384],[12.39499,50.11352],[12.39452,50.11433],[12.39341,50.11436],[12.3932,50.11491],[12.39177,50.11427],[12.39101,50.11419],[12.3908,50.11541],[12.39121,50.11544],[12.39141,50.11752],[12.39174,50.1181],[12.39112,50.11833],[12.39188,50.11964],[12.39162,50.11965],[12.39199,50.12095],[12.39084,50.12095],[12.39077,50.12057],[12.38857,50.12051],[12.38867,50.12017],[12.38522,50.11945],[12.38474,50.12037],[12.38333,50.11901],[12.38299,50.11934],[12.38163,50.11933],[12.38166,50.11806],[12.38079,50.11622],[12.38203,50.11601],[12.38036,50.1132],[12.37673,50.11503],[12.37384,50.11571],[12.373,50.11808],[12.37313,50.11861],[12.37291,50.12101],[12.37362,50.12132],[12.37612,50.12334],[12.37641,50.12332],[12.37497,50.12372],[12.37225,50.12386],[12.37124,50.1243],[12.3712,50.12506],[12.37087,50.12502],[12.37049,50.12569],[12.36908,50.12492],[12.3689,50.12542],[12.36905,50.12655],[12.3668,50.12619],[12.36609,50.12486],[12.3651,50.12509],[12.36429,50.12439],[12.35901,50.12678],[12.35928,50.12763],[12.36129,50.12858],[12.36133,50.12895],[12.36012,50.13115],[12.35787,50.13132],[12.35788,50.13167],[12.35763,50.13169],[12.35766,50.13277],[12.35862,50.13634],[12.36125,50.13598],[12.36232,50.13558],[12.36359,50.13616],[12.36558,50.13625],[12.36713,50.13527],[12.36742,50.1347],[12.36883,50.13459],[12.37063,50.13498],[12.37093,50.13522],[12.37021,50.13635],[12.37147,50.13657],[12.37169,50.13655],[12.37198,50.13576],[12.37709,50.13608],[12.38098,50.13666],[12.38183,50.13748],[12.38044,50.13802],[12.37975,50.13855],[12.37902,50.1387],[12.37888,50.13926],[12.37912,50.14035],[12.37897,50.14213],[12.37921,50.14377],[12.37869,50.14551],[12.37909,50.1472],[12.37956,50.148],[12.37977,50.14799],[12.3806,50.15021],[12.38047,50.15049],[12.38085,50.15174],[12.38265,50.15137],[12.38489,50.15055],[12.38767,50.15003],[12.38943,50.14921],[12.39113,50.1491],[12.39223,50.14846],[12.3938,50.14825],[12.39476,50.1476],[12.39763,50.14635],[12.39826,50.14561],[12.39997,50.14494],[12.40069,50.14409],[12.40247,50.14361],[12.40428,50.14267],[12.40598,50.14221],[12.40764,50.14116],[12.40968,50.14042],[12.41063,50.141],[12.41185,50.14319],[12.41212,50.1432],[12.41081,50.14395],[12.41002,50.14473],[12.41007,50.14492],[12.41157,50.14591],[12.41211,50.14665],[12.41016,50.14764],[12.40896,50.14762],[12.40793,50.14806],[12.40752,50.14867],[12.40656,50.14873],[12.40636,50.1493],[12.40659,50.14951],[12.40648,50.15001],[12.40683,50.15045],[12.4065,50.1508],[12.40591,50.15328],[12.41069,50.15427],[12.41332,50.15527],[12.41339,50.15554],[12.41385,50.15552],[12.41593,50.15524],[12.41829,50.15316],[12.41915,50.15201],[12.41977,50.1521],[12.42018,50.15189],[12.42076,50.15118],[12.42078,50.15075],[12.4214,50.15063],[12.42269,50.14973],[12.42433,50.14932],[12.42464,50.14865],[12.42537,50.14906],[12.42643,50.14858],[12.42835,50.14851],[12.43209,50.14976],[12.43375,50.1499],[12.43821,50.14991],[12.43989,50.14961],[12.43801,50.14686],[12.43744,50.14536],[12.43584,50.144],[12.43575,50.14369],[12.43823,50.14077],[12.44072,50.1388],[12.44145,50.13775],[12.44194,50.13752],[12.44112,50.13383],[12.44075,50.13312],[12.44209,50.13289],[12.44277,50.13251],[12.44367,50.13086],[12.44543,50.12959],[12.44565,50.1291],[12.44527,50.12839],[12.44362,50.12735],[12.44329,50.12687],[12.44333,50.12647],[12.44404,50.12568],[12.44319,50.12536],[12.44357,50.12468],[12.444,50.12173],[12.44182,50.11981],[12.44051,50.11804],[12.44193,50.11771],[12.44431,50.11778],[12.44852,50.1174],[12.44849,50.11717],[12.4475,50.1171],[12.44769,50.11685],[12.44891,50.11682],[12.44976,50.1159],[12.44802,50.11598],[12.44604,50.11515],[12.44477,50.115],[12.44396,50.11464],[12.44537,50.1142],[12.44441,50.11309],[12.44472,50.11263],[12.44473,50.11194],[12.44409,50.11109],[12.44391,50.11022],[12.44347,50.10977],[12.44292,50.10979],[12.44266,50.11017],[12.44312,50.11106],[12.44176,50.11198],[12.44061,50.11235],[12.43952,50.11187],[12.44021,50.11123],[12.44044,50.11063],[12.43995,50.11035],[12.4382,50.11054],[12.43749,50.10976],[12.43861,50.10953],[12.43958,50.10878],[12.43937,50.10805],[12.43877,50.10781],[12.43788,50.10796],[12.43711,50.10863],[12.43627,50.10765],[12.4339,50.10747],[12.43298,50.10819],[12.43262,50.10941],[12.43151,50.10979]]]}},{"type":"Feature","properties":{"name":"560707"},"geometry":{"type":"Polygon","coordinates":[[[12.71008,50.26061],[12.70986,50.26022],[12.7146,50.25781],[12.71362,50.25703],[12.71279,50.25729],[12.70942,50.25612],[12.71128,50.25262],[12.71255,50.24966],[12.71125,50.24903],[12.70927,50.25028],[12.69102,50.25251],[12.68904,50.2522],[12.68733,50.25262],[12.68581,50.25266],[12.68084,50.25159],[12.67845,50.25255],[12.67479,50.25203],[12.67392,50.25269],[12.67344,50.25375],[12.67299,50.25407],[12.67433,50.25549],[12.6765,50.2572],[12.67938,50.25782],[12.6798,50.25927],[12.68058,50.25847],[12.68049,50.25828],[12.68083,50.25796],[12.68059,50.25761],[12.68074,50.25749],[12.68138,50.25787],[12.68139,50.25856],[12.68248,50.25844],[12.68251,50.25865],[12.6838,50.25886],[12.68317,50.25963],[12.68411,50.26045],[12.68386,50.26066],[12.6844,50.26097],[12.68464,50.26209],[12.68505,50.26194],[12.68531,50.26136],[12.68791,50.26227],[12.68933,50.26248],[12.68924,50.26301],[12.68994,50.2634],[12.69106,50.26271],[12.69171,50.26316],[12.69209,50.26287],[12.69351,50.26376],[12.69513,50.26521],[12.69684,50.26606],[12.69797,50.26598],[12.69915,50.26521],[12.70001,50.26541],[12.70073,50.26638],[12.70142,50.26654],[12.70263,50.26616],[12.70255,50.26595],[12.70337,50.26558],[12.70526,50.26518],[12.70786,50.2635],[12.70818,50.26208],[12.71008,50.26061]]]}},{"type":"Feature","properties":{"name":"578002"},"geometry":{"type":"Polygon","coordinates":[[[12.37216,50.21538],[12.37072,50.21532],[12.3698,50.21407],[12.36789,50.21492],[12.36596,50.21322],[12.36352,50.21406],[12.36198,50.21327],[12.36279,50.21298],[12.36348,50.21229],[12.36193,50.21185],[12.36095,50.21185],[12.36057,50.21149],[12.36058,50.2105],[12.36095,50.20969],[12.3615,50.2093],[12.35993,50.20868],[12.36057,50.20808],[12.35841,50.20728],[12.35858,50.20678],[12.35822,50.20591],[12.35481,50.20798],[12.35395,50.20754],[12.3532,50.20776],[12.35178,50.20765],[12.35138,50.20683],[12.35073,50.20667],[12.35127,50.2061],[12.34941,50.20512],[12.34699,50.20564],[12.34676,50.20547],[12.34683,50.2042],[12.34634,50.20381],[12.35062,50.20177],[12.35286,50.20158],[12.35494,50.20033],[12.35572,50.19953],[12.35729,50.19907],[12.35882,50.19793],[12.35964,50.19761],[12.36007,50.1972],[12.35997,50.19683],[12.36483,50.19589],[12.36742,50.1949],[12.36893,50.1949],[12.36884,50.19396],[12.3694,50.19388],[12.36947,50.1945],[12.37107,50.19454],[12.3716,50.19433],[12.37067,50.19507],[12.3706,50.19586],[12.37169,50.19594],[12.37161,50.19555],[12.37347,50.19538],[12.37383,50.1959],[12.37469,50.19562],[12.37615,50.196],[12.37637,50.19555],[12.37598,50.1951],[12.37747,50.19404],[12.38383,50.19285],[12.38367,50.19326],[12.38386,50.19338],[12.38239,50.19409],[12.38387,50.19479],[12.38129,50.19672],[12.38217,50.1981],[12.37994,50.19854],[12.37927,50.19942],[12.37721,50.20096],[12.37728,50.20175],[12.37857,50.20138],[12.38008,50.2015],[12.38064,50.20087],[12.3831,50.20022],[12.38444,50.20224],[12.3848,50.20203],[12.38511,50.20227],[12.38723,50.20499],[12.38685,50.20586],[12.38754,50.20651],[12.38652,50.20662],[12.38637,50.20716],[12.38729,50.20818],[12.38811,50.20794],[12.38857,50.20753],[12.38972,50.21165],[12.38952,50.21376],[12.38885,50.21409],[12.38044,50.21509],[12.3794,50.215],[12.37905,50.21527],[12.37877,50.21509],[12.37641,50.21509],[12.37557,50.21536],[12.37481,50.21508],[12.37216,50.21538]]]}},{"type":"Feature","properties":{"name":"555631"},"geometry":{"type":"Polygon","coordinates":[[[12.85494,49.92486],[12.85305,49.92408],[12.84954,49.92458],[12.84924,49.92639],[12.85031,49.9292],[12.84795,49.92995],[12.84441,49.93035],[12.84452,49.93054],[12.84366,49.93138],[12.84377,49.93162],[12.84107,49.9328],[12.84106,49.93311],[12.83952,49.93438],[12.83859,49.93428],[12.83166,49.93218],[12.83015,49.93238],[12.82895,49.93352],[12.82633,49.93345],[12.82301,49.93375],[12.82229,49.93294],[12.8225,49.93145],[12.82129,49.93128],[12.82051,49.93133],[12.82053,49.93181],[12.81799,49.93239],[12.81825,49.93316],[12.81726,49.93334],[12.81741,49.93375],[12.81563,49.93466],[12.81313,49.93378],[12.81276,49.93415],[12.81529,49.93554],[12.8158,49.9368],[12.81641,49.93753],[12.81572,49.93849],[12.81185,49.93862],[12.81162,49.9399],[12.81053,49.93991],[12.80946,49.9396],[12.80933,49.94006],[12.80954,49.9409],[12.81034,49.94091],[12.81042,49.94188],[12.81021,49.94246],[12.81112,49.94285],[12.81041,49.94352],[12.81012,49.94447],[12.80925,49.94562],[12.80649,49.94765],[12.8042,49.95001],[12.80664,49.95039],[12.80613,49.95139],[12.8033,49.95112],[12.80584,49.95338],[12.80706,49.95392],[12.8073,49.95364],[12.80941,49.95355],[12.81121,49.9543],[12.81271,49.95454],[12.81331,49.95527],[12.8132,49.95548],[12.81412,49.9556],[12.81528,49.95535],[12.81748,49.95593],[12.81637,49.95683],[12.81508,49.95822],[12.81517,49.95835],[12.81407,49.95915],[12.81408,49.95952],[12.81476,49.95956],[12.81518,49.96004],[12.81504,49.96055],[12.81357,49.96195],[12.81409,49.96192],[12.81469,49.96244],[12.81471,49.96271],[12.81424,49.96295],[12.81404,49.96354],[12.81403,49.96581],[12.8135,49.96573],[12.81302,49.96505],[12.81249,49.96496],[12.81172,49.96547],[12.81136,49.96626],[12.81161,49.96749],[12.81248,49.96856],[12.81434,49.96878],[12.81426,49.96892],[12.814,49.96929],[12.81221,49.96949],[12.81172,49.96994],[12.80994,49.97056],[12.80797,49.97086],[12.80723,49.97119],[12.80682,49.97204],[12.80473,49.97187],[12.80021,49.97278],[12.7991,49.97279],[12.79835,49.97239],[12.79452,49.97191],[12.79434,49.97247],[12.7948,49.97305],[12.79339,49.97429],[12.7921,49.97604],[12.79034,49.97683],[12.7878,49.97898],[12.78665,49.97962],[12.78666,49.98016],[12.78565,49.98066],[12.78535,49.98126],[12.7844,49.98203],[12.78209,49.98302],[12.77919,49.98463],[12.77347,49.98575],[12.77133,49.98563],[12.77066,49.98626],[12.76833,49.98591],[12.76429,49.98622],[12.76422,49.98651],[12.76675,49.98736],[12.76794,49.98882],[12.76759,49.98892],[12.76961,49.98969],[12.76839,49.99007],[12.76973,49.9905],[12.76905,49.99158],[12.76947,49.99169],[12.77091,49.99045],[12.77146,49.99069],[12.77326,49.98937],[12.77323,49.98981],[12.77391,49.99011],[12.77451,49.99089],[12.77443,49.992],[12.77473,49.99236],[12.77427,49.99305],[12.77405,49.9947],[12.77363,49.99478],[12.77446,49.99671],[12.77534,49.99793],[12.77883,49.99909],[12.7798,50.00041],[12.77985,50.00142],[12.7797,50.00197],[12.7791,50.00252],[12.77833,50.00242],[12.77772,50.00286],[12.77492,50.00317],[12.77281,50.0029],[12.77097,50.00435],[12.77072,50.00465],[12.77199,50.00498],[12.77203,50.0052],[12.77137,50.00582],[12.77176,50.00644],[12.77164,50.00703],[12.77212,50.00802],[12.7708,50.01001],[12.76905,50.00989],[12.7691,50.01006],[12.76844,50.00979],[12.76552,50.00795],[12.76488,50.00696],[12.76413,50.00726],[12.76317,50.00724],[12.7629,50.00801],[12.76303,50.00831],[12.76416,50.00839],[12.76468,50.00872],[12.76564,50.00839],[12.76793,50.01031],[12.76669,50.01114],[12.7668,50.01157],[12.76559,50.01107],[12.76437,50.01004],[12.7639,50.01015],[12.76341,50.00995],[12.76388,50.01166],[12.7626,50.01451],[12.76638,50.01233],[12.76942,50.01164],[12.77086,50.01232],[12.77151,50.01328],[12.77205,50.01333],[12.77305,50.01461],[12.77446,50.0144],[12.77571,50.01506],[12.77652,50.01634],[12.77749,50.01598],[12.77825,50.01628],[12.77807,50.01656],[12.7783,50.01672],[12.77967,50.01705],[12.78032,50.01749],[12.78048,50.0173],[12.78114,50.01752],[12.78196,50.01857],[12.78173,50.01883],[12.78196,50.0192],[12.78244,50.01931],[12.78256,50.01893],[12.78297,50.01954],[12.78727,50.02048],[12.78722,50.01999],[12.79049,50.01935],[12.79308,50.01776],[12.79587,50.01735],[12.79709,50.01532],[12.79868,50.01432],[12.79964,50.01421],[12.80014,50.01474],[12.80075,50.01492],[12.80343,50.01509],[12.80456,50.01549],[12.80348,50.01644],[12.80288,50.01626],[12.80114,50.01679],[12.80052,50.01714],[12.79968,50.01824],[12.79602,50.02036],[12.79492,50.02058],[12.7942,50.02113],[12.79473,50.02144],[12.7943,50.02202],[12.79578,50.0224],[12.79544,50.02429],[12.79794,50.02492],[12.79743,50.02573],[12.80024,50.02627],[12.8016,50.02695],[12.80188,50.02781],[12.80053,50.03024],[12.80045,50.03213],[12.80149,50.03308],[12.80191,50.03406],[12.80431,50.03559],[12.80553,50.03834],[12.80854,50.04219],[12.8118,50.04274],[12.81279,50.04252],[12.8144,50.04127],[12.81532,50.04129],[12.8169,50.04189],[12.81766,50.04191],[12.81826,50.0408],[12.81817,50.03907],[12.81871,50.03817],[12.82015,50.03734],[12.8232,50.0371],[12.82458,50.03675],[12.82735,50.03789],[12.82783,50.03861],[12.82809,50.03862],[12.8294,50.0378],[12.83012,50.03693],[12.83156,50.0366],[12.82971,50.0358],[12.83116,50.03453],[12.83471,50.03216],[12.8373,50.03144],[12.83896,50.03049],[12.83932,50.03069],[12.84001,50.03203],[12.84762,50.0296],[12.84779,50.02928],[12.85135,50.02886],[12.85151,50.0285],[12.85377,50.02781],[12.85582,50.02757],[12.85576,50.02783],[12.85687,50.02869],[12.85725,50.02842],[12.85598,50.02749],[12.85619,50.02726],[12.85893,50.02665],[12.85992,50.02596],[12.86096,50.02645],[12.86307,50.0245],[12.86855,50.02298],[12.8701,50.02134],[12.87102,50.01771],[12.87178,50.01677],[12.87168,50.01521],[12.872,50.01472],[12.87213,50.01361],[12.87312,50.0124],[12.87312,50.01011],[12.87385,50.00843],[12.87417,50.00838],[12.87465,50.00689],[12.87511,50.00681],[12.87545,50.00637],[12.87417,50.00536],[12.87344,50.00612],[12.87325,50.0057],[12.87444,50.00436],[12.87498,50.00493],[12.87616,50.005],[12.88145,50.00724],[12.88562,50.00848],[12.88946,50.01088],[12.893,50.01094],[12.89618,50.01138],[12.90276,50.00978],[12.90547,50.00946],[12.90605,50.00913],[12.90751,50.00958],[12.91004,50.00909],[12.91167,50.01001],[12.91588,50.01109],[12.91558,50.01182],[12.91582,50.01209],[12.92028,50.01417],[12.92314,50.01448],[12.92365,50.01405],[12.92643,50.01324],[12.92856,50.01441],[12.93175,50.01478],[12.9317,50.01493],[12.93247,50.01515],[12.93269,50.01495],[12.93297,50.01519],[12.93329,50.01499],[12.93305,50.01484],[12.93334,50.01479],[12.92987,50.01372],[12.93255,50.01252],[12.93383,50.01163],[12.93337,50.01136],[12.93357,50.01096],[12.93393,50.01087],[12.93454,50.01017],[12.93501,50.00896],[12.93595,50.00808],[12.93595,50.00778],[12.93848,50.00709],[12.93894,50.00645],[12.93649,50.00563],[12.93751,50.00414],[12.93841,50.00337],[12.93758,50.00294],[12.93722,50.00194],[12.93974,50.00318],[12.94027,50.00265],[12.94113,50.00267],[12.94122,50.00219],[12.94207,50.00135],[12.94213,49.9991],[12.94334,49.99818],[12.94378,49.99713],[12.94387,49.99662],[12.9432,49.99622],[12.94353,49.99598],[12.94321,49.9958],[12.94282,49.99599],[12.94197,49.99586],[12.94194,49.99568],[12.94322,49.995],[12.94314,49.99448],[12.94092,49.99496],[12.94016,49.99329],[12.94044,49.99337],[12.94024,49.99282],[12.93883,49.99109],[12.94285,49.99143],[12.94408,49.99123],[12.94421,49.99114],[12.94386,49.99116],[12.94377,49.99078],[12.94386,49.98861],[12.94136,49.98859],[12.94137,49.98838],[12.93853,49.98823],[12.93951,49.98769],[12.94004,49.98667],[12.94091,49.98587],[12.93654,49.98568],[12.93707,49.98526],[12.93439,49.98475],[12.92802,49.98447],[12.92886,49.98385],[12.92672,49.98299],[12.92463,49.98252],[12.92495,49.98193],[12.92386,49.98137],[12.92194,49.98099],[12.92281,49.97996],[12.91823,49.97974],[12.91543,49.97929],[12.91929,49.97966],[12.91899,49.97901],[12.91797,49.9788],[12.91805,49.97855],[12.91776,49.97834],[12.91802,49.97815],[12.92032,49.97887],[12.9202,49.97966],[12.92515,49.98011],[12.92453,49.9787],[12.92498,49.97866],[12.9257,49.97814],[12.92848,49.97822],[12.92841,49.97743],[12.92926,49.97688],[12.92939,49.97649],[12.92834,49.97607],[12.92857,49.97575],[12.92758,49.97463],[12.92736,49.9739],[12.92857,49.97377],[12.9299,49.97412],[12.92966,49.97366],[12.93055,49.97291],[12.93118,49.97271],[12.9193,49.96677],[12.93604,49.96683],[12.93686,49.96774],[12.93681,49.96899],[12.93706,49.96932],[12.93933,49.97112],[12.94182,49.97242],[12.94204,49.97175],[12.94318,49.97204],[12.94309,49.97221],[12.94363,49.97239],[12.94309,49.97278],[12.94395,49.97291],[12.94961,49.97304],[12.95066,49.97328],[12.95211,49.97317],[12.95255,49.97291],[12.95718,49.97309],[12.95739,49.97239],[12.9571,49.97126],[12.95747,49.97032],[12.95635,49.96913],[12.95667,49.96887],[12.95661,49.96789],[12.96236,49.96534],[12.96275,49.96437],[12.96388,49.96441],[12.96411,49.96355],[12.96443,49.96321],[12.96344,49.96321],[12.96319,49.96267],[12.96517,49.96206],[12.96552,49.96172],[12.96543,49.96139],[12.96704,49.96144],[12.96712,49.96111],[12.96799,49.96118],[12.96832,49.96094],[12.96846,49.96057],[12.96593,49.95994],[12.96625,49.95943],[12.96846,49.96006],[12.96952,49.95857],[12.96713,49.95802],[12.96767,49.95718],[12.96868,49.95436],[12.9687,49.95326],[12.96743,49.95329],[12.96732,49.95304],[12.9634,49.95424],[12.96169,49.95356],[12.96221,49.95285],[12.95891,49.95301],[12.96483,49.95182],[12.96366,49.95147],[12.96352,49.95112],[12.95861,49.95086],[12.95869,49.9501],[12.95906,49.94926],[12.95992,49.94959],[12.96361,49.94932],[12.96372,49.94851],[12.96412,49.94787],[12.9665,49.94734],[12.96623,49.9461],[12.96575,49.94542],[12.96674,49.94375],[12.9643,49.94291],[12.96207,49.94277],[12.96213,49.94149],[12.96078,49.94096],[12.95954,49.94096],[12.95915,49.93993],[12.95869,49.93994],[12.95849,49.93786],[12.95777,49.93722],[12.95276,49.93858],[12.95214,49.93657],[12.95076,49.93596],[12.95089,49.93581],[12.95018,49.93503],[12.95017,49.93469],[12.94425,49.93259],[12.94511,49.93191],[12.94245,49.93133],[12.94329,49.93046],[12.94147,49.92966],[12.94159,49.92943],[12.93974,49.92894],[12.93991,49.92831],[12.93765,49.92823],[12.93766,49.9279],[12.93574,49.92794],[12.93358,49.92835],[12.935,49.92711],[12.93703,49.92623],[12.93622,49.92589],[12.93562,49.92593],[12.93577,49.92561],[12.93634,49.9254],[12.93593,49.9249],[12.93285,49.92609],[12.93044,49.9261],[12.92819,49.92665],[12.9256,49.9267],[12.92639,49.92535],[12.92641,49.92471],[12.92692,49.92413],[12.92716,49.92318],[12.92859,49.92179],[12.92862,49.92121],[12.92829,49.92095],[12.92541,49.92088],[12.92166,49.92132],[12.92047,49.92212],[12.91824,49.92313],[12.91629,49.92483],[12.91261,49.92591],[12.91078,49.92688],[12.90977,49.92707],[12.9082,49.92827],[12.90708,49.92841],[12.90601,49.92949],[12.9061,49.93026],[12.90534,49.9322],[12.90079,49.93292],[12.89962,49.93344],[12.8965,49.93414],[12.89395,49.93453],[12.89213,49.93433],[12.88922,49.93483],[12.88892,49.93443],[12.88742,49.9339],[12.88544,49.93199],[12.8835,49.93077],[12.88128,49.93031],[12.88011,49.92983],[12.88027,49.92796],[12.88004,49.92732],[12.87828,49.92566],[12.87681,49.925],[12.8762,49.92498],[12.87605,49.92537],[12.8755,49.92553],[12.87522,49.92594],[12.87375,49.92613],[12.87316,49.92644],[12.87197,49.92647],[12.87182,49.92656],[12.87198,49.92668],[12.87136,49.92665],[12.87111,49.92679],[12.87133,49.927],[12.87077,49.92711],[12.86651,49.92722],[12.86316,49.92762],[12.86152,49.92645],[12.8598,49.926],[12.85859,49.92537],[12.85717,49.9254],[12.85494,49.92486]]]}},{"type":"Feature","properties":{"name":"560413"},"geometry":{"type":"Polygon","coordinates":[[[12.61604,50.2618],[12.61179,50.26021],[12.60862,50.25837],[12.60697,50.25679],[12.60681,50.25599],[12.60704,50.25545],[12.60785,50.25483],[12.60784,50.25458],[12.60901,50.25447],[12.60845,50.25419],[12.60878,50.25286],[12.60807,50.25202],[12.60861,50.25056],[12.6091,50.25047],[12.6098,50.2495],[12.60652,50.24831],[12.60525,50.24735],[12.60495,50.2464],[12.60392,50.24549],[12.60399,50.24425],[12.60371,50.24322],[12.60475,50.24259],[12.60533,50.24209],[12.60531,50.24186],[12.60327,50.24233],[12.60115,50.24227],[12.59959,50.24286],[12.5987,50.24231],[12.59809,50.24293],[12.59751,50.24258],[12.59506,50.24252],[12.59437,50.2429],[12.59057,50.24337],[12.58939,50.24439],[12.58677,50.24491],[12.58523,50.24471],[12.58438,50.24545],[12.58394,50.24663],[12.58395,50.24767],[12.58451,50.24863],[12.58405,50.24984],[12.58409,50.2504],[12.58275,50.25121],[12.58108,50.25168],[12.58004,50.25282],[12.579,50.25319],[12.5768,50.25474],[12.57567,50.25517],[12.57309,50.2573],[12.57125,50.25733],[12.57051,50.25723],[12.57011,50.25697],[12.56978,50.25692],[12.5701,50.25723],[12.56916,50.25757],[12.56882,50.25798],[12.56908,50.25842],[12.57035,50.25903],[12.57062,50.25948],[12.56997,50.26043],[12.56889,50.26112],[12.56987,50.26228],[12.57278,50.26444],[12.57499,50.2666],[12.57665,50.26732],[12.5766,50.26766],[12.57633,50.26763],[12.57399,50.26922],[12.57294,50.26959],[12.57317,50.27025],[12.57283,50.271],[12.57185,50.272],[12.56942,50.2738],[12.56494,50.27328],[12.56309,50.27357],[12.56098,50.27439],[12.55999,50.27542],[12.55787,50.27637],[12.55583,50.27771],[12.55507,50.27791],[12.55373,50.27752],[12.55305,50.27838],[12.55165,50.27908],[12.54782,50.28019],[12.54808,50.28209],[12.54872,50.2833],[12.54857,50.284],[12.5488,50.28441],[12.54984,50.28473],[12.55016,50.28541],[12.55192,50.28661],[12.55236,50.28819],[12.55642,50.28987],[12.56056,50.29069],[12.56353,50.28967],[12.56542,50.28958],[12.56563,50.28949],[12.56551,50.28921],[12.56617,50.28918],[12.5661,50.28977],[12.56875,50.28906],[12.56896,50.28945],[12.56872,50.28988],[12.56924,50.29089],[12.56925,50.2915],[12.56792,50.29167],[12.56862,50.29248],[12.56907,50.29254],[12.56957,50.29326],[12.57027,50.2936],[12.57166,50.29365],[12.57285,50.2926],[12.57338,50.29272],[12.57471,50.29182],[12.57512,50.29208],[12.58001,50.29179],[12.58146,50.2913],[12.58146,50.29209],[12.58197,50.29289],[12.58263,50.29346],[12.5833,50.29362],[12.58262,50.29407],[12.58226,50.29465],[12.58319,50.29523],[12.58279,50.29544],[12.58299,50.29562],[12.58085,50.29605],[12.5804,50.29637],[12.58048,50.29676],[12.57944,50.29683],[12.57914,50.29657],[12.57809,50.29692],[12.57789,50.29792],[12.5776,50.29799],[12.58001,50.29992],[12.58156,50.30016],[12.58183,50.3006],[12.58234,50.30079],[12.58511,50.3011],[12.58534,50.30081],[12.58559,50.30087],[12.58586,50.30009],[12.58673,50.30054],[12.58707,50.30153],[12.58769,50.30186],[12.58786,50.30162],[12.5887,50.30152],[12.59052,50.30065],[12.59337,50.29873],[12.59419,50.29879],[12.59534,50.29747],[12.59584,50.2978],[12.59577,50.29809],[12.59631,50.29864],[12.59822,50.2977],[12.59938,50.29682],[12.60158,50.29585],[12.6042,50.29564],[12.6057,50.29582],[12.60676,50.29455],[12.60847,50.29471],[12.61027,50.29526],[12.61559,50.29905],[12.61545,50.3028],[12.6157,50.30388],[12.61532,50.30591],[12.61379,50.30803],[12.61398,50.31009],[12.61292,50.31078],[12.61496,50.31142],[12.61571,50.31209],[12.61555,50.31235],[12.61735,50.31209],[12.61969,50.3124],[12.62224,50.31414],[12.62528,50.31433],[12.62743,50.31493],[12.62854,50.31577],[12.6309,50.31531],[12.63758,50.31579],[12.63797,50.31602],[12.63988,50.31592],[12.64134,50.31647],[12.6426,50.31637],[12.64415,50.31568],[12.6444,50.3152],[12.64412,50.31506],[12.64535,50.31502],[12.64573,50.31357],[12.64449,50.31285],[12.64342,50.31252],[12.64233,50.3126],[12.64158,50.31211],[12.64142,50.31146],[12.64085,50.31088],[12.64052,50.31003],[12.64107,50.30935],[12.64112,50.30879],[12.63989,50.30799],[12.63926,50.30728],[12.63929,50.30701],[12.63992,50.30732],[12.64211,50.30747],[12.64235,50.30703],[12.64188,50.30694],[12.6417,50.30659],[12.64219,50.30638],[12.64464,50.30871],[12.64579,50.30891],[12.64695,50.30872],[12.64852,50.30808],[12.64979,50.30817],[12.65238,50.30781],[12.65461,50.3082],[12.65899,50.30717],[12.66035,50.30719],[12.66192,50.30761],[12.66228,50.30811],[12.66234,50.30871],[12.66563,50.3088],[12.66717,50.30769],[12.66829,50.3065],[12.67017,50.30642],[12.67191,50.30737],[12.67201,50.30773],[12.67052,50.30862],[12.6722,50.30944],[12.67022,50.31036],[12.66985,50.30966],[12.66921,50.30993],[12.67,50.31082],[12.66994,50.31158],[12.67057,50.31269],[12.6748,50.31201],[12.67467,50.31283],[12.67295,50.31276],[12.67257,50.31319],[12.67316,50.31345],[12.6716,50.31388],[12.67117,50.31452],[12.67255,50.31469],[12.67377,50.31372],[12.67648,50.31504],[12.67685,50.31465],[12.67605,50.31443],[12.67588,50.31408],[12.67639,50.31362],[12.67662,50.31293],[12.67798,50.31311],[12.67846,50.31144],[12.68042,50.31121],[12.68503,50.31193],[12.6851,50.31178],[12.68168,50.31086],[12.68161,50.31042],[12.68216,50.30956],[12.68384,50.30855],[12.68463,50.3071],[12.68555,50.30665],[12.68691,50.30743],[12.68863,50.30657],[12.69005,50.30541],[12.69073,50.30555],[12.69129,50.30614],[12.69227,50.30644],[12.69304,50.30575],[12.69325,50.30504],[12.69704,50.30769],[12.69711,50.3083],[12.69958,50.30788],[12.69993,50.30655],[12.69989,50.30547],[12.69893,50.30401],[12.70255,50.30414],[12.70277,50.3032],[12.69984,50.30237],[12.6938,50.29824],[12.69112,50.29715],[12.68482,50.29614],[12.68478,50.29552],[12.68269,50.29254],[12.68012,50.2932],[12.67892,50.29394],[12.67878,50.29441],[12.67857,50.29444],[12.67637,50.29445],[12.67506,50.29405],[12.67433,50.29355],[12.67305,50.29206],[12.67132,50.29105],[12.67129,50.29064],[12.66988,50.28972],[12.67337,50.28851],[12.67443,50.28793],[12.67519,50.28714],[12.67515,50.28682],[12.67579,50.28645],[12.67682,50.28529],[12.67693,50.2851],[12.67659,50.28471],[12.67559,50.28526],[12.67428,50.28412],[12.67252,50.28521],[12.67294,50.2856],[12.67251,50.286],[12.67149,50.28631],[12.66989,50.28641],[12.66826,50.28705],[12.66803,50.28725],[12.66836,50.28738],[12.66812,50.28764],[12.66644,50.2872],[12.66568,50.28756],[12.66524,50.28721],[12.66464,50.28713],[12.66387,50.28646],[12.66398,50.28495],[12.66459,50.28436],[12.66522,50.28414],[12.66584,50.28338],[12.66949,50.28212],[12.6716,50.28202],[12.67026,50.28157],[12.66952,50.28053],[12.66834,50.27991],[12.66819,50.27773],[12.66866,50.2778],[12.6687,50.276],[12.66902,50.27552],[12.66952,50.27556],[12.66978,50.27489],[12.66793,50.27332],[12.66854,50.27285],[12.66764,50.27238],[12.66769,50.27184],[12.66741,50.27124],[12.66833,50.27054],[12.67043,50.2702],[12.67137,50.26962],[12.67163,50.26816],[12.6732,50.26656],[12.6735,50.26592],[12.67235,50.26524],[12.67203,50.26466],[12.67212,50.26439],[12.67364,50.26328],[12.68041,50.26033],[12.67974,50.25984],[12.67979,50.25904],[12.67927,50.25774],[12.67697,50.25739],[12.6759,50.25683],[12.67587,50.25759],[12.67685,50.25892],[12.67578,50.25963],[12.67555,50.26003],[12.67457,50.26045],[12.67324,50.26182],[12.67221,50.26229],[12.67028,50.26208],[12.66868,50.26227],[12.6656,50.26062],[12.66341,50.26092],[12.66134,50.26179],[12.6607,50.26238],[12.66015,50.26374],[12.6585,50.26376],[12.65522,50.26509],[12.64795,50.26584],[12.6474,50.26602],[12.64623,50.26729],[12.63736,50.2625],[12.63664,50.26163],[12.63773,50.26163],[12.63929,50.26216],[12.63961,50.26192],[12.6397,50.26159],[12.63881,50.2604],[12.63941,50.25867],[12.63873,50.25736],[12.63866,50.25674],[12.64093,50.25352],[12.64117,50.25163],[12.64176,50.25013],[12.64196,50.24831],[12.63961,50.24883],[12.63762,50.24956],[12.63727,50.24989],[12.63625,50.24978],[12.6359,50.24944],[12.6345,50.25033],[12.6332,50.2533],[12.63216,50.25437],[12.63221,50.2552],[12.63078,50.2558],[12.63079,50.25599],[12.6291,50.25658],[12.62558,50.25672],[12.62201,50.25744],[12.62097,50.25799],[12.61968,50.25936],[12.61786,50.26037],[12.6165,50.26175],[12.61604,50.2618]]]}},{"type":"Feature","properties":{"name":"539431"},"geometry":{"type":"Polygon","coordinates":[[[12.75585,49.97023],[12.75737,49.96776],[12.75789,49.96765],[12.75986,49.96566],[12.76093,49.96512],[12.76249,49.96474],[12.76198,49.96406],[12.76231,49.96376],[12.76183,49.96339],[12.76123,49.96349],[12.76052,49.96317],[12.76135,49.96292],[12.7619,49.96222],[12.76351,49.96115],[12.76441,49.96091],[12.7648,49.96015],[12.76459,49.95989],[12.76475,49.95957],[12.76459,49.95915],[12.76488,49.95902],[12.76472,49.95827],[12.76529,49.95813],[12.76531,49.95763],[12.76565,49.95758],[12.76565,49.95708],[12.7632,49.95746],[12.7628,49.9568],[12.76133,49.95653],[12.76036,49.956],[12.76004,49.95616],[12.75742,49.9548],[12.75697,49.95438],[12.75708,49.95409],[12.75667,49.95359],[12.75582,49.95297],[12.75575,49.9522],[12.75542,49.95164],[12.75565,49.95092],[12.75482,49.95006],[12.75507,49.94961],[12.75495,49.94923],[12.75537,49.9492],[12.75555,49.94877],[12.7547,49.94877],[12.75444,49.94855],[12.75399,49.94897],[12.75288,49.94925],[12.75248,49.9499],[12.75158,49.94977],[12.7513,49.95034],[12.75178,49.95076],[12.75022,49.9518],[12.75081,49.9522],[12.74877,49.95366],[12.7476,49.95587],[12.74613,49.95753],[12.74636,49.95782],[12.74409,49.95858],[12.74308,49.96014],[12.74274,49.9602],[12.74297,49.96025],[12.74301,49.961],[12.74179,49.96079],[12.74182,49.96134],[12.74216,49.96176],[12.73953,49.96218],[12.73756,49.96182],[12.73691,49.96323],[12.73226,49.96564],[12.72819,49.96739],[12.72913,49.96827],[12.72977,49.96935],[12.7295,49.97003],[12.72981,49.97013],[12.72851,49.97202],[12.72851,49.97406],[12.72828,49.97485],[12.72868,49.97506],[12.73041,49.9749],[12.73349,49.97527],[12.73539,49.97528],[12.7363,49.97486],[12.73779,49.97503],[12.73945,49.97584],[12.73899,49.97611],[12.73923,49.97603],[12.73923,49.97672],[12.7439,49.9761],[12.74345,49.97674],[12.74313,49.97808],[12.74336,49.98027],[12.74208,49.98143],[12.73738,49.9831],[12.73562,49.98396],[12.73359,49.98612],[12.73226,49.98686],[12.73222,49.98733],[12.73076,49.98995],[12.7305,49.99135],[12.73101,49.99197],[12.72934,49.99256],[12.72963,49.9932],[12.73112,49.99405],[12.73117,49.99438],[12.73168,49.99453],[12.73407,49.99431],[12.73642,49.99482],[12.73836,49.99419],[12.74013,49.99407],[12.74021,49.99364],[12.73974,49.99321],[12.7396,49.99216],[12.73933,49.99188],[12.74003,49.99072],[12.73976,49.99049],[12.73985,49.98918],[12.74106,49.98806],[12.74117,49.98753],[12.74164,49.98749],[12.74341,49.98611],[12.74806,49.98429],[12.749,49.98377],[12.74897,49.98355],[12.75047,49.98318],[12.75142,49.98321],[12.75228,49.98278],[12.75626,49.98365],[12.75718,49.98433],[12.75803,49.98448],[12.75682,49.97986],[12.75715,49.97909],[12.75777,49.97848],[12.75759,49.97821],[12.7578,49.97785],[12.75827,49.97771],[12.75852,49.9782],[12.75949,49.97853],[12.76174,49.97797],[12.76283,49.97799],[12.76313,49.97765],[12.76365,49.97773],[12.764,49.97716],[12.76486,49.97716],[12.76472,49.97626],[12.76499,49.97566],[12.76479,49.97534],[12.76379,49.97513],[12.76363,49.97472],[12.76159,49.97446],[12.76097,49.97372],[12.75754,49.97375],[12.75691,49.97344],[12.75735,49.97306],[12.75857,49.97275],[12.75763,49.97223],[12.75781,49.97209],[12.75742,49.97128],[12.75661,49.97033],[12.75585,49.97023]]]}},{"type":"Feature","properties":{"name":"555690"},"geometry":{"type":"Polygon","coordinates":[[[13.26682,50.15308],[13.26851,50.15306],[13.26842,50.15275],[13.26889,50.1519],[13.27375,50.15112],[13.27684,50.14985],[13.2786,50.14981],[13.27883,50.14848],[13.27985,50.14816],[13.28038,50.14765],[13.27919,50.14703],[13.27872,50.14718],[13.27806,50.14657],[13.27731,50.14703],[13.2767,50.14669],[13.27634,50.14677],[13.27646,50.14651],[13.27848,50.14585],[13.27871,50.1462],[13.28023,50.14546],[13.28065,50.14594],[13.28428,50.14465],[13.28344,50.14394],[13.28369,50.14332],[13.28275,50.14256],[13.28147,50.14295],[13.28083,50.14195],[13.28043,50.14178],[13.28159,50.14098],[13.28307,50.13948],[13.2826,50.13909],[13.28412,50.13731],[13.28405,50.13674],[13.28389,50.13659],[13.2824,50.13786],[13.28126,50.13733],[13.2792,50.13731],[13.27908,50.13704],[13.27528,50.13808],[13.27327,50.13957],[13.2716,50.14006],[13.26958,50.14137],[13.2684,50.14158],[13.26748,50.14215],[13.26774,50.1424],[13.27011,50.14196],[13.27061,50.14255],[13.26921,50.1426],[13.26674,50.1438],[13.26675,50.1434],[13.2659,50.14329],[13.26272,50.14391],[13.26184,50.14325],[13.26211,50.14305],[13.26202,50.14244],[13.26151,50.14246],[13.25895,50.14328],[13.25697,50.14363],[13.257,50.14396],[13.25676,50.14413],[13.25293,50.14485],[13.25087,50.14654],[13.25024,50.14664],[13.2498,50.14586],[13.24846,50.14592],[13.24792,50.14693],[13.24611,50.14768],[13.24404,50.14786],[13.24326,50.14821],[13.24302,50.14847],[13.24368,50.14991],[13.24821,50.14968],[13.24709,50.15043],[13.24746,50.15232],[13.24947,50.15272],[13.25054,50.15337],[13.24779,50.15441],[13.24654,50.15448],[13.24618,50.15303],[13.24304,50.15331],[13.23888,50.15483],[13.23621,50.15516],[13.23431,50.15582],[13.23412,50.15598],[13.23444,50.15719],[13.23411,50.15746],[13.23519,50.15944],[13.23479,50.16068],[13.22906,50.15874],[13.22794,50.15899],[13.22733,50.15942],[13.22252,50.15725],[13.2213,50.15694],[13.21993,50.15611],[13.21653,50.15511],[13.21389,50.15346],[13.21093,50.15382],[13.20838,50.15336],[13.20561,50.15249],[13.20564,50.1522],[13.20482,50.1521],[13.20463,50.15153],[13.20571,50.15146],[13.2063,50.15058],[13.2058,50.14978],[13.20507,50.14958],[13.20356,50.15059],[13.20309,50.15054],[13.20177,50.15249],[13.20141,50.15245],[13.19972,50.15361],[13.19888,50.15366],[13.19793,50.15406],[13.19781,50.15456],[13.19694,50.15468],[13.19649,50.15499],[13.19511,50.155],[13.19261,50.15584],[13.19107,50.15671],[13.18944,50.15706],[13.18892,50.15795],[13.1871,50.15976],[13.1869,50.16074],[13.18748,50.16229],[13.18789,50.16255],[13.18799,50.16373],[13.18758,50.16383],[13.18795,50.1652],[13.18954,50.16464],[13.19257,50.16437],[13.19448,50.16448],[13.19882,50.16721],[13.20024,50.16865],[13.20475,50.16785],[13.20483,50.16758],[13.20535,50.16758],[13.20604,50.1662],[13.20875,50.16661],[13.2093,50.16676],[13.20899,50.1669],[13.20923,50.16723],[13.21042,50.16715],[13.21183,50.1678],[13.21389,50.16832],[13.21818,50.17082],[13.22111,50.17216],[13.22352,50.17166],[13.22359,50.1713],[13.22586,50.17044],[13.22718,50.17098],[13.22735,50.17124],[13.22505,50.17269],[13.22404,50.17406],[13.22269,50.17489],[13.22262,50.17527],[13.22314,50.17575],[13.22138,50.17684],[13.21946,50.1788],[13.21458,50.18244],[13.21667,50.1838],[13.22493,50.18537],[13.22406,50.18745],[13.22401,50.19139],[13.22425,50.19196],[13.22362,50.19285],[13.2255,50.19417],[13.22554,50.19456],[13.22427,50.1949],[13.2226,50.19676],[13.22218,50.19783],[13.22166,50.19845],[13.22379,50.19903],[13.22449,50.1984],[13.22743,50.19702],[13.23255,50.19555],[13.236,50.19594],[13.23632,50.19643],[13.23748,50.19595],[13.23986,50.19646],[13.24104,50.19639],[13.24257,50.19684],[13.24458,50.19669],[13.25221,50.19522],[13.25808,50.19331],[13.2643,50.19239],[13.26471,50.19201],[13.2645,50.19187],[13.26469,50.1914],[13.2671,50.19078],[13.26827,50.1902],[13.26803,50.18994],[13.27001,50.18922],[13.2701,50.1887],[13.26974,50.18789],[13.27088,50.18679],[13.27446,50.18575],[13.27477,50.18444],[13.27447,50.18426],[13.27593,50.18311],[13.27729,50.18037],[13.27696,50.17879],[13.27968,50.17646],[13.27916,50.17569],[13.27913,50.17347],[13.27812,50.17192],[13.276,50.17118],[13.27479,50.17034],[13.27396,50.16866],[13.27697,50.16865],[13.28028,50.16829],[13.28322,50.16861],[13.28391,50.168],[13.2872,50.16823],[13.28507,50.16447],[13.2843,50.16366],[13.28487,50.16308],[13.2854,50.16176],[13.28371,50.15926],[13.28324,50.15897],[13.28468,50.15859],[13.28419,50.15654],[13.28237,50.15729],[13.2818,50.1578],[13.27982,50.15787],[13.27967,50.15755],[13.2742,50.15917],[13.27325,50.15919],[13.26899,50.15815],[13.26496,50.15748],[13.26504,50.15674],[13.26596,50.15646],[13.26745,50.15637],[13.26715,50.15707],[13.26779,50.15708],[13.26806,50.1562],[13.26751,50.15619],[13.2673,50.15577],[13.26693,50.15425],[13.26682,50.15308]]]}},{"type":"Feature","properties":{"name":"555380"},"geometry":{"type":"Polygon","coordinates":[[[12.75204,50.29895],[12.75154,50.29875],[12.75154,50.29803],[12.75465,50.2961],[12.75488,50.29559],[12.75467,50.29478],[12.75427,50.29476],[12.75386,50.29508],[12.75173,50.29455],[12.75067,50.29399],[12.7495,50.29463],[12.74714,50.29303],[12.74517,50.29244],[12.74302,50.29117],[12.74019,50.29132],[12.73933,50.292],[12.73904,50.29301],[12.73796,50.29335],[12.73549,50.2935],[12.73498,50.29411],[12.73306,50.29386],[12.73156,50.29314],[12.73014,50.29346],[12.72728,50.29461],[12.72576,50.29585],[12.72177,50.29841],[12.71563,50.3009],[12.70724,50.30219],[12.70277,50.3032],[12.70255,50.30414],[12.70212,50.30423],[12.69893,50.30401],[12.69989,50.30547],[12.69993,50.30655],[12.69958,50.30788],[12.69711,50.3083],[12.69704,50.30769],[12.69325,50.30504],[12.69304,50.30575],[12.69227,50.30644],[12.69129,50.30614],[12.69073,50.30555],[12.69005,50.30541],[12.68863,50.30657],[12.68691,50.30743],[12.68555,50.30665],[12.68463,50.3071],[12.68384,50.30855],[12.68216,50.30956],[12.68161,50.31042],[12.68168,50.31086],[12.6851,50.31178],[12.68503,50.31193],[12.68042,50.31121],[12.67846,50.31144],[12.67798,50.31311],[12.67662,50.31293],[12.67639,50.31362],[12.67588,50.31408],[12.67605,50.31443],[12.67685,50.31465],[12.67648,50.31504],[12.67377,50.31372],[12.67255,50.31469],[12.67117,50.31452],[12.6716,50.31388],[12.67316,50.31345],[12.67257,50.31319],[12.67295,50.31276],[12.67467,50.31283],[12.6748,50.31201],[12.67057,50.31269],[12.66994,50.31158],[12.67,50.31082],[12.66921,50.30993],[12.66985,50.30966],[12.67022,50.31036],[12.6722,50.30944],[12.67052,50.30862],[12.67201,50.30773],[12.67191,50.30737],[12.67017,50.30642],[12.66829,50.3065],[12.66717,50.30769],[12.66563,50.3088],[12.66234,50.30871],[12.66232,50.31025],[12.66139,50.31184],[12.66126,50.31404],[12.66067,50.31582],[12.66105,50.31844],[12.6606,50.32143],[12.66156,50.32318],[12.66178,50.32435],[12.66235,50.32557],[12.66314,50.32624],[12.66503,50.32699],[12.66677,50.32816],[12.66934,50.33036],[12.66962,50.33369],[12.66924,50.33496],[12.67164,50.33915],[12.67114,50.34025],[12.67102,50.34117],[12.67015,50.34172],[12.66977,50.34308],[12.66883,50.34455],[12.67002,50.34486],[12.6709,50.34471],[12.67409,50.34495],[12.67501,50.34478],[12.67624,50.34504],[12.67702,50.34627],[12.67754,50.34665],[12.67771,50.34755],[12.6783,50.34804],[12.67875,50.34798],[12.68276,50.34662],[12.68561,50.34485],[12.68701,50.34336],[12.68959,50.34186],[12.69108,50.34025],[12.69277,50.33964],[12.69422,50.33955],[12.69592,50.33905],[12.6968,50.33783],[12.6974,50.3374],[12.69931,50.33786],[12.69993,50.33766],[12.70032,50.338],[12.70093,50.33718],[12.70175,50.3369],[12.70313,50.33707],[12.70316,50.33689],[12.70437,50.33674],[12.70556,50.33743],[12.70616,50.33707],[12.70632,50.33667],[12.70761,50.33673],[12.70795,50.33759],[12.70606,50.33898],[12.70572,50.33931],[12.706,50.33953],[12.70558,50.3398],[12.7063,50.34016],[12.70711,50.33981],[12.70758,50.34056],[12.71097,50.34095],[12.71183,50.34081],[12.71158,50.34145],[12.71134,50.34142],[12.71124,50.34166],[12.71204,50.3419],[12.71168,50.34215],[12.71132,50.34197],[12.71102,50.34227],[12.71129,50.34241],[12.71068,50.34277],[12.71056,50.34264],[12.71032,50.34288],[12.71047,50.34303],[12.70946,50.34353],[12.70753,50.34389],[12.70763,50.34514],[12.7084,50.34631],[12.70812,50.34735],[12.70864,50.34811],[12.70832,50.34814],[12.70815,50.34853],[12.70925,50.3484],[12.70998,50.34891],[12.71012,50.3494],[12.71188,50.34953],[12.71247,50.35038],[12.71259,50.34961],[12.71154,50.34905],[12.7121,50.34881],[12.71199,50.34836],[12.71278,50.34847],[12.71291,50.34886],[12.71339,50.34909],[12.71346,50.34873],[12.71479,50.34777],[12.71513,50.34801],[12.71734,50.34699],[12.71889,50.34843],[12.71865,50.3493],[12.71776,50.35077],[12.71831,50.35082],[12.71846,50.3511],[12.71826,50.35147],[12.71745,50.35151],[12.71747,50.35248],[12.71715,50.35349],[12.71902,50.35479],[12.72025,50.35485],[12.72135,50.35574],[12.72165,50.35539],[12.72176,50.35437],[12.72232,50.35367],[12.72392,50.35342],[12.72433,50.35359],[12.72483,50.35282],[12.72516,50.35285],[12.72636,50.35345],[12.72625,50.35372],[12.72677,50.35461],[12.72756,50.35532],[12.72911,50.35542],[12.72971,50.35575],[12.73068,50.35586],[12.73307,50.3552],[12.73518,50.35426],[12.73963,50.3545],[12.74077,50.35434],[12.7409,50.35408],[12.74142,50.35394],[12.74163,50.354],[12.7416,50.35432],[12.74333,50.35424],[12.74428,50.35303],[12.74702,50.35461],[12.74914,50.35662],[12.75106,50.35736],[12.75317,50.35781],[12.75438,50.35841],[12.75532,50.35942],[12.75751,50.36059],[12.75883,50.3618],[12.76155,50.36237],[12.76401,50.36042],[12.76562,50.35868],[12.76589,50.3581],[12.76658,50.35762],[12.76969,50.35674],[12.7763,50.35612],[12.78016,50.35495],[12.78148,50.35427],[12.78366,50.35184],[12.7829,50.35039],[12.78336,50.34843],[12.78466,50.34691],[12.78784,50.34165],[12.7886,50.34128],[12.78954,50.34125],[12.80446,50.33253],[12.80635,50.33043],[12.80897,50.32903],[12.81014,50.32779],[12.81018,50.32738],[12.80985,50.3268],[12.80996,50.32592],[12.81118,50.32596],[12.81239,50.32673],[12.81564,50.32731],[12.81826,50.32716],[12.81893,50.32621],[12.81845,50.32491],[12.81894,50.32468],[12.82008,50.32456],[12.82211,50.32354],[12.82777,50.32345],[12.82801,50.32281],[12.82789,50.32242],[12.82745,50.32217],[12.82409,50.32138],[12.82342,50.31998],[12.82395,50.31878],[12.82336,50.31786],[12.82227,50.3171],[12.82081,50.31687],[12.81938,50.31549],[12.81849,50.31521],[12.81816,50.31432],[12.81647,50.31323],[12.81663,50.31274],[12.8156,50.31237],[12.81437,50.31291],[12.81094,50.31309],[12.81005,50.31211],[12.80889,50.3119],[12.80863,50.31058],[12.80715,50.31063],[12.80653,50.31036],[12.80509,50.31028],[12.80242,50.31045],[12.80098,50.30986],[12.79885,50.30976],[12.79623,50.30924],[12.79398,50.30952],[12.79356,50.30768],[12.79362,50.30707],[12.79408,50.30658],[12.79381,50.30588],[12.79534,50.30283],[12.79612,50.30031],[12.79666,50.29965],[12.79807,50.29866],[12.79835,50.29802],[12.79767,50.29674],[12.79611,50.29542],[12.79501,50.29352],[12.79466,50.29353],[12.79385,50.29298],[12.79226,50.29257],[12.79224,50.29394],[12.79326,50.29584],[12.79338,50.2966],[12.79121,50.29887],[12.7832,50.3029],[12.77321,50.30959],[12.77044,50.3103],[12.76901,50.31039],[12.76754,50.31009],[12.76477,50.30902],[12.76392,50.30844],[12.76262,50.30812],[12.76104,50.30798],[12.75952,50.30826],[12.75726,50.30826],[12.7561,50.30788],[12.75583,50.30732],[12.75597,50.30705],[12.75517,50.30626],[12.75607,50.30511],[12.75569,50.304],[12.75478,50.30295],[12.75534,50.30249],[12.75517,50.30207],[12.75432,50.30102],[12.75415,50.30019],[12.75327,50.29976],[12.75236,50.29967],[12.75204,50.29895]]]}},{"type":"Feature","properties":{"name":"560332"},"geometry":{"type":"Polygon","coordinates":[[[12.56722,50.15892],[12.56415,50.158],[12.56061,50.1576],[12.56167,50.15608],[12.5615,50.15602],[12.56035,50.15597],[12.55837,50.15643],[12.55519,50.15668],[12.55503,50.15622],[12.55668,50.15525],[12.55635,50.15412],[12.55748,50.15326],[12.55745,50.15154],[12.5552,50.15118],[12.55506,50.15052],[12.55058,50.15064],[12.55108,50.14932],[12.55165,50.14889],[12.55321,50.14917],[12.55353,50.14881],[12.5541,50.14895],[12.55515,50.14819],[12.55046,50.14636],[12.55154,50.14578],[12.5548,50.14612],[12.55487,50.14531],[12.55449,50.14483],[12.55584,50.14487],[12.55823,50.14443],[12.56092,50.14355],[12.5612,50.14282],[12.56269,50.14128],[12.56301,50.14055],[12.56242,50.1365],[12.56352,50.13422],[12.56526,50.13456],[12.5668,50.13229],[12.56837,50.13178],[12.57001,50.13183],[12.57148,50.13237],[12.57208,50.13288],[12.57428,50.13338],[12.57997,50.13545],[12.57971,50.13585],[12.58007,50.13639],[12.58001,50.1367],[12.58061,50.13733],[12.58088,50.13784],[12.58082,50.13839],[12.58174,50.13967],[12.58572,50.14186],[12.58919,50.14251],[12.58774,50.14386],[12.58616,50.14388],[12.58556,50.14336],[12.5848,50.14379],[12.58496,50.14391],[12.58195,50.14451],[12.57837,50.14713],[12.57688,50.14791],[12.57596,50.14879],[12.57388,50.14941],[12.57413,50.14959],[12.57374,50.15],[12.5738,50.15035],[12.57433,50.1508],[12.57475,50.15083],[12.57482,50.15165],[12.57579,50.15206],[12.5756,50.15244],[12.57611,50.15306],[12.57624,50.15366],[12.57689,50.15422],[12.57672,50.15463],[12.57596,50.15529],[12.57403,50.15619],[12.57306,50.1578],[12.57206,50.15805],[12.57155,50.15847],[12.57075,50.1582],[12.56906,50.15894],[12.56722,50.15892]]]}},{"type":"Feature","properties":{"name":"555711"},"geometry":{"type":"Polygon","coordinates":[[[13.18795,50.1652],[13.18758,50.16383],[13.18799,50.16373],[13.18789,50.16255],[13.18748,50.16229],[13.1869,50.16074],[13.18691,50.1602],[13.18743,50.15936],[13.18892,50.15795],[13.18919,50.15726],[13.18991,50.15682],[13.19107,50.15671],[13.19261,50.15584],[13.19511,50.155],[13.19649,50.15499],[13.19694,50.15468],[13.19781,50.15456],[13.19793,50.15406],[13.19888,50.15366],[13.19972,50.15361],[13.20141,50.15245],[13.20177,50.15249],[13.20309,50.15054],[13.20356,50.15059],[13.20507,50.14958],[13.2049,50.14938],[13.20504,50.14918],[13.20436,50.14907],[13.2044,50.14863],[13.20472,50.1484],[13.20417,50.14812],[13.2041,50.14747],[13.20337,50.14694],[13.20288,50.146],[13.20217,50.14561],[13.20236,50.14559],[13.20207,50.14498],[13.20219,50.14469],[13.20184,50.1443],[13.20213,50.14417],[13.20165,50.14325],[13.20197,50.14301],[13.20184,50.14272],[13.20075,50.14229],[13.20011,50.14168],[13.20045,50.14071],[13.20034,50.14025],[13.19935,50.13947],[13.19944,50.13927],[13.19898,50.13888],[13.19947,50.13855],[13.1995,50.13802],[13.19984,50.1376],[13.19982,50.13716],[13.19959,50.13707],[13.19976,50.13702],[13.1995,50.13697],[13.19938,50.13649],[13.19854,50.13625],[13.19828,50.13514],[13.19774,50.13488],[13.19727,50.13513],[13.19621,50.13413],[13.19569,50.13446],[13.19564,50.13516],[13.19463,50.13561],[13.19455,50.13627],[13.19374,50.13669],[13.19361,50.13706],[13.19157,50.13772],[13.18685,50.13562],[13.18607,50.13572],[13.1853,50.13505],[13.18403,50.1352],[13.17905,50.13451],[13.17908,50.13428],[13.17887,50.13426],[13.17898,50.1332],[13.17845,50.13318],[13.17814,50.13387],[13.1773,50.13389],[13.17719,50.13585],[13.17612,50.13698],[13.17621,50.13792],[13.17604,50.13801],[13.17567,50.13768],[13.17575,50.13669],[13.17403,50.13643],[13.17286,50.13679],[13.17233,50.13762],[13.16855,50.13702],[13.16753,50.13825],[13.16679,50.13855],[13.16651,50.13722],[13.16359,50.13713],[13.16341,50.13643],[13.16004,50.13631],[13.15925,50.1357],[13.15873,50.13469],[13.15828,50.13449],[13.15818,50.13396],[13.15735,50.13354],[13.15615,50.13337],[13.155,50.13355],[13.15051,50.13353],[13.14998,50.13322],[13.14919,50.13355],[13.14925,50.1338],[13.1486,50.13443],[13.14729,50.13403],[13.14615,50.13411],[13.14412,50.13378],[13.13953,50.13403],[13.1374,50.13333],[13.13134,50.13398],[13.13132,50.13267],[13.13034,50.13298],[13.1282,50.13312],[13.12736,50.13394],[13.12639,50.1338],[13.12437,50.13398],[13.12032,50.13529],[13.11715,50.13591],[13.11598,50.13606],[13.11666,50.13515],[13.11097,50.13566],[13.11049,50.137],[13.11114,50.13702],[13.11097,50.1378],[13.11125,50.13791],[13.1089,50.14111],[13.11111,50.14108],[13.11337,50.14161],[13.11278,50.14198],[13.11181,50.14206],[13.11072,50.14286],[13.11144,50.14364],[13.1123,50.14406],[13.11163,50.14545],[13.11272,50.14562],[13.11322,50.14429],[13.11417,50.14405],[13.11521,50.14432],[13.11447,50.14484],[13.11481,50.14489],[13.11541,50.14439],[13.1158,50.14482],[13.1147,50.14643],[13.11501,50.14655],[13.11508,50.14689],[13.11433,50.14764],[13.11111,50.14771],[13.10921,50.14934],[13.10815,50.14976],[13.10481,50.15224],[13.10414,50.15301],[13.10208,50.15371],[13.10264,50.15379],[13.09949,50.15458],[13.09944,50.15545],[13.09999,50.15595],[13.10119,50.15654],[13.10374,50.15709],[13.10396,50.15778],[13.10467,50.15796],[13.10668,50.15922],[13.10719,50.15982],[13.10734,50.16041],[13.11133,50.16084],[13.11724,50.16187],[13.11816,50.16237],[13.12005,50.16225],[13.12077,50.16244],[13.12315,50.16171],[13.12441,50.1604],[13.12636,50.16022],[13.12842,50.15956],[13.13211,50.1592],[13.13384,50.15875],[13.13489,50.15892],[13.13458,50.1594],[13.13558,50.15968],[13.13507,50.16024],[13.13787,50.16098],[13.13727,50.16328],[13.1381,50.16351],[13.13945,50.16301],[13.13923,50.16534],[13.14202,50.16533],[13.14319,50.16619],[13.14401,50.16649],[13.14582,50.16634],[13.14684,50.16564],[13.15132,50.16698],[13.15137,50.16744],[13.15208,50.16839],[13.15446,50.16922],[13.15732,50.17001],[13.16677,50.17129],[13.17084,50.17076],[13.17205,50.17083],[13.17255,50.17068],[13.17174,50.17056],[13.17433,50.17004],[13.17419,50.17092],[13.17478,50.17096],[13.17415,50.17204],[13.17418,50.1732],[13.17507,50.17413],[13.17516,50.17499],[13.17475,50.1771],[13.17541,50.17916],[13.17617,50.1793],[13.19097,50.17715],[13.19407,50.17689],[13.19575,50.17716],[13.19987,50.1771],[13.20115,50.17678],[13.20237,50.17601],[13.20281,50.17609],[13.20324,50.1745],[13.20465,50.17386],[13.20763,50.17363],[13.21167,50.17287],[13.21356,50.17345],[13.21371,50.17287],[13.21525,50.17243],[13.21667,50.17298],[13.2164,50.17325],[13.21694,50.1735],[13.21639,50.17398],[13.21911,50.17574],[13.22074,50.1758],[13.22201,50.17438],[13.22269,50.17489],[13.22404,50.17406],[13.22505,50.17269],[13.22735,50.17124],[13.22711,50.17094],[13.22586,50.17044],[13.22359,50.1713],[13.22352,50.17166],[13.22111,50.17216],[13.21818,50.17082],[13.21471,50.16865],[13.21183,50.1678],[13.21072,50.16722],[13.20923,50.16723],[13.20899,50.1669],[13.2093,50.16676],[13.20708,50.1663],[13.20604,50.1662],[13.20535,50.16758],[13.20483,50.16758],[13.20475,50.16785],[13.20024,50.16865],[13.19882,50.16721],[13.19448,50.16448],[13.19257,50.16437],[13.18954,50.16464],[13.18795,50.1652]]]}},{"type":"Feature","properties":{"name":"539481"},"geometry":{"type":"Polygon","coordinates":[[[12.66368,49.99777],[12.66035,49.99785],[12.66037,49.99729],[12.6599,49.99705],[12.65941,49.99592],[12.66096,49.9951],[12.66048,49.99487],[12.66102,49.99432],[12.6618,49.99445],[12.66257,49.9941],[12.66293,49.99439],[12.6633,49.99426],[12.66276,49.99376],[12.66327,49.99356],[12.66291,49.99243],[12.66235,49.99226],[12.66096,49.99106],[12.66002,49.991],[12.65964,49.99164],[12.65828,49.99092],[12.65915,49.99065],[12.65848,49.98989],[12.65895,49.98961],[12.65836,49.98939],[12.6577,49.98967],[12.65426,49.98861],[12.65243,49.98843],[12.6522,49.98826],[12.65244,49.98772],[12.65203,49.98721],[12.65069,49.9877],[12.64859,49.98669],[12.64813,49.98614],[12.64722,49.98582],[12.6472,49.98562],[12.64643,49.98546],[12.64657,49.98475],[12.64627,49.98354],[12.64577,49.98346],[12.64563,49.98193],[12.64283,49.98318],[12.64239,49.983],[12.64118,49.98307],[12.63945,49.98353],[12.63917,49.98253],[12.63758,49.98244],[12.63656,49.98269],[12.63621,49.98222],[12.63549,49.98196],[12.63482,49.98132],[12.63523,49.98079],[12.63532,49.97985],[12.6371,49.97755],[12.63722,49.97695],[12.63687,49.97635],[12.63404,49.97615],[12.63814,49.9743],[12.6411,49.97324],[12.64255,49.97384],[12.64277,49.97345],[12.6434,49.97358],[12.64357,49.97318],[12.64527,49.97361],[12.64625,49.97339],[12.64921,49.97355],[12.65408,49.97462],[12.65906,49.97477],[12.66063,49.97452],[12.66056,49.97474],[12.66075,49.97476],[12.66483,49.97417],[12.66922,49.97258],[12.6704,49.97151],[12.67168,49.97081],[12.67273,49.97063],[12.67293,49.9703],[12.67403,49.96995],[12.67518,49.96897],[12.67644,49.96938],[12.67788,49.97039],[12.67905,49.97055],[12.67875,49.97097],[12.67903,49.97142],[12.67841,49.97128],[12.67665,49.9731],[12.67557,49.97386],[12.67586,49.97391],[12.67514,49.97433],[12.6714,49.97593],[12.66813,49.97652],[12.66566,49.97731],[12.67291,49.9897],[12.66626,49.99823],[12.66461,49.99822],[12.66368,49.99777]]]}},{"type":"Feature","properties":{"name":"560375"},"geometry":{"type":"Polygon","coordinates":[[[12.56035,50.16655],[12.5591,50.16691],[12.55788,50.16688],[12.55749,50.16553],[12.55744,50.16196],[12.55707,50.16162],[12.55257,50.16011],[12.54929,50.15975],[12.54068,50.15734],[12.53599,50.15555],[12.53493,50.15456],[12.52983,50.15359],[12.53064,50.15316],[12.5302,50.15261],[12.53039,50.15151],[12.52737,50.15075],[12.5274,50.15058],[12.5299,50.15051],[12.52629,50.14987],[12.5258,50.14944],[12.52426,50.1491],[12.52271,50.14908],[12.52287,50.14834],[12.5236,50.14731],[12.52295,50.14671],[12.52513,50.14634],[12.52854,50.14628],[12.52968,50.14592],[12.53094,50.14516],[12.52884,50.14406],[12.52486,50.14371],[12.51878,50.1423],[12.51752,50.14174],[12.51657,50.14083],[12.51218,50.13971],[12.51287,50.13908],[12.51373,50.13932],[12.51438,50.13851],[12.51477,50.13838],[12.51674,50.13936],[12.51742,50.13952],[12.51781,50.13911],[12.51917,50.14018],[12.51944,50.13991],[12.51949,50.13911],[12.52097,50.14021],[12.52182,50.14016],[12.52302,50.13987],[12.52396,50.13868],[12.52299,50.13692],[12.5241,50.13617],[12.52397,50.13538],[12.5259,50.13514],[12.52813,50.13517],[12.53016,50.13584],[12.53321,50.13614],[12.53408,50.13421],[12.53649,50.13515],[12.53721,50.1358],[12.53847,50.13801],[12.53913,50.13868],[12.539,50.13884],[12.54007,50.1401],[12.54288,50.14235],[12.54839,50.14544],[12.55515,50.14819],[12.5541,50.14895],[12.55353,50.14881],[12.55321,50.14917],[12.55165,50.14889],[12.55108,50.14932],[12.55058,50.15064],[12.55506,50.15052],[12.5552,50.15118],[12.55745,50.15154],[12.55748,50.15326],[12.55635,50.15412],[12.55668,50.15525],[12.55503,50.15622],[12.55519,50.15668],[12.55837,50.15643],[12.56035,50.15597],[12.56142,50.15601],[12.56167,50.15608],[12.56061,50.1576],[12.56415,50.158],[12.56676,50.15889],[12.56906,50.15894],[12.57075,50.1582],[12.57103,50.15837],[12.57005,50.15891],[12.56593,50.15987],[12.56475,50.16129],[12.56477,50.16307],[12.5641,50.16419],[12.56285,50.16534],[12.56035,50.16655]]]}},{"type":"Feature","properties":{"name":"554707"},"geometry":{"type":"Polygon","coordinates":[[[12.44493,50.17795],[12.4416,50.17821],[12.43952,50.17916],[12.43733,50.17954],[12.43497,50.18077],[12.43502,50.18152],[12.43466,50.18202],[12.43327,50.18187],[12.43198,50.18237],[12.43008,50.18164],[12.4288,50.18285],[12.4223,50.18663],[12.41888,50.18788],[12.41657,50.18854],[12.41383,50.18851],[12.40703,50.18979],[12.40326,50.19001],[12.40321,50.19037],[12.40186,50.192],[12.40338,50.19324],[12.40624,50.19681],[12.40765,50.19775],[12.40707,50.19833],[12.40729,50.19866],[12.40583,50.19925],[12.40872,50.20266],[12.41261,50.20798],[12.41433,50.20935],[12.41681,50.21044],[12.41309,50.21157],[12.41142,50.2124],[12.40895,50.21321],[12.4066,50.21343],[12.40479,50.21333],[12.40499,50.21376],[12.40454,50.21412],[12.40307,50.21444],[12.40292,50.21493],[12.40207,50.21541],[12.4021,50.21573],[12.40126,50.21601],[12.40119,50.21637],[12.40119,50.21659],[12.40207,50.21733],[12.40188,50.21931],[12.40319,50.2196],[12.40301,50.22038],[12.40268,50.22068],[12.40257,50.22169],[12.40486,50.22248],[12.40735,50.22217],[12.40772,50.2224],[12.40754,50.22259],[12.40783,50.22302],[12.40935,50.22266],[12.40814,50.22398],[12.40885,50.22416],[12.40896,50.22474],[12.40844,50.22475],[12.40805,50.22514],[12.40761,50.22511],[12.40745,50.2254],[12.40688,50.22557],[12.41108,50.22614],[12.41332,50.22706],[12.41383,50.22669],[12.41529,50.22819],[12.4159,50.2302],[12.4172,50.23155],[12.42315,50.23527],[12.42432,50.23503],[12.42581,50.23595],[12.42552,50.23694],[12.42409,50.23785],[12.42589,50.23828],[12.42634,50.23746],[12.42698,50.23705],[12.42761,50.2379],[12.4309,50.24035],[12.43343,50.24071],[12.43374,50.24063],[12.43366,50.24003],[12.4341,50.23977],[12.43682,50.24015],[12.44022,50.24169],[12.44189,50.2416],[12.44901,50.24239],[12.44828,50.24158],[12.4485,50.2409],[12.44909,50.2408],[12.45258,50.24155],[12.45459,50.2426],[12.45605,50.24435],[12.457,50.24491],[12.45727,50.24531],[12.4596,50.24582],[12.46107,50.24575],[12.46218,50.24619],[12.46225,50.24672],[12.46153,50.24813],[12.46162,50.24911],[12.46199,50.24891],[12.46321,50.24902],[12.46476,50.24959],[12.46466,50.24995],[12.46506,50.25002],[12.46683,50.24944],[12.46784,50.24937],[12.46708,50.2488],[12.46829,50.24828],[12.46914,50.24737],[12.46999,50.24537],[12.47035,50.24502],[12.47232,50.24431],[12.47305,50.24469],[12.47512,50.24369],[12.47627,50.24383],[12.47727,50.24338],[12.47693,50.24322],[12.47729,50.24272],[12.47827,50.24262],[12.47837,50.24198],[12.47872,50.24188],[12.4779,50.24122],[12.47891,50.24028],[12.47884,50.24083],[12.47905,50.24084],[12.4794,50.24015],[12.4787,50.23959],[12.47914,50.23941],[12.47923,50.23861],[12.47966,50.23801],[12.48046,50.23793],[12.48162,50.23733],[12.48079,50.23688],[12.48131,50.23612],[12.48179,50.23599],[12.48155,50.23581],[12.48172,50.23558],[12.48331,50.23524],[12.48402,50.23478],[12.48361,50.23466],[12.48363,50.23424],[12.48418,50.23424],[12.48403,50.23444],[12.48445,50.23423],[12.48432,50.23371],[12.48525,50.23279],[12.48587,50.23262],[12.48595,50.23237],[12.48566,50.23223],[12.48588,50.23186],[12.48659,50.232],[12.48686,50.23178],[12.48655,50.23171],[12.48688,50.23127],[12.48812,50.23065],[12.48958,50.23041],[12.49381,50.22776],[12.49803,50.22658],[12.49885,50.22582],[12.50036,50.22368],[12.50227,50.22258],[12.50377,50.22077],[12.50397,50.21859],[12.50281,50.21735],[12.50126,50.21422],[12.49985,50.21256],[12.49725,50.21118],[12.49746,50.21093],[12.49669,50.21039],[12.49667,50.21006],[12.49564,50.2094],[12.49519,50.20877],[12.49461,50.20861],[12.49479,50.20754],[12.49425,50.20701],[12.49432,50.20578],[12.49383,50.20528],[12.49438,50.20507],[12.49433,50.20455],[12.49622,50.20408],[12.49596,50.20371],[12.49868,50.20303],[12.49877,50.20329],[12.5001,50.20255],[12.50059,50.20181],[12.5002,50.20146],[12.50051,50.20102],[12.50023,50.2005],[12.501,50.20044],[12.50111,50.19982],[12.50299,50.19958],[12.50407,50.1998],[12.50535,50.19955],[12.50609,50.19986],[12.50659,50.19969],[12.5063,50.19951],[12.50669,50.1993],[12.50639,50.19878],[12.50607,50.19881],[12.50623,50.19844],[12.50554,50.19776],[12.50463,50.19807],[12.50363,50.19722],[12.50323,50.19726],[12.50347,50.19706],[12.50283,50.19678],[12.50279,50.19647],[12.50197,50.19611],[12.50237,50.1956],[12.50204,50.1953],[12.50245,50.19439],[12.50301,50.19377],[12.50366,50.19367],[12.50338,50.19319],[12.50373,50.19302],[12.50309,50.19266],[12.50281,50.19286],[12.5024,50.192],[12.49979,50.19083],[12.49985,50.19054],[12.4988,50.19004],[12.49824,50.18955],[12.498,50.18893],[12.49723,50.18857],[12.49559,50.18837],[12.49534,50.18849],[12.49526,50.18894],[12.4935,50.18841],[12.493,50.18807],[12.49329,50.18785],[12.49328,50.1873],[12.4927,50.18666],[12.49138,50.18568],[12.48936,50.18528],[12.48956,50.1851],[12.48941,50.18467],[12.48777,50.18353],[12.4878,50.18306],[12.48711,50.18284],[12.48769,50.18164],[12.48723,50.18149],[12.48713,50.17996],[12.48774,50.17985],[12.48828,50.17917],[12.48809,50.17903],[12.48864,50.17888],[12.48842,50.17849],[12.48874,50.17833],[12.48801,50.17799],[12.48815,50.17757],[12.48851,50.17739],[12.48805,50.17716],[12.48814,50.17677],[12.48748,50.17665],[12.48841,50.17619],[12.48813,50.17605],[12.48835,50.17579],[12.48797,50.17555],[12.48815,50.17523],[12.48794,50.17495],[12.48796,50.17453],[12.48836,50.1744],[12.48655,50.17409],[12.48628,50.17433],[12.48627,50.17507],[12.48552,50.17476],[12.48526,50.17511],[12.48411,50.1753],[12.48116,50.17543],[12.47708,50.17506],[12.47577,50.17457],[12.47547,50.17423],[12.47515,50.17298],[12.47663,50.17097],[12.47659,50.1685],[12.47733,50.16693],[12.47643,50.16626],[12.4751,50.16597],[12.47346,50.16478],[12.47032,50.16388],[12.46508,50.16895],[12.46377,50.17186],[12.46279,50.17347],[12.46221,50.17399],[12.46093,50.17374],[12.45957,50.17313],[12.45493,50.17251],[12.4542,50.17223],[12.45406,50.17157],[12.45303,50.17073],[12.45269,50.17108],[12.45022,50.17045],[12.44931,50.17165],[12.4488,50.17307],[12.4477,50.17365],[12.44751,50.17472],[12.44827,50.17581],[12.44704,50.17566],[12.44594,50.17413],[12.44589,50.17368],[12.44528,50.17364],[12.44493,50.17395],[12.44558,50.17447],[12.44591,50.17516],[12.44561,50.17551],[12.44589,50.1758],[12.44579,50.17608],[12.44712,50.17649],[12.44726,50.17685],[12.44699,50.17712],[12.44713,50.17731],[12.44665,50.17738],[12.44608,50.17804],[12.44596,50.17764],[12.44493,50.17795]]]}},{"type":"Feature","properties":{"name":"554502"},"geometry":{"type":"Polygon","coordinates":[[[12.5737,50.00275],[12.57365,50.00201],[12.574,50.0013],[12.57454,50.00116],[12.57546,49.99946],[12.57393,49.99928],[12.57043,50.00021],[12.57084,49.99947],[12.56984,49.99931],[12.56801,49.99852],[12.56875,49.997],[12.56869,49.99604],[12.56678,49.99582],[12.56683,49.99556],[12.5648,49.99526],[12.56527,49.99353],[12.56299,49.99326],[12.5626,49.99402],[12.56116,49.99374],[12.56122,49.99344],[12.5625,49.99287],[12.56304,49.99163],[12.56029,49.99074],[12.56068,49.99012],[12.55951,49.99025],[12.55872,49.9902],[12.55865,49.99002],[12.5575,49.99061],[12.55698,49.99037],[12.55565,49.99267],[12.55528,49.99459],[12.55402,49.99458],[12.55406,49.99346],[12.5549,49.99188],[12.55511,49.99186],[12.55475,49.99162],[12.55498,49.99137],[12.55373,49.9906],[12.55445,49.98984],[12.55401,49.98967],[12.55255,49.99038],[12.55108,49.98989],[12.55093,49.99054],[12.54949,49.99208],[12.549,49.99366],[12.54653,49.99379],[12.54677,49.99249],[12.54386,49.99219],[12.54132,49.99512],[12.53971,49.99444],[12.53783,49.99641],[12.53603,49.99541],[12.53498,49.9959],[12.53486,49.99628],[12.53509,49.99667],[12.53254,49.99753],[12.53167,49.99635],[12.52699,49.99831],[12.52633,49.99818],[12.52652,49.99773],[12.52628,49.99764],[12.52598,49.99768],[12.52557,49.9982],[12.52231,49.99842],[12.52245,49.99929],[12.52346,50.00022],[12.52347,50.00079],[12.5221,50.001],[12.52165,50.0001],[12.52135,50.0002],[12.52155,50.00233],[12.52238,50.00307],[12.52006,50.00338],[12.51358,50.00289],[12.51488,50.0037],[12.51582,50.00491],[12.51624,50.00577],[12.51612,50.00596],[12.51754,50.00724],[12.51799,50.00731],[12.51789,50.00751],[12.51827,50.00802],[12.5184,50.00885],[12.51773,50.01021],[12.51781,50.01044],[12.51701,50.01091],[12.51704,50.01125],[12.5165,50.01159],[12.51646,50.01231],[12.51687,50.01275],[12.51203,50.01281],[12.50895,50.01316],[12.50705,50.01274],[12.50424,50.0126],[12.50191,50.01285],[12.49957,50.01359],[12.49796,50.01376],[12.49794,50.01458],[12.49843,50.01502],[12.49863,50.01558],[12.49861,50.01726],[12.4964,50.02011],[12.49654,50.02211],[12.49579,50.02264],[12.49556,50.02321],[12.49493,50.02347],[12.49389,50.02444],[12.49399,50.0247],[12.4935,50.02578],[12.49393,50.0261],[12.49385,50.0266],[12.49303,50.0284],[12.49329,50.02863],[12.49322,50.02922],[12.49364,50.02937],[12.49373,50.02995],[12.49401,50.02994],[12.49569,50.03109],[12.49577,50.0313],[12.49515,50.03158],[12.49579,50.03217],[12.49637,50.03403],[12.49674,50.03424],[12.49741,50.03538],[12.49778,50.03547],[12.49827,50.03691],[12.49813,50.03756],[12.49896,50.03877],[12.49986,50.03932],[12.5001,50.04002],[12.49951,50.04014],[12.50025,50.04301],[12.50117,50.04352],[12.50107,50.04371],[12.50148,50.04398],[12.50206,50.04522],[12.50278,50.0461],[12.50575,50.04493],[12.51095,50.04414],[12.51482,50.04474],[12.51678,50.04624],[12.51909,50.04399],[12.52025,50.04378],[12.52004,50.0434],[12.52041,50.04311],[12.52172,50.04246],[12.52351,50.04224],[12.52737,50.04311],[12.53065,50.04272],[12.53834,50.04699],[12.53928,50.04784],[12.54003,50.04912],[12.54243,50.0468],[12.54399,50.04598],[12.54507,50.04582],[12.54607,50.0467],[12.54639,50.04756],[12.54717,50.0479],[12.54761,50.04718],[12.54786,50.04717],[12.54798,50.04745],[12.54824,50.04716],[12.55145,50.0461],[12.55298,50.04607],[12.55429,50.04688],[12.55584,50.04728],[12.55718,50.04674],[12.55931,50.04676],[12.55976,50.04706],[12.56224,50.04746],[12.56278,50.04828],[12.56254,50.04846],[12.56259,50.04903],[12.56342,50.04953],[12.56524,50.04996],[12.56616,50.05104],[12.56747,50.05134],[12.56817,50.05191],[12.5688,50.05203],[12.57072,50.05309],[12.57364,50.05359],[12.57515,50.05416],[12.57618,50.05412],[12.57694,50.05465],[12.57738,50.05451],[12.57897,50.05505],[12.58028,50.05478],[12.58118,50.05497],[12.58153,50.05542],[12.58271,50.05564],[12.58281,50.05639],[12.58416,50.05715],[12.58488,50.05824],[12.58575,50.05852],[12.58726,50.05802],[12.58797,50.05805],[12.58814,50.05768],[12.58889,50.05838],[12.5896,50.05807],[12.59246,50.05765],[12.59259,50.05726],[12.59357,50.0568],[12.59359,50.05637],[12.59275,50.05591],[12.59286,50.05524],[12.59418,50.0544],[12.59425,50.05395],[12.59389,50.05337],[12.59453,50.05256],[12.59423,50.05216],[12.59433,50.05089],[12.59352,50.04941],[12.59384,50.04852],[12.59488,50.04734],[12.59539,50.04633],[12.5983,50.04428],[12.59995,50.04363],[12.60258,50.04437],[12.60472,50.04414],[12.60688,50.04323],[12.60858,50.04287],[12.61108,50.04297],[12.61293,50.04327],[12.61411,50.04383],[12.6159,50.04415],[12.6194,50.04629],[12.62233,50.04552],[12.62467,50.04569],[12.62689,50.04186],[12.62841,50.03714],[12.62765,50.03504],[12.62604,50.03415],[12.62588,50.03385],[12.62534,50.0311],[12.62573,50.02988],[12.6244,50.02924],[12.62357,50.02921],[12.61757,50.03126],[12.61382,50.03028],[12.61314,50.02961],[12.61171,50.0292],[12.61194,50.02864],[12.61133,50.02816],[12.60834,50.02837],[12.60755,50.02731],[12.60578,50.02642],[12.60565,50.02563],[12.60529,50.02581],[12.6053,50.02478],[12.60471,50.02386],[12.60485,50.02299],[12.60509,50.02299],[12.60483,50.02204],[12.60237,50.02124],[12.60128,50.02047],[12.59987,50.01896],[12.59879,50.01874],[12.59822,50.01814],[12.59885,50.01739],[12.60056,50.01653],[12.60078,50.01625],[12.60048,50.01551],[12.59394,50.01365],[12.59339,50.0132],[12.59228,50.01285],[12.58802,50.01263],[12.58845,50.01172],[12.58547,50.01217],[12.58328,50.01308],[12.58289,50.01294],[12.58271,50.01263],[12.58359,50.01187],[12.58349,50.01168],[12.58532,50.01094],[12.58463,50.01032],[12.58502,50.00992],[12.58501,50.00861],[12.58641,50.00748],[12.58717,50.0073],[12.58854,50.0053],[12.58935,50.00484],[12.58959,50.00398],[12.58887,50.00316],[12.58936,50.00285],[12.59053,50.00283],[12.59116,50.00223],[12.59242,50.00183],[12.59274,50.00217],[12.59393,50.00244],[12.59533,50.00146],[12.59497,50.00109],[12.59399,50.00124],[12.59284,50.00018],[12.59092,50.00081],[12.59067,50.0006],[12.5886,50.00145],[12.58858,50.00118],[12.58737,50.00118],[12.58682,50.00207],[12.58634,50.0024],[12.58297,50.00346],[12.58053,50.00377],[12.57895,50.0037],[12.5769,50.00323],[12.57658,50.00336],[12.57435,50.00273],[12.5737,50.00275]]]}},{"type":"Feature","properties":{"name":"555347"},"geometry":{"type":"Polygon","coordinates":[[[13.0056,50.2642],[13.00591,50.26399],[13.00625,50.26421],[13.00554,50.26197],[13.00762,50.26137],[13.00861,50.26133],[13.00644,50.25957],[13.00588,50.25866],[13.00316,50.25726],[13.0019,50.25583],[13.00119,50.25578],[13.00042,50.2569],[12.9995,50.25585],[12.99862,50.25557],[12.99829,50.25517],[12.99635,50.25501],[12.99525,50.25472],[12.99477,50.25433],[12.99346,50.25468],[12.99361,50.25382],[12.99252,50.25218],[12.99244,50.25005],[12.99348,50.24913],[12.99521,50.24849],[12.99551,50.24714],[12.99524,50.24615],[12.99246,50.2444],[12.99116,50.24499],[12.98996,50.244],[12.9884,50.24395],[12.98767,50.24426],[12.98871,50.24482],[12.98199,50.25011],[12.98103,50.25172],[12.98065,50.25292],[12.98088,50.25481],[12.98168,50.25595],[12.98094,50.25865],[12.98112,50.2609],[12.98056,50.26177],[12.98019,50.26295],[12.97929,50.2639],[12.97927,50.26479],[12.98132,50.26437],[12.98211,50.26732],[12.98221,50.26994],[12.98275,50.27103],[12.98182,50.27115],[12.97754,50.27044],[12.97713,50.27089],[12.97725,50.27121],[12.97692,50.27282],[12.97734,50.27449],[12.97426,50.27561],[12.97364,50.27559],[12.9734,50.27588],[12.97291,50.2758],[12.97134,50.2764],[12.96988,50.27661],[12.9711,50.27692],[12.97206,50.27742],[12.97207,50.27763],[12.96835,50.27889],[12.96627,50.28014],[12.96824,50.28068],[12.97021,50.28048],[12.97365,50.28158],[12.97485,50.28221],[12.97801,50.28549],[12.98026,50.28649],[12.98325,50.28695],[12.98745,50.28671],[12.98788,50.28621],[12.98587,50.28636],[12.98542,50.28582],[12.98866,50.28411],[12.99098,50.28406],[12.9919,50.28372],[12.99214,50.2832],[12.99169,50.28131],[12.9939,50.28088],[12.99602,50.28111],[12.99757,50.28051],[12.99821,50.28057],[12.99838,50.27938],[12.9994,50.27827],[12.99936,50.27774],[13.00075,50.27674],[13.00241,50.2764],[13.00459,50.27517],[13.0061,50.27483],[13.00672,50.27434],[13.00851,50.27363],[13.00605,50.27413],[13.00456,50.27356],[13.00344,50.27412],[13.00255,50.27326],[13.00118,50.27292],[13.00003,50.27127],[13.00051,50.27119],[13.00074,50.27038],[13.00182,50.27051],[13.00187,50.26977],[13.00044,50.26857],[12.99936,50.26864],[12.99896,50.26844],[12.99881,50.26684],[13.00051,50.26668],[13.00086,50.26688],[13.00171,50.26653],[13.00308,50.26531],[13.00622,50.265],[13.0072,50.26554],[13.00749,50.26543],[13.0056,50.2642]]]}},{"type":"Feature","properties":{"name":"554499"},"geometry":{"type":"Polygon","coordinates":[[[12.19756,50.19807],[12.19778,50.19839],[12.19725,50.19912],[12.19605,50.19969],[12.19445,50.19961],[12.19168,50.19879],[12.19022,50.20089],[12.18805,50.20048],[12.18666,50.20049],[12.18512,50.19934],[12.18278,50.19929],[12.18248,50.19966],[12.18269,50.19987],[12.18243,50.19988],[12.18173,50.20069],[12.1835,50.2018],[12.18497,50.20202],[12.18568,50.20292],[12.18625,50.20321],[12.18522,50.20439],[12.18399,50.20449],[12.1843,50.20521],[12.18366,50.20536],[12.18143,50.20528],[12.181,50.20586],[12.17963,50.20578],[12.17942,50.20544],[12.17837,50.20494],[12.17864,50.2061],[12.17841,50.20628],[12.17848,50.20687],[12.17776,50.20739],[12.17786,50.20771],[12.17736,50.20819],[12.1775,50.20962],[12.17689,50.2103],[12.17668,50.21118],[12.1762,50.21162],[12.17579,50.21281],[12.17546,50.21297],[12.17051,50.21238],[12.17039,50.21282],[12.16991,50.21311],[12.16738,50.21262],[12.16745,50.21247],[12.16649,50.21215],[12.16581,50.21257],[12.16494,50.21362],[12.16169,50.21182],[12.15977,50.21136],[12.15978,50.21226],[12.15818,50.2137],[12.15794,50.21466],[12.16004,50.21547],[12.16285,50.217],[12.16283,50.21739],[12.16405,50.21808],[12.16285,50.21928],[12.16304,50.22007],[12.1604,50.21991],[12.16051,50.22121],[12.16031,50.22196],[12.16049,50.22246],[12.16209,50.22315],[12.1621,50.22358],[12.15881,50.22328],[12.15734,50.22337],[12.15664,50.22367],[12.15753,50.22501],[12.15875,50.22586],[12.15815,50.22643],[12.15855,50.22659],[12.15953,50.22667],[12.15986,50.22631],[12.16193,50.22618],[12.16353,50.2262],[12.16378,50.22644],[12.16568,50.22595],[12.16619,50.22605],[12.16881,50.22725],[12.17097,50.22874],[12.17428,50.23044],[12.17577,50.23087],[12.1791,50.23241],[12.17969,50.23198],[12.18205,50.23289],[12.18217,50.23272],[12.18285,50.23293],[12.18381,50.23338],[12.18408,50.23364],[12.18382,50.23383],[12.18415,50.23415],[12.1851,50.23387],[12.18536,50.23418],[12.1848,50.23434],[12.18495,50.23478],[12.18561,50.23488],[12.18589,50.23517],[12.18564,50.2361],[12.18362,50.23597],[12.18245,50.23603],[12.18245,50.23625],[12.18488,50.23652],[12.18518,50.23701],[12.18555,50.23705],[12.18622,50.23852],[12.18709,50.23852],[12.18757,50.2382],[12.18977,50.23817],[12.191,50.23913],[12.19468,50.2403],[12.19363,50.24085],[12.19316,50.2414],[12.19501,50.2421],[12.19429,50.24248],[12.19531,50.24279],[12.19614,50.24272],[12.19605,50.24353],[12.19733,50.24397],[12.19774,50.24384],[12.19878,50.2443],[12.19762,50.24461],[12.19625,50.24541],[12.19709,50.2462],[12.19895,50.2466],[12.1996,50.24548],[12.20022,50.24551],[12.19997,50.2473],[12.20038,50.24857],[12.2013,50.24949],[12.20215,50.24834],[12.20277,50.24835],[12.20246,50.24738],[12.20293,50.24703],[12.20385,50.24714],[12.20437,50.24754],[12.20451,50.24694],[12.20526,50.24703],[12.20701,50.24809],[12.20872,50.24869],[12.20903,50.24866],[12.20962,50.24797],[12.2088,50.24741],[12.20905,50.2473],[12.21443,50.24683],[12.21557,50.24631],[12.21362,50.24485],[12.21369,50.24403],[12.21466,50.24183],[12.21494,50.24207],[12.21479,50.24337],[12.21569,50.24366],[12.21752,50.24408],[12.22152,50.244],[12.22142,50.24428],[12.22209,50.24434],[12.22236,50.24396],[12.22303,50.2443],[12.22283,50.24447],[12.22327,50.24482],[12.22409,50.24514],[12.22437,50.2456],[12.22597,50.24558],[12.22602,50.24516],[12.22673,50.24538],[12.22629,50.24562],[12.22641,50.24588],[12.22607,50.24592],[12.22613,50.2462],[12.22488,50.24681],[12.22468,50.24724],[12.22423,50.24741],[12.22447,50.24802],[12.22483,50.2482],[12.2246,50.24826],[12.22476,50.24887],[12.22456,50.24898],[12.22483,50.24923],[12.22412,50.24981],[12.22396,50.25062],[12.22459,50.25075],[12.2248,50.25121],[12.22468,50.25148],[12.22554,50.25223],[12.2242,50.25229],[12.2243,50.25245],[12.22244,50.25348],[12.21822,50.25709],[12.21709,50.25852],[12.21485,50.25963],[12.21153,50.26038],[12.21131,50.26053],[12.21144,50.26068],[12.21227,50.26037],[12.21244,50.26059],[12.21168,50.26088],[12.21124,50.26152],[12.20967,50.26273],[12.20956,50.26299],[12.21025,50.2632],[12.2099,50.26405],[12.21032,50.26416],[12.20905,50.26569],[12.21068,50.26731],[12.21121,50.26833],[12.21185,50.26852],[12.20998,50.26911],[12.20831,50.27015],[12.20378,50.27033],[12.20178,50.27085],[12.20054,50.27089],[12.19801,50.27262],[12.19919,50.2729],[12.19917,50.27315],[12.19833,50.2732],[12.19895,50.2739],[12.20026,50.27435],[12.20141,50.27296],[12.20507,50.2725],[12.20645,50.27181],[12.20903,50.27132],[12.21054,50.27165],[12.21139,50.27151],[12.21277,50.27087],[12.21325,50.27025],[12.21575,50.27039],[12.21695,50.27074],[12.21999,50.27077],[12.22148,50.27051],[12.22458,50.27085],[12.22934,50.27097],[12.23041,50.27139],[12.23263,50.27103],[12.23495,50.26952],[12.23645,50.2693],[12.23824,50.26987],[12.24594,50.26863],[12.24694,50.2683],[12.24823,50.26942],[12.24784,50.27035],[12.25007,50.27095],[12.25016,50.27024],[12.24989,50.26942],[12.25059,50.26939],[12.25099,50.27028],[12.25264,50.2707],[12.25276,50.27106],[12.25393,50.2711],[12.26154,50.26143],[12.26432,50.25972],[12.26624,50.259],[12.26551,50.25866],[12.26532,50.25806],[12.26625,50.25585],[12.26473,50.25396],[12.26464,50.25287],[12.26485,50.25226],[12.26597,50.2514],[12.26602,50.2503],[12.26031,50.25109],[12.25999,50.25207],[12.2595,50.25235],[12.25503,50.25126],[12.25482,50.25245],[12.25517,50.25302],[12.25444,50.2529],[12.25317,50.25431],[12.25033,50.25563],[12.2482,50.25701],[12.247,50.25737],[12.24693,50.25688],[12.24791,50.25666],[12.2503,50.25523],[12.25006,50.25464],[12.24852,50.25346],[12.24765,50.25232],[12.24596,50.25112],[12.2441,50.25121],[12.24173,50.25097],[12.24144,50.25019],[12.23916,50.2471],[12.23956,50.24628],[12.24003,50.24633],[12.24103,50.24508],[12.2444,50.24483],[12.24668,50.2436],[12.24939,50.24285],[12.25191,50.24181],[12.25378,50.24042],[12.25366,50.24028],[12.25406,50.23965],[12.25373,50.23907],[12.25397,50.23808],[12.25504,50.2369],[12.25637,50.23638],[12.25786,50.2363],[12.25894,50.23595],[12.26075,50.23472],[12.26343,50.2358],[12.26367,50.235],[12.26609,50.23453],[12.26506,50.23427],[12.26326,50.23443],[12.26318,50.23409],[12.26365,50.23385],[12.2636,50.23369],[12.26576,50.23298],[12.2672,50.23196],[12.27505,50.23336],[12.27765,50.23096],[12.27919,50.23007],[12.28009,50.22897],[12.28693,50.22544],[12.28574,50.22485],[12.28397,50.2245],[12.27942,50.22438],[12.27915,50.22411],[12.28022,50.22398],[12.28045,50.22318],[12.27899,50.22321],[12.27837,50.22292],[12.28536,50.22329],[12.28806,50.22218],[12.28981,50.22222],[12.29095,50.22171],[12.2921,50.22174],[12.29355,50.22145],[12.29399,50.22116],[12.29095,50.21969],[12.29079,50.21929],[12.29005,50.219],[12.28914,50.21801],[12.28915,50.21774],[12.28813,50.21715],[12.28823,50.21693],[12.28697,50.21665],[12.28697,50.21621],[12.2865,50.21576],[12.28574,50.21577],[12.28545,50.2155],[12.28478,50.21552],[12.28418,50.21523],[12.2826,50.21324],[12.28262,50.21243],[12.28239,50.21216],[12.28264,50.21202],[12.28265,50.21143],[12.28293,50.21127],[12.28313,50.21034],[12.28292,50.21013],[12.28317,50.20975],[12.28299,50.2096],[12.28309,50.20923],[12.28242,50.20849],[12.28255,50.20815],[12.28304,50.20809],[12.28411,50.20883],[12.2861,50.2091],[12.28672,50.20976],[12.28764,50.20994],[12.28851,50.2105],[12.28907,50.21064],[12.28914,50.2104],[12.28919,50.209],[12.28783,50.20791],[12.28598,50.2075],[12.28624,50.20677],[12.28564,50.20608],[12.2879,50.20525],[12.2886,50.20406],[12.28757,50.2028],[12.28549,50.20145],[12.28115,50.19979],[12.27847,50.19946],[12.27779,50.1996],[12.27666,50.20074],[12.27338,50.20268],[12.27182,50.20211],[12.26131,50.20401],[12.25693,50.20418],[12.25578,50.20403],[12.25316,50.20428],[12.25395,50.20334],[12.25663,50.20296],[12.25763,50.20266],[12.25787,50.20225],[12.2596,50.20173],[12.25945,50.20086],[12.25913,50.2004],[12.26139,50.19743],[12.26156,50.19607],[12.262,50.19493],[12.25931,50.19247],[12.25758,50.19137],[12.25696,50.19019],[12.25602,50.18934],[12.25617,50.18879],[12.25578,50.18823],[12.25447,50.188],[12.25357,50.18708],[12.2514,50.18701],[12.2486,50.18634],[12.24828,50.18653],[12.24701,50.18654],[12.24484,50.18631],[12.24194,50.18489],[12.24184,50.18437],[12.24153,50.1841],[12.24206,50.18335],[12.24324,50.18312],[12.24333,50.18202],[12.24437,50.18199],[12.24603,50.18261],[12.24876,50.18272],[12.25015,50.18198],[12.25074,50.18193],[12.25386,50.1793],[12.25209,50.17745],[12.24613,50.17841],[12.24178,50.1776],[12.23887,50.17789],[12.23838,50.17832],[12.23754,50.17801],[12.23734,50.17779],[12.23772,50.17735],[12.23801,50.17749],[12.23845,50.17711],[12.23939,50.17687],[12.23932,50.17669],[12.24054,50.1758],[12.24092,50.17506],[12.24217,50.17482],[12.24194,50.17431],[12.24296,50.17251],[12.24278,50.17234],[12.24215,50.17249],[12.24211,50.17191],[12.24068,50.17179],[12.23904,50.17087],[12.2384,50.17079],[12.23697,50.17124],[12.23442,50.17047],[12.23349,50.16982],[12.23428,50.16889],[12.23441,50.16765],[12.23331,50.16804],[12.23419,50.16618],[12.23391,50.16574],[12.23278,50.1656],[12.23347,50.16511],[12.2335,50.16442],[12.2328,50.16327],[12.23241,50.16371],[12.23236,50.16448],[12.23131,50.16549],[12.22789,50.16513],[12.22713,50.16542],[12.22697,50.1663],[12.22661,50.16634],[12.2269,50.16677],[12.22738,50.16685],[12.22743,50.16725],[12.2272,50.16746],[12.22637,50.16769],[12.22598,50.16809],[12.22497,50.1683],[12.22428,50.16882],[12.22165,50.16946],[12.22175,50.16965],[12.22148,50.16992],[12.22101,50.17007],[12.22095,50.17057],[12.22037,50.17081],[12.22029,50.17123],[12.21716,50.17092],[12.21626,50.17118],[12.21614,50.17089],[12.21522,50.17107],[12.21396,50.1718],[12.21121,50.17203],[12.21124,50.17181],[12.21075,50.17154],[12.21054,50.171],[12.2087,50.17162],[12.20836,50.17449],[12.20691,50.17545],[12.20398,50.18085],[12.20268,50.184],[12.20217,50.18459],[12.20234,50.18579],[12.20197,50.18731],[12.20126,50.18877],[12.20015,50.18856],[12.19999,50.1888],[12.20021,50.18947],[12.19925,50.19019],[12.19769,50.19034],[12.19689,50.19087],[12.19601,50.19101],[12.19362,50.19201],[12.18959,50.19478],[12.18893,50.19567],[12.18987,50.19648],[12.18959,50.19657],[12.18978,50.19677],[12.18964,50.19707],[12.19024,50.19741],[12.19099,50.19747],[12.19137,50.19783],[12.19225,50.19764],[12.19306,50.19786],[12.19639,50.19782],[12.19756,50.19807]]]}},{"type":"Feature","properties":{"name":"560324"},"geometry":{"type":"Polygon","coordinates":[[[12.60759,50.15282],[12.60573,50.15091],[12.60537,50.14971],[12.60537,50.14728],[12.60507,50.14658],[12.60383,50.14512],[12.6004,50.14361],[12.59575,50.14343],[12.59354,50.14283],[12.59053,50.1428],[12.58919,50.14251],[12.58774,50.14386],[12.58616,50.14388],[12.58556,50.14336],[12.5848,50.14379],[12.58496,50.14391],[12.58195,50.14451],[12.57837,50.14713],[12.57688,50.14791],[12.57596,50.14879],[12.57388,50.14941],[12.57413,50.14959],[12.57371,50.15016],[12.57402,50.15063],[12.57475,50.15083],[12.57482,50.15165],[12.57579,50.15206],[12.57563,50.15234],[12.5766,50.15271],[12.57671,50.15241],[12.57782,50.15228],[12.57638,50.15106],[12.57934,50.15065],[12.58083,50.15054],[12.58098,50.15099],[12.58273,50.15205],[12.58559,50.15173],[12.58829,50.15171],[12.58987,50.15198],[12.59129,50.15137],[12.59213,50.15068],[12.59256,50.1508],[12.59335,50.15162],[12.59264,50.15267],[12.59342,50.15383],[12.59685,50.15547],[12.59841,50.15676],[12.59748,50.15755],[12.59959,50.15748],[12.60001,50.15822],[12.6001,50.15898],[12.59957,50.16001],[12.59956,50.16077],[12.59892,50.16109],[12.5992,50.16168],[12.60091,50.16139],[12.60079,50.16176],[12.60177,50.16191],[12.59491,50.16358],[12.59176,50.1627],[12.58873,50.16277],[12.58596,50.16365],[12.58113,50.16664],[12.58009,50.16691],[12.60047,50.17124],[12.60581,50.17204],[12.60717,50.17206],[12.6118,50.16996],[12.6144,50.16944],[12.61538,50.1698],[12.61513,50.17025],[12.61536,50.17158],[12.61708,50.17422],[12.61768,50.17433],[12.61929,50.17401],[12.62097,50.17183],[12.62141,50.17081],[12.62145,50.16958],[12.62074,50.16797],[12.61917,50.16613],[12.61843,50.16418],[12.61769,50.16297],[12.62109,50.16185],[12.61898,50.16106],[12.61902,50.16045],[12.61803,50.16031],[12.61611,50.15835],[12.61547,50.15805],[12.61594,50.15786],[12.61574,50.15766],[12.61267,50.15868],[12.61166,50.15681],[12.61121,50.15517],[12.61064,50.1546],[12.60759,50.15282]]]}},{"type":"Feature","properties":{"name":"539112"},"geometry":{"type":"Polygon","coordinates":[[[12.56401,49.96184],[12.56378,49.95449],[12.56208,49.95225],[12.56057,49.95092],[12.56164,49.94991],[12.56636,49.947],[12.56722,49.94725],[12.56739,49.94719],[12.5671,49.94704],[12.57564,49.94479],[12.57612,49.94442],[12.57718,49.94451],[12.57824,49.9443],[12.5793,49.94464],[12.58285,49.94492],[12.58236,49.94423],[12.5815,49.94421],[12.58081,49.94356],[12.58221,49.94185],[12.58174,49.94048],[12.58106,49.93989],[12.58116,49.93934],[12.58075,49.93885],[12.57961,49.93944],[12.57971,49.94015],[12.5784,49.94016],[12.57823,49.93975],[12.577,49.93952],[12.57592,49.93963],[12.57526,49.93903],[12.57574,49.93818],[12.56917,49.93784],[12.56742,49.93735],[12.56338,49.9371],[12.56051,49.93657],[12.55812,49.93643],[12.55427,49.9366],[12.54749,49.93597],[12.54749,49.93552],[12.54782,49.9351],[12.54602,49.93385],[12.54477,49.9335],[12.54292,49.93135],[12.54165,49.92905],[12.54058,49.92818],[12.53854,49.92798],[12.53769,49.92717],[12.53628,49.92501],[12.53425,49.92519],[12.52239,49.9278],[12.51628,49.928],[12.51218,49.9277],[12.50772,49.92909],[12.50384,49.92975],[12.50181,49.93055],[12.49836,49.93261],[12.49306,49.93328],[12.49343,49.93482],[12.49395,49.93545],[12.49438,49.93691],[12.49213,49.93645],[12.49098,49.93656],[12.48305,49.93581],[12.48117,49.93594],[12.4784,49.93566],[12.475,49.93864],[12.47216,49.94337],[12.4713,49.94412],[12.47016,49.94591],[12.46988,49.9477],[12.47006,49.94844],[12.47052,49.94897],[12.47495,49.952],[12.47529,49.95261],[12.47524,49.95328],[12.47595,49.95458],[12.47824,49.95685],[12.48164,49.95841],[12.48456,49.95849],[12.48808,49.958],[12.48924,49.95816],[12.49062,49.95871],[12.49139,49.96099],[12.4909,49.96228],[12.49292,49.96443],[12.4941,49.96677],[12.49409,49.96769],[12.49373,49.9688],[12.49409,49.96998],[12.49703,49.97142],[12.50232,49.97285],[12.50429,49.97393],[12.50529,49.97626],[12.50642,49.9773],[12.50764,49.97951],[12.50842,49.98017],[12.50866,49.98142],[12.50935,49.98274],[12.5096,49.98513],[12.51017,49.98611],[12.51018,49.98801],[12.51066,49.98843],[12.51187,49.9887],[12.51354,49.98961],[12.51531,49.99247],[12.51548,49.99377],[12.51519,49.99486],[12.51375,49.99634],[12.51287,49.99844],[12.51284,49.99899],[12.51334,49.99984],[12.51361,50.00098],[12.5141,50.00146],[12.51387,50.00227],[12.5136,50.00245],[12.51366,50.00275],[12.52006,50.00338],[12.52238,50.00307],[12.52155,50.00233],[12.52135,50.0002],[12.52165,50.0001],[12.5221,50.001],[12.52347,50.00079],[12.52346,50.00022],[12.52245,49.99929],[12.52231,49.99842],[12.52557,49.9982],[12.52598,49.99768],[12.52628,49.99764],[12.52652,49.99773],[12.52633,49.99818],[12.52699,49.99831],[12.53167,49.99635],[12.53254,49.99753],[12.53509,49.99667],[12.53486,49.99628],[12.53498,49.9959],[12.53603,49.99541],[12.53783,49.99641],[12.53971,49.99444],[12.54132,49.99512],[12.54386,49.99219],[12.54677,49.99249],[12.54653,49.99379],[12.549,49.99366],[12.54949,49.99208],[12.55093,49.99054],[12.55108,49.98989],[12.55255,49.99038],[12.55422,49.98964],[12.55445,49.98984],[12.55373,49.9906],[12.55498,49.99137],[12.55475,49.99162],[12.55511,49.99186],[12.5549,49.99188],[12.55406,49.99346],[12.55402,49.99458],[12.55528,49.99459],[12.55565,49.99267],[12.55698,49.99037],[12.5575,49.99061],[12.55865,49.99002],[12.55872,49.9902],[12.55951,49.99025],[12.56068,49.99012],[12.56029,49.99074],[12.56304,49.99163],[12.5625,49.99287],[12.56122,49.99344],[12.56116,49.99374],[12.5626,49.99402],[12.56299,49.99326],[12.56527,49.99353],[12.5648,49.99526],[12.56683,49.99556],[12.56678,49.99582],[12.56869,49.99604],[12.56875,49.997],[12.56801,49.99852],[12.56984,49.99931],[12.57084,49.99947],[12.57043,50.00021],[12.57393,49.99928],[12.57546,49.99946],[12.57454,50.00116],[12.574,50.0013],[12.57365,50.00201],[12.5737,50.00275],[12.57999,50.00381],[12.5825,50.00354],[12.58634,50.0024],[12.58682,50.00207],[12.58737,50.00118],[12.58858,50.00118],[12.5886,50.00145],[12.59067,50.0006],[12.59092,50.00081],[12.59284,50.00018],[12.59329,50.00051],[12.59366,50.00035],[12.59357,50.00022],[12.601,49.99776],[12.60793,49.99454],[12.60934,49.99414],[12.61139,49.99427],[12.61212,49.99488],[12.61276,49.9946],[12.61355,49.99542],[12.61455,49.99519],[12.61539,49.99464],[12.61751,49.99481],[12.62135,49.9947],[12.62543,49.99241],[12.62959,49.99093],[12.62883,49.99002],[12.62924,49.98984],[12.62832,49.98893],[12.62675,49.9892],[12.62512,49.98742],[12.62474,49.98737],[12.62419,49.98543],[12.62831,49.98473],[12.6382,49.98402],[12.63945,49.98353],[12.63917,49.98253],[12.63758,49.98244],[12.63656,49.98269],[12.63621,49.98222],[12.63494,49.98155],[12.63487,49.98113],[12.63523,49.98079],[12.63515,49.98018],[12.6371,49.97755],[12.63722,49.97695],[12.63687,49.97635],[12.63404,49.97615],[12.63814,49.9743],[12.6411,49.97324],[12.63973,49.97263],[12.63759,49.97228],[12.63715,49.97199],[12.63402,49.97216],[12.63373,49.97192],[12.62704,49.97297],[12.62634,49.97288],[12.6265,49.9731],[12.62625,49.97321],[12.62557,49.97305],[12.62232,49.97371],[12.62151,49.97366],[12.62042,49.97268],[12.61882,49.97216],[12.6145,49.97273],[12.6122,49.97344],[12.6119,49.97286],[12.61109,49.97252],[12.60874,49.97288],[12.60888,49.97344],[12.60806,49.97349],[12.60757,49.9734],[12.60692,49.97257],[12.60541,49.97301],[12.60545,49.97326],[12.60477,49.97332],[12.60341,49.97329],[12.60262,49.97254],[12.60023,49.97263],[12.5993,49.97221],[12.59894,49.97133],[12.59823,49.97091],[12.59784,49.97095],[12.59752,49.97144],[12.59687,49.97144],[12.59705,49.97187],[12.59568,49.972],[12.59546,49.97291],[12.59536,49.97193],[12.59714,49.9702],[12.59825,49.96863],[12.59891,49.96839],[12.59974,49.96748],[12.59988,49.96559],[12.59424,49.9651],[12.5932,49.96538],[12.59251,49.96501],[12.58614,49.96404],[12.58485,49.96257],[12.58159,49.96328],[12.57036,49.96432],[12.56531,49.96429],[12.56401,49.96184]]]}},{"type":"Feature","properties":{"name":"560316"},"geometry":{"type":"Polygon","coordinates":[[[12.57567,50.16826],[12.57161,50.16907],[12.56913,50.16838],[12.56863,50.16786],[12.56757,50.16813],[12.56684,50.16604],[12.56549,50.16555],[12.56501,50.16556],[12.56393,50.16611],[12.56284,50.16622],[12.56163,50.16684],[12.56089,50.16641],[12.56285,50.16534],[12.5641,50.16419],[12.56477,50.16307],[12.56475,50.16129],[12.56593,50.15987],[12.57005,50.15891],[12.57103,50.15837],[12.57155,50.15847],[12.57206,50.15805],[12.57306,50.1578],[12.57403,50.15619],[12.57631,50.15505],[12.57689,50.15422],[12.57624,50.15366],[12.57559,50.15237],[12.5766,50.15271],[12.57671,50.15241],[12.57782,50.15228],[12.57638,50.15106],[12.58083,50.15054],[12.58098,50.15099],[12.58273,50.15205],[12.58559,50.15173],[12.58829,50.15171],[12.58987,50.15198],[12.59129,50.15137],[12.59213,50.15068],[12.59256,50.1508],[12.59335,50.15162],[12.59264,50.15267],[12.59342,50.15383],[12.59685,50.15547],[12.59841,50.15676],[12.59748,50.15755],[12.59959,50.15748],[12.60001,50.15822],[12.6001,50.15898],[12.59957,50.16001],[12.59956,50.16077],[12.59892,50.16109],[12.5992,50.16168],[12.60091,50.16139],[12.60079,50.16176],[12.60177,50.16191],[12.59491,50.16358],[12.59176,50.1627],[12.58873,50.16277],[12.58596,50.16365],[12.58055,50.16687],[12.57714,50.16768],[12.57564,50.16771],[12.57567,50.16826]]]}},{"type":"Feature","properties":{"name":"566675"},"geometry":{"type":"Polygon","coordinates":[[[13.21466,50.13364],[13.21178,50.13234],[13.20964,50.13195],[13.20063,50.13131],[13.19806,50.13157],[13.19568,50.13106],[13.19389,50.13014],[13.19331,50.12881],[13.19225,50.12774],[13.19226,50.12797],[13.19085,50.12797],[13.19067,50.12773],[13.18998,50.12842],[13.18986,50.12939],[13.18919,50.12949],[13.18932,50.13023],[13.18992,50.13065],[13.19074,50.1308],[13.19106,50.13121],[13.19641,50.13298],[13.19653,50.1332],[13.19619,50.13403],[13.19674,50.13481],[13.19727,50.13513],[13.19774,50.13488],[13.19814,50.13504],[13.19845,50.13533],[13.19829,50.13559],[13.19854,50.13625],[13.19938,50.13649],[13.1995,50.13697],[13.19976,50.13702],[13.19959,50.13707],[13.19982,50.13716],[13.19984,50.1376],[13.1995,50.13802],[13.19947,50.13855],[13.19898,50.13888],[13.19944,50.13927],[13.19935,50.13947],[13.20034,50.14025],[13.20045,50.14071],[13.20011,50.14168],[13.20075,50.14229],[13.20184,50.14272],[13.20197,50.14301],[13.20165,50.14325],[13.20213,50.14417],[13.20184,50.1443],[13.20219,50.14469],[13.20207,50.14498],[13.20236,50.14559],[13.20217,50.14561],[13.20288,50.146],[13.20337,50.14694],[13.2042,50.14763],[13.20417,50.14812],[13.20472,50.1484],[13.2044,50.14863],[13.20436,50.14907],[13.20504,50.14918],[13.20491,50.14946],[13.2058,50.14978],[13.20616,50.15025],[13.20625,50.15087],[13.20583,50.15138],[13.20463,50.15153],[13.20482,50.1521],[13.20564,50.1522],[13.20561,50.15249],[13.20838,50.15336],[13.21093,50.15382],[13.21389,50.15346],[13.21653,50.15511],[13.21993,50.15611],[13.2213,50.15694],[13.22252,50.15725],[13.22733,50.15942],[13.22794,50.15899],[13.22906,50.15874],[13.23479,50.16068],[13.23519,50.15944],[13.23411,50.15746],[13.23444,50.15719],[13.23412,50.15598],[13.23431,50.15582],[13.23621,50.15516],[13.23888,50.15483],[13.24304,50.15331],[13.24618,50.15303],[13.24654,50.15448],[13.24779,50.15441],[13.25054,50.15337],[13.24947,50.15272],[13.24746,50.15232],[13.24709,50.15043],[13.24821,50.14968],[13.24368,50.14991],[13.24302,50.14847],[13.24404,50.14786],[13.24611,50.14768],[13.24792,50.14693],[13.24846,50.14592],[13.2498,50.14586],[13.25024,50.14664],[13.25087,50.14654],[13.2499,50.14516],[13.24968,50.1442],[13.25088,50.14402],[13.2498,50.14353],[13.24801,50.14323],[13.24716,50.14343],[13.24412,50.14154],[13.23864,50.14178],[13.23831,50.14148],[13.23887,50.14142],[13.23835,50.14014],[13.23749,50.14021],[13.23761,50.13929],[13.23576,50.13907],[13.23591,50.13846],[13.23735,50.13757],[13.23908,50.13702],[13.23908,50.13676],[13.2419,50.13666],[13.24195,50.13641],[13.24105,50.13495],[13.24079,50.13499],[13.2403,50.13443],[13.23535,50.1351],[13.2354,50.13491],[13.23239,50.13488],[13.22817,50.13411],[13.22597,50.13433],[13.2237,50.134],[13.21962,50.13405],[13.21466,50.13364]]]}},{"type":"Feature","properties":{"name":"538337"},"geometry":{"type":"Polygon","coordinates":[[[12.84204,50.09855],[12.83999,50.09776],[12.83965,50.09726],[12.8402,50.09711],[12.8401,50.09636],[12.8382,50.0954],[12.83701,50.09542],[12.83723,50.09532],[12.83733,50.09463],[12.83673,50.09416],[12.83874,50.09301],[12.8379,50.09281],[12.83788,50.09245],[12.83682,50.09232],[12.83592,50.09178],[12.83606,50.09158],[12.83554,50.09075],[12.83468,50.09092],[12.83438,50.09051],[12.83298,50.09082],[12.83267,50.09055],[12.83224,50.09103],[12.8289,50.09072],[12.8278,50.09084],[12.82781,50.09103],[12.82495,50.09005],[12.82473,50.08898],[12.82353,50.08889],[12.8222,50.08845],[12.82182,50.08851],[12.82211,50.08869],[12.82187,50.08903],[12.82034,50.08848],[12.82037,50.0896],[12.82134,50.09025],[12.82154,50.09113],[12.81869,50.09189],[12.81777,50.09171],[12.8171,50.09235],[12.81531,50.09232],[12.81317,50.09127],[12.80882,50.09186],[12.80703,50.09155],[12.80654,50.09128],[12.80658,50.09038],[12.80577,50.08985],[12.80499,50.08995],[12.80532,50.08936],[12.80478,50.08923],[12.80393,50.08933],[12.80286,50.08991],[12.80081,50.09012],[12.79877,50.08973],[12.79755,50.09035],[12.79722,50.09113],[12.79455,50.09158],[12.79248,50.09241],[12.78937,50.09261],[12.78956,50.09322],[12.78928,50.09336],[12.7865,50.09194],[12.78223,50.09104],[12.78115,50.09133],[12.77975,50.09083],[12.7783,50.09068],[12.7782,50.09035],[12.77632,50.09038],[12.77534,50.09013],[12.77338,50.09096],[12.77228,50.09094],[12.77131,50.09131],[12.77091,50.09214],[12.76887,50.09184],[12.76783,50.09118],[12.76735,50.09122],[12.76624,50.09047],[12.76442,50.08998],[12.76265,50.09167],[12.76279,50.09179],[12.76215,50.09215],[12.75735,50.09289],[12.75432,50.09497],[12.74997,50.09641],[12.75238,50.09682],[12.75355,50.09755],[12.75426,50.09836],[12.75531,50.09884],[12.75555,50.0994],[12.75483,50.1002],[12.75382,50.10027],[12.75327,50.09998],[12.75171,50.09982],[12.75179,50.10029],[12.7507,50.10028],[12.75062,50.10007],[12.74992,50.10015],[12.74961,50.09979],[12.74906,50.09975],[12.75015,50.10041],[12.75021,50.10076],[12.75297,50.1011],[12.75204,50.10195],[12.75139,50.10318],[12.75209,50.10659],[12.75165,50.10717],[12.75049,50.10639],[12.74536,50.10582],[12.7437,50.10668],[12.74299,50.10766],[12.74137,50.10826],[12.74057,50.10917],[12.73988,50.10949],[12.7395,50.11039],[12.73889,50.11068],[12.73877,50.11102],[12.73685,50.11264],[12.73704,50.11297],[12.73656,50.11354],[12.73663,50.1141],[12.73707,50.11486],[12.73808,50.11585],[12.73869,50.11593],[12.73963,50.11673],[12.74035,50.11818],[12.74021,50.11871],[12.74053,50.11867],[12.74138,50.11921],[12.74361,50.12189],[12.74433,50.12176],[12.74764,50.12251],[12.74918,50.12415],[12.75023,50.12489],[12.75258,50.12405],[12.75702,50.12563],[12.76004,50.12543],[12.76156,50.12484],[12.76374,50.12529],[12.76453,50.12524],[12.76983,50.12416],[12.77212,50.12314],[12.77335,50.12418],[12.7745,50.12385],[12.77552,50.12431],[12.77634,50.12506],[12.77762,50.12545],[12.7789,50.125],[12.77903,50.12457],[12.77983,50.12434],[12.78049,50.12383],[12.7822,50.12395],[12.78324,50.1227],[12.78441,50.122],[12.78498,50.12209],[12.78491,50.12256],[12.78533,50.12327],[12.78629,50.12322],[12.78794,50.12391],[12.78916,50.1235],[12.78986,50.12359],[12.79013,50.12307],[12.79215,50.12208],[12.79331,50.12235],[12.79502,50.12357],[12.79673,50.12329],[12.79989,50.12228],[12.8028,50.12183],[12.80301,50.12112],[12.80193,50.12111],[12.79977,50.11923],[12.80104,50.11892],[12.80256,50.11891],[12.80227,50.11853],[12.80305,50.11845],[12.80402,50.11886],[12.80342,50.11845],[12.80574,50.11757],[12.80603,50.11687],[12.80579,50.11653],[12.80414,50.11707],[12.80569,50.11648],[12.80661,50.11564],[12.80703,50.11604],[12.8072,50.11681],[12.80686,50.11729],[12.80684,50.11784],[12.80775,50.11762],[12.80837,50.11796],[12.80723,50.11915],[12.80827,50.12027],[12.80852,50.12018],[12.80918,50.12072],[12.81057,50.12123],[12.81193,50.12113],[12.81476,50.12381],[12.81739,50.12501],[12.82088,50.12592],[12.82094,50.12729],[12.82546,50.12545],[12.82606,50.12463],[12.8271,50.12421],[12.82709,50.1238],[12.82812,50.12254],[12.82974,50.11924],[12.82927,50.11817],[12.82858,50.11731],[12.83261,50.11663],[12.8349,50.11684],[12.83555,50.11775],[12.83653,50.11733],[12.83842,50.11793],[12.83984,50.11809],[12.84402,50.11784],[12.84433,50.11664],[12.84342,50.11567],[12.8448,50.1149],[12.84421,50.11461],[12.84447,50.11394],[12.8441,50.11318],[12.84569,50.1127],[12.84607,50.11208],[12.84836,50.11241],[12.84918,50.11359],[12.84956,50.11348],[12.85003,50.11385],[12.84977,50.11497],[12.84993,50.11584],[12.8494,50.11719],[12.84952,50.118],[12.85274,50.11826],[12.85464,50.11909],[12.85642,50.11907],[12.85671,50.11783],[12.85746,50.1179],[12.85824,50.11829],[12.86018,50.11788],[12.86065,50.11838],[12.86104,50.11793],[12.86238,50.11807],[12.86319,50.11745],[12.86412,50.11712],[12.86647,50.11746],[12.86407,50.11604],[12.8633,50.11503],[12.86307,50.11271],[12.86357,50.11111],[12.86344,50.11055],[12.85674,50.10731],[12.85309,50.10712],[12.85219,50.10894],[12.85108,50.10892],[12.85107,50.10969],[12.84879,50.10959],[12.8487,50.1089],[12.84818,50.10863],[12.84709,50.10869],[12.84467,50.10668],[12.845,50.10367],[12.84585,50.10283],[12.84592,50.10092],[12.84464,50.09971],[12.84399,50.09946],[12.84296,50.09954],[12.84204,50.09855]]]}},{"type":"Feature","properties":{"name":"555762"},"geometry":{"type":"Polygon","coordinates":[[[13.11253,50.08813],[13.11095,50.08829],[13.10852,50.08747],[13.10946,50.08652],[13.10999,50.08631],[13.10868,50.08513],[13.10854,50.08414],[13.10633,50.08392],[13.10591,50.08346],[13.10648,50.08262],[13.10737,50.08243],[13.1097,50.0826],[13.10971,50.08219],[13.11014,50.08216],[13.11013,50.08175],[13.11085,50.08154],[13.11061,50.08068],[13.11112,50.08016],[13.11007,50.07932],[13.10874,50.07928],[13.10651,50.07856],[13.10481,50.07932],[13.10411,50.07897],[13.1045,50.07836],[13.10431,50.07794],[13.10446,50.0778],[13.10313,50.07747],[13.09963,50.07883],[13.09792,50.07609],[13.09736,50.07577],[13.09679,50.07628],[13.09677,50.07688],[13.09634,50.07753],[13.09772,50.07797],[13.09742,50.07874],[13.09483,50.07825],[13.09429,50.07839],[13.09463,50.07853],[13.09405,50.07984],[13.0929,50.08135],[13.08984,50.08162],[13.08686,50.08081],[13.08651,50.08106],[13.08773,50.08178],[13.08756,50.08196],[13.08602,50.08111],[13.08505,50.08025],[13.08335,50.0807],[13.08372,50.08153],[13.08365,50.08196],[13.08193,50.08132],[13.08167,50.0815],[13.08283,50.08231],[13.08195,50.08245],[13.08194,50.08304],[13.07807,50.08262],[13.07623,50.08329],[13.07593,50.08389],[13.07449,50.08377],[13.07365,50.08405],[13.0729,50.08502],[13.0758,50.0854],[13.07527,50.08653],[13.07563,50.08655],[13.07599,50.08719],[13.07608,50.08757],[13.07553,50.08777],[13.07598,50.08806],[13.07516,50.08837],[13.07309,50.08785],[13.07276,50.08735],[13.07201,50.0881],[13.07418,50.08895],[13.0733,50.08992],[13.07518,50.09066],[13.07863,50.08957],[13.07789,50.09096],[13.08014,50.09199],[13.08258,50.09353],[13.0826,50.09424],[13.08178,50.09446],[13.08162,50.09506],[13.08075,50.09553],[13.08082,50.0959],[13.08054,50.09602],[13.08052,50.09632],[13.07932,50.09744],[13.08133,50.10071],[13.08273,50.1019],[13.08303,50.10241],[13.08297,50.10281],[13.08599,50.10385],[13.08867,50.10404],[13.08862,50.10521],[13.08918,50.10626],[13.08876,50.10692],[13.09312,50.10788],[13.09259,50.10839],[13.09821,50.10881],[13.09864,50.10877],[13.09913,50.10798],[13.09997,50.10818],[13.0994,50.10884],[13.10011,50.10902],[13.10141,50.11008],[13.10143,50.11042],[13.1009,50.11063],[13.10043,50.11118],[13.09863,50.11171],[13.09891,50.11203],[13.09837,50.11286],[13.10042,50.11352],[13.10062,50.11405],[13.09969,50.11577],[13.09915,50.11606],[13.099,50.11661],[13.098,50.11754],[13.09771,50.11825],[13.09777,50.11888],[13.09676,50.11947],[13.09626,50.12028],[13.09657,50.12079],[13.09713,50.1211],[13.09846,50.12128],[13.09811,50.12327],[13.09661,50.12441],[13.09738,50.12443],[13.09695,50.12548],[13.09737,50.126],[13.09695,50.12644],[13.097,50.12689],[13.09866,50.1279],[13.09858,50.12841],[13.09812,50.12882],[13.09796,50.12972],[13.09849,50.12985],[13.09822,50.13019],[13.09861,50.13065],[13.09861,50.13107],[13.0979,50.13136],[13.09815,50.13243],[13.09783,50.13265],[13.09826,50.1328],[13.09886,50.13256],[13.09889,50.13284],[13.1006,50.1331],[13.10037,50.13348],[13.10067,50.1334],[13.10066,50.13374],[13.10106,50.1338],[13.10027,50.13399],[13.1008,50.13442],[13.10047,50.13448],[13.10134,50.13536],[13.10124,50.13552],[13.10316,50.13577],[13.10348,50.13552],[13.10671,50.13552],[13.10793,50.13518],[13.10831,50.13536],[13.10829,50.13499],[13.10946,50.13489],[13.10986,50.1349],[13.10983,50.13522],[13.11059,50.13534],[13.11193,50.13517],[13.11195,50.13492],[13.11268,50.13483],[13.11278,50.13546],[13.11501,50.13544],[13.11666,50.13515],[13.11598,50.13606],[13.12032,50.13529],[13.12437,50.13398],[13.12639,50.1338],[13.12736,50.13394],[13.1282,50.13312],[13.13034,50.13298],[13.13132,50.13267],[13.13134,50.13398],[13.1374,50.13333],[13.13953,50.13403],[13.14412,50.13378],[13.14615,50.13411],[13.14729,50.13403],[13.1486,50.13443],[13.14925,50.1338],[13.14919,50.13355],[13.14998,50.13322],[13.14986,50.13301],[13.15144,50.13271],[13.15138,50.13218],[13.15174,50.13169],[13.15222,50.13152],[13.15254,50.13076],[13.15145,50.1299],[13.15051,50.12949],[13.15027,50.12897],[13.14975,50.12861],[13.15078,50.12785],[13.15098,50.1273],[13.15077,50.12636],[13.15108,50.12594],[13.15103,50.12536],[13.152,50.12492],[13.1519,50.12435],[13.15217,50.12346],[13.15299,50.12241],[13.15299,50.12203],[13.15348,50.12198],[13.15416,50.12148],[13.1547,50.12185],[13.15721,50.11983],[13.15777,50.11971],[13.15847,50.11912],[13.15849,50.11874],[13.15892,50.11854],[13.15911,50.11801],[13.16103,50.11696],[13.16047,50.11631],[13.16113,50.11632],[13.16224,50.11519],[13.16277,50.11507],[13.1635,50.11443],[13.16328,50.11407],[13.16368,50.11379],[13.16316,50.11255],[13.16383,50.11066],[13.1635,50.11012],[13.16392,50.10978],[13.16644,50.10914],[13.17211,50.10965],[13.17211,50.10898],[13.17572,50.10884],[13.17611,50.10872],[13.17668,50.10794],[13.17798,50.10797],[13.17912,50.10738],[13.18171,50.10705],[13.18551,50.10597],[13.1893,50.10792],[13.18907,50.10861],[13.18928,50.10894],[13.19121,50.11001],[13.19081,50.11058],[13.19424,50.11086],[13.19383,50.11179],[13.1945,50.11333],[13.19507,50.11398],[13.19445,50.11431],[13.19433,50.11462],[13.19522,50.11531],[13.19635,50.11547],[13.19713,50.1151],[13.19662,50.11477],[13.1967,50.11462],[13.19948,50.11488],[13.20135,50.11538],[13.20144,50.11603],[13.20179,50.11646],[13.20152,50.11752],[13.19905,50.1182],[13.19846,50.11886],[13.19755,50.11932],[13.19794,50.11951],[13.19756,50.11984],[13.1994,50.12139],[13.20175,50.12024],[13.20546,50.11904],[13.21392,50.11802],[13.21836,50.11783],[13.21967,50.11737],[13.22179,50.11767],[13.22514,50.11767],[13.22657,50.11857],[13.22837,50.11905],[13.22889,50.11757],[13.22953,50.11665],[13.22901,50.11526],[13.22847,50.11484],[13.22858,50.114],[13.22645,50.11349],[13.22513,50.11251],[13.22411,50.11237],[13.22437,50.11155],[13.22156,50.11172],[13.22139,50.11139],[13.21822,50.11198],[13.21713,50.11185],[13.21983,50.10715],[13.21927,50.10574],[13.21791,50.10383],[13.22225,50.10509],[13.22498,50.10618],[13.22767,50.1064],[13.22782,50.10559],[13.22871,50.10568],[13.2288,50.10494],[13.22855,50.10415],[13.23406,50.10222],[13.23251,50.10185],[13.23245,50.10151],[13.23128,50.10087],[13.23033,50.09952],[13.23017,50.09844],[13.22974,50.09777],[13.23103,50.09744],[13.23154,50.09793],[13.23386,50.09781],[13.23945,50.09651],[13.24361,50.09511],[13.24514,50.0952],[13.24639,50.09468],[13.24704,50.0949],[13.24891,50.09402],[13.25127,50.09475],[13.25159,50.0941],[13.25258,50.09417],[13.25281,50.09476],[13.25336,50.09479],[13.25882,50.09373],[13.26272,50.09413],[13.26271,50.09313],[13.25806,50.09269],[13.25521,50.09289],[13.25512,50.09201],[13.25621,50.09204],[13.25612,50.09187],[13.25529,50.09099],[13.25335,50.09029],[13.2537,50.08947],[13.2531,50.08826],[13.25319,50.0874],[13.25136,50.08673],[13.24084,50.08551],[13.23673,50.08542],[13.23504,50.0842],[13.23173,50.08434],[13.23061,50.08406],[13.23073,50.08211],[13.23034,50.08205],[13.23058,50.08132],[13.22681,50.08039],[13.22843,50.07775],[13.2286,50.07575],[13.22844,50.07425],[13.22895,50.07433],[13.22908,50.07383],[13.22896,50.0722],[13.22834,50.06983],[13.22787,50.06892],[13.2274,50.06893],[13.22624,50.06729],[13.22446,50.06725],[13.22417,50.06696],[13.22258,50.06676],[13.22258,50.06716],[13.22001,50.0673],[13.22027,50.06708],[13.21785,50.06686],[13.21797,50.06509],[13.21255,50.06473],[13.2111,50.06518],[13.21074,50.0663],[13.21423,50.06691],[13.21412,50.06717],[13.21337,50.06707],[13.2133,50.06738],[13.21394,50.0675],[13.21376,50.06837],[13.21273,50.06829],[13.21271,50.06913],[13.2107,50.06904],[13.21075,50.06922],[13.21036,50.06925],[13.21031,50.07011],[13.20853,50.06994],[13.20858,50.07064],[13.20539,50.07091],[13.20456,50.07122],[13.20127,50.07136],[13.20027,50.07214],[13.20124,50.07266],[13.20018,50.07338],[13.1994,50.07298],[13.19854,50.0736],[13.19883,50.07483],[13.19828,50.07494],[13.19759,50.07659],[13.19714,50.07695],[13.19651,50.07821],[13.19623,50.07811],[13.19607,50.07763],[13.19368,50.07712],[13.19176,50.07709],[13.19132,50.07767],[13.18699,50.07592],[13.186,50.07541],[13.18543,50.07471],[13.18094,50.07398],[13.17983,50.07508],[13.17865,50.07532],[13.17553,50.07527],[13.17463,50.0757],[13.17451,50.07602],[13.17351,50.07598],[13.17357,50.07511],[13.17238,50.0751],[13.172,50.07541],[13.16596,50.07624],[13.16604,50.07517],[13.1637,50.07557],[13.16344,50.0757],[13.1636,50.07637],[13.16244,50.07589],[13.16038,50.07593],[13.159,50.0757],[13.1555,50.07415],[13.15575,50.07371],[13.1557,50.07293],[13.1515,50.07245],[13.15203,50.07316],[13.15147,50.07586],[13.15101,50.07668],[13.15046,50.07711],[13.15055,50.07752],[13.14894,50.07829],[13.14838,50.07888],[13.14854,50.08056],[13.14887,50.08094],[13.14854,50.08129],[13.14603,50.0818],[13.14462,50.08176],[13.14499,50.08225],[13.14137,50.08169],[13.14169,50.08235],[13.13917,50.08359],[13.13835,50.08345],[13.13815,50.08357],[13.13838,50.08366],[13.13769,50.08418],[13.13692,50.0837],[13.13563,50.08354],[13.13545,50.08433],[13.13392,50.08446],[13.1322,50.08452],[13.12855,50.08398],[13.12782,50.08416],[13.12688,50.08492],[13.12593,50.08435],[13.12568,50.08369],[13.12504,50.08463],[13.12517,50.08566],[13.12372,50.08582],[13.12026,50.08493],[13.11925,50.08488],[13.11877,50.08397],[13.11735,50.08285],[13.11694,50.08285],[13.11599,50.0823],[13.11573,50.08259],[13.11477,50.08264],[13.11465,50.08414],[13.1144,50.08421],[13.11606,50.08628],[13.11638,50.08737],[13.11484,50.08785],[13.11409,50.08741],[13.114,50.08684],[13.11302,50.08746],[13.11253,50.08813]]]}},{"type":"Feature","properties":{"name":"539554"},"geometry":{"type":"Polygon","coordinates":[[[12.46508,50.08429],[12.45451,50.08602],[12.45121,50.08572],[12.44698,50.08469],[12.43408,50.08483],[12.43194,50.08956],[12.43034,50.08933],[12.43055,50.0894],[12.43052,50.09011],[12.42958,50.09123],[12.42987,50.09301],[12.43125,50.09353],[12.43389,50.09295],[12.43517,50.0919],[12.44076,50.09852],[12.44366,50.09753],[12.44601,50.09736],[12.4463,50.09777],[12.44911,50.09711],[12.44874,50.09489],[12.44851,50.09457],[12.44878,50.09453],[12.45397,50.0949],[12.4576,50.09602],[12.46019,50.09616],[12.46233,50.09659],[12.46229,50.09824],[12.46329,50.09946],[12.46524,50.09897],[12.46494,50.09912],[12.46461,50.10021],[12.46882,50.10246],[12.46836,50.10337],[12.46936,50.10667],[12.46982,50.10668],[12.47033,50.10773],[12.4723,50.10744],[12.47551,50.10775],[12.47564,50.10741],[12.47604,50.10743],[12.47608,50.10699],[12.4776,50.10699],[12.47943,50.10764],[12.48214,50.10901],[12.48333,50.11023],[12.48417,50.11052],[12.48537,50.11052],[12.48427,50.11104],[12.48282,50.11134],[12.48315,50.11383],[12.48419,50.11343],[12.48446,50.1139],[12.48433,50.1143],[12.48614,50.11555],[12.48594,50.11578],[12.48809,50.11723],[12.4891,50.11738],[12.48968,50.11812],[12.4909,50.11852],[12.49198,50.11829],[12.49564,50.11832],[12.4982,50.11705],[12.49912,50.11707],[12.49988,50.11681],[12.50263,50.11694],[12.50502,50.11661],[12.5059,50.11559],[12.50759,50.11424],[12.50798,50.11272],[12.50992,50.11221],[12.51354,50.11217],[12.51406,50.11233],[12.51373,50.11271],[12.51554,50.11354],[12.51627,50.11335],[12.5166,50.11264],[12.51689,50.11266],[12.5171,50.11317],[12.51694,50.1141],[12.51752,50.11478],[12.51841,50.11499],[12.52053,50.1122],[12.51974,50.11196],[12.51906,50.11221],[12.51827,50.11211],[12.51798,50.11111],[12.51975,50.11161],[12.51981,50.1113],[12.52047,50.11137],[12.52199,50.11059],[12.52246,50.10978],[12.52265,50.10985],[12.5233,50.10899],[12.52301,50.10605],[12.52816,50.104],[12.53019,50.10375],[12.52912,50.10259],[12.52907,50.10185],[12.52715,50.10145],[12.52354,50.1014],[12.51883,50.10168],[12.51938,50.10079],[12.51891,50.09988],[12.51598,50.09725],[12.51393,50.09649],[12.51106,50.09486],[12.50864,50.09293],[12.50572,50.09184],[12.50604,50.09552],[12.504,50.09577],[12.5041,50.09608],[12.50322,50.0962],[12.50336,50.09679],[12.5017,50.09712],[12.50179,50.0974],[12.49987,50.09799],[12.49978,50.09776],[12.49939,50.09778],[12.4982,50.09805],[12.49819,50.09777],[12.49967,50.0975],[12.4983,50.09745],[12.49822,50.09671],[12.49632,50.09679],[12.49621,50.0962],[12.4935,50.09651],[12.4932,50.09628],[12.49605,50.09473],[12.49472,50.09361],[12.49427,50.09287],[12.49582,50.09275],[12.4959,50.09321],[12.49612,50.09328],[12.49637,50.09313],[12.49644,50.09266],[12.49741,50.09255],[12.49736,50.09214],[12.49694,50.09208],[12.49796,50.09091],[12.49602,50.09037],[12.49646,50.08904],[12.4951,50.08911],[12.4934,50.0885],[12.49272,50.08754],[12.49222,50.08728],[12.48832,50.08702],[12.48773,50.08676],[12.48576,50.08728],[12.48491,50.08724],[12.4838,50.08769],[12.48346,50.08808],[12.48369,50.08863],[12.4833,50.08892],[12.48189,50.08908],[12.48151,50.08941],[12.48093,50.08941],[12.48103,50.08914],[12.48049,50.08928],[12.48038,50.08972],[12.47951,50.08992],[12.47924,50.09031],[12.47817,50.09079],[12.47795,50.09138],[12.47746,50.09172],[12.4773,50.09127],[12.47672,50.09078],[12.47581,50.09054],[12.47503,50.08993],[12.47458,50.08917],[12.47469,50.08851],[12.47554,50.08752],[12.47921,50.08567],[12.47976,50.08499],[12.47733,50.08509],[12.46801,50.08429],[12.46476,50.08446],[12.46508,50.08429]]]}},{"type":"Feature","properties":{"name":"554634"},"geometry":{"type":"Polygon","coordinates":[[[12.42537,50.23708],[12.42572,50.23662],[12.42581,50.23595],[12.42432,50.23503],[12.42315,50.23527],[12.4172,50.23155],[12.4159,50.2302],[12.41529,50.22819],[12.41383,50.22669],[12.41332,50.22706],[12.41108,50.22614],[12.40688,50.22557],[12.40629,50.22602],[12.40665,50.22631],[12.40672,50.2272],[12.40633,50.2286],[12.40649,50.22871],[12.40583,50.2296],[12.40403,50.23038],[12.40389,50.23022],[12.40338,50.23032],[12.40222,50.23158],[12.40175,50.23254],[12.39952,50.23318],[12.39812,50.23532],[12.39737,50.23704],[12.39648,50.23808],[12.39642,50.23876],[12.39772,50.2405],[12.39541,50.24118],[12.38797,50.24247],[12.38709,50.24186],[12.38546,50.24324],[12.38241,50.24509],[12.38232,50.24477],[12.38026,50.24452],[12.38031,50.24401],[12.37969,50.24376],[12.37661,50.2436],[12.37497,50.24329],[12.37378,50.24553],[12.37333,50.24599],[12.37288,50.24583],[12.37261,50.24607],[12.37142,50.24779],[12.36574,50.24568],[12.36439,50.24583],[12.36279,50.24673],[12.36126,50.24654],[12.35996,50.24704],[12.35842,50.24678],[12.35734,50.24578],[12.35657,50.24545],[12.35581,50.24687],[12.35492,50.24742],[12.35476,50.24833],[12.35351,50.24915],[12.35242,50.25056],[12.35207,50.25057],[12.35224,50.25064],[12.35186,50.25108],[12.35198,50.25155],[12.35159,50.25167],[12.3504,50.25354],[12.35095,50.25381],[12.35083,50.2542],[12.35115,50.25543],[12.35186,50.2567],[12.35194,50.25787],[12.35182,50.25825],[12.35163,50.25823],[12.35199,50.25887],[12.35193,50.25957],[12.35222,50.2599],[12.35201,50.26126],[12.35281,50.26241],[12.35267,50.26278],[12.35325,50.26297],[12.35331,50.26328],[12.35557,50.26443],[12.35655,50.26454],[12.3569,50.26482],[12.35753,50.26602],[12.35842,50.2669],[12.35892,50.26846],[12.36006,50.2693],[12.36147,50.26978],[12.3617,50.27022],[12.36163,50.27082],[12.36095,50.27155],[12.36027,50.27316],[12.35973,50.27365],[12.36511,50.28054],[12.36657,50.28141],[12.3691,50.28151],[12.37076,50.28523],[12.37123,50.28549],[12.37567,50.28648],[12.37986,50.28772],[12.38115,50.28866],[12.38244,50.28911],[12.38389,50.28822],[12.38587,50.28802],[12.38946,50.28635],[12.39142,50.28484],[12.39211,50.28293],[12.39513,50.28137],[12.39993,50.27981],[12.40389,50.27797],[12.40698,50.27707],[12.41109,50.27513],[12.41503,50.27399],[12.41393,50.27242],[12.41384,50.26972],[12.41422,50.26952],[12.41575,50.26993],[12.41542,50.26786],[12.4155,50.26708],[12.41593,50.26658],[12.41806,50.26685],[12.41791,50.26767],[12.41725,50.26851],[12.4196,50.26956],[12.41778,50.27083],[12.41745,50.27134],[12.41806,50.27141],[12.4177,50.27163],[12.41767,50.27192],[12.41804,50.27217],[12.41897,50.27165],[12.41991,50.27269],[12.42052,50.27239],[12.42089,50.27254],[12.42143,50.27284],[12.42226,50.27434],[12.42587,50.27662],[12.42734,50.27729],[12.42838,50.27673],[12.42669,50.27527],[12.42695,50.27503],[12.42678,50.27485],[12.4248,50.27391],[12.42474,50.27332],[12.42398,50.27283],[12.423,50.27161],[12.42223,50.27123],[12.42275,50.27113],[12.42425,50.27213],[12.42685,50.27199],[12.42924,50.27252],[12.42995,50.27205],[12.43035,50.27141],[12.43169,50.27162],[12.43251,50.27143],[12.43489,50.272],[12.43579,50.27081],[12.43854,50.26847],[12.43987,50.2678],[12.44302,50.26693],[12.44498,50.26586],[12.44632,50.26467],[12.44734,50.26336],[12.44956,50.26331],[12.44971,50.26264],[12.4503,50.2621],[12.45067,50.26199],[12.4521,50.26255],[12.45449,50.26266],[12.4573,50.26336],[12.4583,50.26386],[12.45942,50.26343],[12.46146,50.26145],[12.46257,50.26079],[12.46395,50.26045],[12.46512,50.26065],[12.46705,50.26051],[12.47004,50.25962],[12.47062,50.25915],[12.47065,50.25827],[12.47037,50.25795],[12.46797,50.25752],[12.46707,50.25665],[12.46703,50.25555],[12.46608,50.25408],[12.46598,50.25311],[12.46641,50.25297],[12.46713,50.25163],[12.46796,50.25097],[12.46843,50.25098],[12.46824,50.25079],[12.46881,50.25001],[12.46812,50.24979],[12.46821,50.2489],[12.46945,50.24836],[12.46905,50.24794],[12.46961,50.24781],[12.46991,50.24701],[12.47065,50.24692],[12.4704,50.24666],[12.4706,50.24626],[12.4731,50.24472],[12.47232,50.24431],[12.47062,50.24486],[12.46999,50.24537],[12.46914,50.24737],[12.46829,50.24828],[12.46708,50.2488],[12.46784,50.24937],[12.46683,50.24944],[12.46506,50.25002],[12.46466,50.24995],[12.46476,50.24959],[12.46321,50.24902],[12.46199,50.24891],[12.46162,50.24911],[12.46153,50.24813],[12.46225,50.24672],[12.46218,50.24619],[12.46107,50.24575],[12.4596,50.24582],[12.45727,50.24531],[12.457,50.24491],[12.45605,50.24435],[12.45459,50.2426],[12.45258,50.24155],[12.44909,50.2408],[12.4485,50.2409],[12.44828,50.24158],[12.44901,50.24239],[12.44189,50.2416],[12.44022,50.24169],[12.43718,50.24023],[12.4341,50.23977],[12.43366,50.24003],[12.43372,50.24065],[12.43171,50.24057],[12.43069,50.24027],[12.42761,50.2379],[12.42698,50.23705],[12.42634,50.23746],[12.42589,50.23828],[12.42409,50.23785],[12.42537,50.23708]],[[12.38465,50.25866],[12.3847,50.25866],[12.38396,50.2587],[12.38465,50.25866]]]}},{"type":"Feature","properties":{"name":"538922"},"geometry":{"type":"Polygon","coordinates":[[[12.51256,50.0686],[12.50873,50.06824],[12.50904,50.06801],[12.5091,50.06751],[12.50677,50.06603],[12.50847,50.06467],[12.50804,50.06405],[12.50804,50.063],[12.50278,50.0605],[12.49924,50.06256],[12.49643,50.06141],[12.49732,50.0605],[12.49621,50.06005],[12.4964,50.05969],[12.49475,50.05899],[12.51393,50.04828],[12.51678,50.04624],[12.51482,50.04474],[12.51095,50.04414],[12.50575,50.04493],[12.50278,50.0461],[12.50249,50.04571],[12.50109,50.04589],[12.50099,50.04611],[12.49787,50.04627],[12.49493,50.04685],[12.48601,50.04618],[12.48379,50.0455],[12.48171,50.04532],[12.48095,50.04648],[12.48119,50.04782],[12.48018,50.04807],[12.47991,50.04954],[12.4783,50.05154],[12.47603,50.05149],[12.47563,50.05099],[12.47371,50.05085],[12.47185,50.0502],[12.46685,50.04942],[12.46601,50.05196],[12.46503,50.05319],[12.46278,50.05457],[12.45801,50.05631],[12.46132,50.05836],[12.46253,50.05855],[12.46398,50.05839],[12.4636,50.0597],[12.46387,50.06048],[12.4662,50.06159],[12.46753,50.06292],[12.46805,50.06551],[12.46866,50.06666],[12.47036,50.06679],[12.47717,50.06537],[12.47925,50.0644],[12.4806,50.06282],[12.48219,50.06323],[12.48069,50.06588],[12.48011,50.06638],[12.47714,50.06755],[12.47637,50.06832],[12.47557,50.06867],[12.47389,50.06909],[12.47345,50.06894],[12.47157,50.0704],[12.47253,50.07026],[12.47251,50.07077],[12.47347,50.07184],[12.47367,50.07324],[12.47586,50.07601],[12.47677,50.07658],[12.47761,50.07657],[12.47783,50.07679],[12.47976,50.07716],[12.48141,50.07677],[12.48119,50.07716],[12.48025,50.07768],[12.48115,50.07925],[12.48148,50.07938],[12.48124,50.07963],[12.48122,50.08021],[12.48289,50.08059],[12.48305,50.08082],[12.48481,50.07865],[12.48576,50.07807],[12.48613,50.07827],[12.48816,50.07704],[12.49122,50.07934],[12.49445,50.08137],[12.49899,50.08332],[12.50069,50.0827],[12.50256,50.08279],[12.50583,50.08243],[12.50939,50.08152],[12.51123,50.07701],[12.51336,50.07617],[12.5177,50.07666],[12.51899,50.07517],[12.51901,50.07417],[12.51977,50.07367],[12.51934,50.07117],[12.51747,50.07075],[12.5174,50.07023],[12.51256,50.0686]]]}},{"type":"Feature","properties":{"name":"554618"},"geometry":{"type":"Polygon","coordinates":[[[12.24606,50.10023],[12.24524,50.09939],[12.24281,50.09771],[12.242,50.09754],[12.2411,50.09682],[12.24054,50.09669],[12.24036,50.09627],[12.23925,50.09627],[12.2387,50.09586],[12.23728,50.0958],[12.23656,50.09488],[12.23585,50.09461],[12.23228,50.09428],[12.23104,50.09466],[12.23093,50.09554],[12.23034,50.09652],[12.2296,50.0966],[12.22855,50.09634],[12.22785,50.09661],[12.22744,50.09721],[12.22745,50.0977],[12.22803,50.09875],[12.22815,50.09997],[12.22927,50.10066],[12.22913,50.10159],[12.22949,50.10189],[12.22874,50.10251],[12.22629,50.10245],[12.22417,50.10277],[12.22133,50.10404],[12.21799,50.10248],[12.21574,50.10297],[12.21421,50.10277],[12.21152,50.1018],[12.21055,50.10181],[12.20873,50.10278],[12.20814,50.10403],[12.20786,50.10547],[12.2064,50.10705],[12.20471,50.10764],[12.20347,50.10855],[12.20088,50.10882],[12.20072,50.109],[12.20096,50.1098],[12.19964,50.11095],[12.19967,50.11188],[12.20064,50.11243],[12.20048,50.11306],[12.20081,50.11341],[12.20086,50.11405],[12.20209,50.1147],[12.20266,50.11548],[12.20239,50.11613],[12.20159,50.11679],[12.20047,50.11689],[12.19964,50.11743],[12.19916,50.11818],[12.19968,50.1189],[12.19964,50.1194],[12.19907,50.12025],[12.19816,50.12087],[12.19676,50.12265],[12.19672,50.12301],[12.19642,50.12302],[12.19677,50.12516],[12.19743,50.12633],[12.19656,50.12745],[12.19722,50.13089],[12.19689,50.1318],[12.19615,50.13284],[12.19749,50.13569],[12.19467,50.13779],[12.19524,50.14329],[12.1986,50.14386],[12.20043,50.14591],[12.2037,50.14582],[12.20349,50.14605],[12.20436,50.14621],[12.2073,50.14564],[12.20781,50.1458],[12.20907,50.14562],[12.20953,50.14531],[12.21013,50.14583],[12.21118,50.14584],[12.21135,50.14521],[12.21356,50.14461],[12.21626,50.14422],[12.21563,50.14472],[12.2163,50.14532],[12.21679,50.14525],[12.21701,50.14562],[12.21734,50.14552],[12.21708,50.14475],[12.21911,50.14428],[12.21885,50.14343],[12.21995,50.14299],[12.22026,50.14234],[12.22072,50.14221],[12.22233,50.14278],[12.22336,50.14271],[12.22543,50.1414],[12.22731,50.14165],[12.22753,50.14203],[12.22743,50.14245],[12.23184,50.14207],[12.23474,50.1421],[12.23507,50.14323],[12.23603,50.1428],[12.23765,50.14265],[12.23931,50.14209],[12.23929,50.14259],[12.24226,50.14271],[12.24239,50.14295],[12.24211,50.14351],[12.24253,50.14375],[12.24261,50.14422],[12.24465,50.14426],[12.24508,50.14366],[12.24415,50.14232],[12.24475,50.14209],[12.2453,50.14279],[12.24537,50.14338],[12.24918,50.14438],[12.24925,50.14492],[12.25013,50.14418],[12.25085,50.14445],[12.25071,50.14411],[12.25167,50.14499],[12.25171,50.14589],[12.25682,50.1366],[12.25929,50.136],[12.25814,50.1346],[12.25571,50.13505],[12.25416,50.13452],[12.25375,50.13293],[12.25498,50.13274],[12.25741,50.13127],[12.25802,50.13223],[12.25885,50.13276],[12.26025,50.13241],[12.26046,50.13068],[12.26017,50.13017],[12.26281,50.1297],[12.26268,50.12938],[12.26308,50.12913],[12.26555,50.12844],[12.26659,50.12742],[12.26731,50.12712],[12.26931,50.12467],[12.26941,50.12428],[12.27267,50.12397],[12.27671,50.12243],[12.28894,50.12212],[12.29522,50.12038],[12.29647,50.11955],[12.29809,50.1189],[12.29845,50.11838],[12.29945,50.11791],[12.29977,50.11798],[12.29961,50.11764],[12.29865,50.11738],[12.29854,50.1163],[12.29374,50.11296],[12.29582,50.11228],[12.29572,50.11206],[12.29616,50.11164],[12.29294,50.10953],[12.29129,50.1076],[12.29018,50.1071],[12.28932,50.10631],[12.28903,50.10559],[12.28784,50.10501],[12.28724,50.10425],[12.2875,50.10375],[12.28582,50.10358],[12.28461,50.10402],[12.28433,50.10443],[12.28456,50.10566],[12.28481,50.10595],[12.28336,50.10546],[12.28322,50.10644],[12.28343,50.10755],[12.28297,50.10778],[12.28001,50.10782],[12.27974,50.10384],[12.2794,50.10234],[12.27837,50.10136],[12.27641,50.1001],[12.276,50.09912],[12.27416,50.09879],[12.27235,50.09764],[12.26833,50.09736],[12.26492,50.09827],[12.26531,50.09907],[12.2651,50.10008],[12.26313,50.10071],[12.2586,50.10112],[12.25354,50.10204],[12.24898,50.1013],[12.24606,50.10023]]]}},{"type":"Feature","properties":{"name":"537969"},"geometry":{"type":"Polygon","coordinates":[[[12.88046,50.26615],[12.88092,50.26518],[12.88192,50.26482],[12.88374,50.26476],[12.88422,50.26498],[12.88744,50.26462],[12.88821,50.26394],[12.8881,50.26312],[12.88973,50.2628],[12.89119,50.26209],[12.88942,50.26062],[12.88976,50.25984],[12.89072,50.25898],[12.89049,50.25858],[12.88732,50.25743],[12.88652,50.25682],[12.88575,50.25557],[12.88407,50.25415],[12.88434,50.25382],[12.8841,50.25296],[12.88391,50.25298],[12.88394,50.25087],[12.8829,50.25045],[12.87999,50.24988],[12.87508,50.24983],[12.87385,50.24956],[12.87069,50.24767],[12.8684,50.24834],[12.86738,50.24751],[12.86554,50.24679],[12.86469,50.24797],[12.8654,50.24836],[12.86437,50.24939],[12.86386,50.24937],[12.86054,50.25227],[12.85957,50.25412],[12.858,50.25441],[12.85615,50.25525],[12.85618,50.25551],[12.85647,50.25561],[12.85622,50.2566],[12.8567,50.25764],[12.85386,50.25786],[12.85229,50.2585],[12.85255,50.25877],[12.85292,50.25867],[12.85457,50.25926],[12.85451,50.26074],[12.85608,50.26088],[12.85595,50.26115],[12.85259,50.26293],[12.85506,50.26419],[12.8534,50.26524],[12.8524,50.26652],[12.85273,50.26689],[12.85195,50.26745],[12.85278,50.26772],[12.85356,50.26757],[12.85304,50.26807],[12.85365,50.26797],[12.85427,50.26987],[12.85544,50.27002],[12.85819,50.2697],[12.85903,50.2699],[12.85936,50.26965],[12.86108,50.26952],[12.8617,50.26909],[12.86279,50.26921],[12.86393,50.26881],[12.86392,50.2684],[12.86439,50.26836],[12.86493,50.26756],[12.86608,50.26765],[12.86809,50.2665],[12.86957,50.26727],[12.87188,50.26743],[12.87215,50.26718],[12.87422,50.26663],[12.87586,50.267],[12.87646,50.26652],[12.8773,50.26664],[12.8787,50.2664],[12.87932,50.26665],[12.8799,50.26621],[12.88046,50.26615]]]}},{"type":"Feature","properties":{"name":"500127"},"geometry":{"type":"Polygon","coordinates":[[[13.01312,50.21107],[13.0123,50.20972],[13.01187,50.20826],[13.0102,50.20745],[13.0089,50.20513],[13.00772,50.2044],[13.00687,50.20339],[13.00594,50.20309],[13.00545,50.20266],[13.00539,50.20242],[13.00607,50.20138],[13.00604,50.20072],[13.00574,50.19982],[13.00522,50.19945],[13.00467,50.19854],[13.00467,50.19755],[13.00516,50.19666],[13.00639,50.19634],[13.00756,50.19638],[13.00701,50.19584],[13.00423,50.19498],[13.00246,50.19506],[13.0014,50.1956],[13.00153,50.1969],[13.00058,50.1973],[13.00026,50.19829],[12.99857,50.19842],[12.99873,50.19928],[12.99919,50.19982],[12.999,50.1999],[12.99394,50.20023],[12.98645,50.20015],[12.98645,50.19953],[12.98546,50.19702],[12.98512,50.19704],[12.98505,50.19665],[12.98408,50.19667],[12.98375,50.19605],[12.98298,50.19623],[12.98237,50.19687],[12.98068,50.19713],[12.97935,50.19781],[12.97665,50.19806],[12.97434,50.19953],[12.97358,50.20069],[12.97288,50.2008],[12.97299,50.20141],[12.97254,50.20244],[12.97284,50.20278],[12.97276,50.2033],[12.97462,50.20525],[12.97464,50.20593],[12.97512,50.20664],[12.97434,50.20745],[12.97382,50.20757],[12.97391,50.20824],[12.97449,50.20885],[12.97518,50.20879],[12.97595,50.20905],[12.97552,50.20939],[12.97587,50.2099],[12.97564,50.21064],[12.97613,50.21132],[12.9757,50.21177],[12.97607,50.21232],[12.97602,50.21294],[12.97593,50.21322],[12.97538,50.21335],[12.97529,50.21384],[12.97466,50.2142],[12.97519,50.21488],[12.9749,50.21541],[12.97535,50.21557],[12.97511,50.21644],[12.97559,50.21685],[12.97604,50.21801],[12.97661,50.2184],[12.97795,50.21868],[12.97833,50.21903],[12.98026,50.21962],[12.98144,50.22048],[12.98168,50.22332],[12.98283,50.22454],[12.98328,50.22548],[12.98461,50.22573],[12.98538,50.22627],[12.98687,50.22663],[12.98754,50.22733],[12.98838,50.22748],[12.98837,50.22792],[12.98922,50.22884],[12.99154,50.22947],[12.992,50.23006],[12.99263,50.23032],[12.99253,50.23063],[12.99283,50.23145],[12.99252,50.23223],[12.99272,50.23276],[12.99265,50.23306],[12.99128,50.23354],[12.99148,50.23521],[12.99107,50.23607],[12.99139,50.23634],[12.99123,50.23651],[12.99331,50.23547],[12.99416,50.23598],[12.99641,50.23581],[12.99813,50.23611],[12.99721,50.23643],[12.9972,50.23665],[12.99548,50.23704],[12.99512,50.23708],[12.99478,50.23662],[12.99389,50.2365],[12.99231,50.23713],[12.99045,50.23955],[12.99065,50.23965],[12.99005,50.24052],[12.99004,50.24088],[12.9909,50.24177],[12.99182,50.24222],[12.99176,50.24324],[12.9927,50.24335],[12.99339,50.24372],[12.993,50.24407],[12.99337,50.24513],[12.99524,50.24615],[12.99551,50.24714],[12.99521,50.24849],[12.99348,50.24913],[12.99244,50.25005],[12.99252,50.25218],[12.99361,50.25382],[12.99346,50.25468],[12.99477,50.25433],[12.99525,50.25472],[12.99635,50.25501],[12.99829,50.25517],[12.99862,50.25557],[12.9995,50.25585],[13.00042,50.2569],[13.00119,50.25578],[13.0019,50.25583],[13.00316,50.25726],[13.00588,50.25866],[13.00644,50.25957],[13.00861,50.26133],[13.00762,50.26137],[13.00554,50.26197],[13.00625,50.26421],[13.00591,50.26399],[13.00553,50.26427],[13.00749,50.26543],[13.0072,50.26554],[13.00622,50.265],[13.00308,50.26531],[13.00171,50.26653],[13.00086,50.26688],[13.00051,50.26668],[12.99881,50.26684],[12.99896,50.26844],[12.99936,50.26864],[13.00044,50.26857],[13.00187,50.26977],[13.00182,50.27051],[13.00074,50.27038],[13.00051,50.27119],[13.00003,50.27127],[13.00073,50.27243],[13.00096,50.27239],[13.00118,50.27292],[13.00255,50.27326],[13.00344,50.27412],[13.00456,50.27356],[13.00588,50.2741],[13.00687,50.27402],[13.01057,50.27313],[13.01213,50.27246],[13.01392,50.27233],[13.01677,50.27274],[13.01835,50.27344],[13.02953,50.27609],[13.03005,50.2756],[13.03282,50.27557],[13.03262,50.27496],[13.03152,50.27397],[13.03107,50.27263],[13.03061,50.27205],[13.02953,50.27147],[13.0296,50.27064],[13.03032,50.27058],[13.0306,50.27024],[13.02861,50.26951],[13.03009,50.26952],[13.03024,50.2686],[13.03166,50.26934],[13.03315,50.26964],[13.03528,50.26941],[13.03751,50.26999],[13.03945,50.27007],[13.03914,50.26911],[13.03954,50.26918],[13.03963,50.26901],[13.03991,50.26923],[13.04001,50.2683],[13.03965,50.26778],[13.03435,50.26628],[13.03085,50.26556],[13.02939,50.26647],[13.02817,50.26621],[13.02941,50.26531],[13.02726,50.26433],[13.02763,50.26333],[13.02707,50.26244],[13.02733,50.26198],[13.02732,50.26053],[13.02526,50.25984],[13.02526,50.2591],[13.02345,50.2585],[13.02311,50.25799],[13.02209,50.25743],[13.02211,50.25653],[13.0209,50.25458],[13.01843,50.25244],[13.01959,50.25035],[13.02233,50.24944],[13.02415,50.24839],[13.02691,50.24725],[13.02786,50.24649],[13.03075,50.24724],[13.03219,50.24597],[13.03188,50.24471],[13.03207,50.2445],[13.03499,50.24454],[13.03568,50.24422],[13.03629,50.24198],[13.03523,50.24148],[13.03508,50.24059],[13.03416,50.2394],[13.03115,50.23794],[13.03118,50.23658],[13.02967,50.2363],[13.0279,50.23528],[13.02723,50.23529],[13.0265,50.23412],[13.02572,50.23401],[13.02523,50.2336],[13.0251,50.23304],[13.0263,50.23242],[13.02608,50.23218],[13.02616,50.23168],[13.02676,50.23089],[13.02808,50.22998],[13.02769,50.22949],[13.02711,50.22943],[13.02655,50.22901],[13.02637,50.22844],[13.0266,50.22797],[13.02576,50.22783],[13.02561,50.22733],[13.02607,50.22715],[13.02605,50.22671],[13.02645,50.22651],[13.02598,50.22603],[13.02814,50.22517],[13.02738,50.22441],[13.02588,50.22433],[13.02527,50.22387],[13.02552,50.2232],[13.02697,50.22257],[13.02669,50.22213],[13.02676,50.22147],[13.02548,50.22002],[13.02421,50.21985],[13.02307,50.21869],[13.02279,50.21759],[13.02343,50.21506],[13.02099,50.21404],[13.02189,50.21243],[13.01722,50.21188],[13.01397,50.21194],[13.01312,50.21107]]]}},{"type":"Feature","properties":{"name":"539619"},"geometry":{"type":"Polygon","coordinates":[[[12.52821,50.0939],[12.52798,50.09342],[12.52828,50.09285],[12.5306,50.09164],[12.53081,50.09097],[12.53041,50.08999],[12.53086,50.08955],[12.53309,50.08879],[12.53806,50.08906],[12.5387,50.08737],[12.5389,50.08549],[12.53827,50.08494],[12.53808,50.0836],[12.53208,50.0852],[12.53093,50.08476],[12.53055,50.08343],[12.5316,50.08305],[12.53146,50.08259],[12.52934,50.08254],[12.52832,50.08297],[12.52594,50.0831],[12.52454,50.08279],[12.52165,50.0828],[12.52042,50.08246],[12.52054,50.08124],[12.521,50.08057],[12.52127,50.07948],[12.52223,50.07975],[12.52348,50.07961],[12.52361,50.07926],[12.52442,50.07948],[12.52532,50.07819],[12.52024,50.07739],[12.51634,50.07643],[12.51336,50.07617],[12.51123,50.07701],[12.50939,50.08152],[12.50583,50.08243],[12.50256,50.08279],[12.50069,50.0827],[12.49899,50.08332],[12.49445,50.08137],[12.49122,50.07934],[12.48816,50.07704],[12.48613,50.07827],[12.48576,50.07807],[12.48481,50.07865],[12.48305,50.08082],[12.48289,50.08059],[12.48141,50.08035],[12.48115,50.08054],[12.48152,50.08069],[12.48144,50.08095],[12.47978,50.08264],[12.47986,50.08489],[12.47955,50.08539],[12.47554,50.08752],[12.47482,50.08826],[12.47456,50.08905],[12.47521,50.09012],[12.47672,50.09078],[12.4773,50.09127],[12.47746,50.09172],[12.47795,50.09138],[12.47817,50.09079],[12.47924,50.09031],[12.47951,50.08992],[12.48038,50.08972],[12.48049,50.08928],[12.48103,50.08914],[12.48093,50.08941],[12.48151,50.08941],[12.48189,50.08908],[12.4833,50.08892],[12.48369,50.08863],[12.48346,50.08808],[12.4838,50.08769],[12.48491,50.08724],[12.48576,50.08728],[12.48773,50.08676],[12.48832,50.08702],[12.49222,50.08728],[12.49272,50.08754],[12.4934,50.0885],[12.4951,50.08911],[12.49646,50.08904],[12.49602,50.09037],[12.49796,50.09091],[12.49694,50.09208],[12.49736,50.09214],[12.49741,50.09255],[12.49644,50.09266],[12.49637,50.09313],[12.49612,50.09328],[12.4959,50.09321],[12.49582,50.09275],[12.49427,50.09287],[12.49472,50.09361],[12.49605,50.09473],[12.4932,50.09628],[12.4935,50.09651],[12.49621,50.0962],[12.49632,50.09679],[12.49822,50.09671],[12.4983,50.09745],[12.49967,50.0975],[12.49819,50.09777],[12.4982,50.09805],[12.49939,50.09778],[12.49978,50.09776],[12.49987,50.09799],[12.50179,50.0974],[12.5017,50.09712],[12.50336,50.09679],[12.50322,50.0962],[12.5041,50.09608],[12.504,50.09577],[12.50604,50.09552],[12.50572,50.09184],[12.50864,50.09293],[12.51106,50.09486],[12.51393,50.09649],[12.51598,50.09725],[12.51891,50.09988],[12.51938,50.10079],[12.51883,50.10168],[12.52603,50.10135],[12.52907,50.10185],[12.52907,50.10103],[12.52825,50.10014],[12.52786,50.10006],[12.52936,50.09907],[12.52857,50.09857],[12.52876,50.09728],[12.5272,50.09709],[12.52735,50.09663],[12.52653,50.09616],[12.5263,50.09575],[12.52661,50.09545],[12.5286,50.09527],[12.52905,50.09441],[12.52802,50.09414],[12.52821,50.0939]]]}},{"type":"Feature","properties":{"name":"578045"},"geometry":{"type":"Polygon","coordinates":[[[13.02523,50.32387],[13.02475,50.32045],[13.02496,50.31948],[13.02403,50.31932],[13.02393,50.31755],[13.02283,50.31752],[13.02284,50.31684],[13.02119,50.31704],[13.01981,50.31647],[13.01796,50.31787],[13.01641,50.31803],[13.01517,50.31944],[13.0144,50.31974],[13.01393,50.3206],[13.0139,50.32171],[13.01368,50.32195],[13.0114,50.32155],[13.00979,50.32237],[13.00962,50.3227],[13.00417,50.32528],[13.00312,50.32641],[12.99943,50.32887],[12.99868,50.32982],[12.99868,50.33163],[12.99888,50.33202],[12.99815,50.3329],[12.99809,50.33328],[12.99964,50.3341],[12.99943,50.33464],[12.99904,50.33474],[12.99987,50.33577],[12.99937,50.33693],[12.99874,50.33752],[12.99572,50.33863],[12.99522,50.33992],[12.99404,50.33991],[12.99286,50.34044],[12.99064,50.34078],[12.99029,50.3413],[12.98917,50.34179],[12.98817,50.34356],[12.98816,50.34411],[12.98762,50.34431],[12.98706,50.34528],[12.98645,50.34508],[12.98572,50.34598],[12.9857,50.34701],[12.98591,50.34739],[12.98558,50.34782],[12.98574,50.34804],[12.98559,50.34872],[12.98511,50.3491],[12.9849,50.35002],[12.98296,50.35141],[12.98042,50.35419],[12.97921,50.354],[12.97862,50.3535],[12.97767,50.355],[12.978,50.35501],[12.97801,50.35573],[12.97684,50.35634],[12.97517,50.35655],[12.97409,50.35824],[12.97436,50.359],[12.97414,50.35974],[12.97447,50.35994],[12.97404,50.3611],[12.97212,50.36016],[12.97278,50.35828],[12.97099,50.35795],[12.96891,50.35721],[12.96978,50.35906],[12.96953,50.36003],[12.9716,50.36209],[12.97266,50.3628],[12.97456,50.36527],[12.97177,50.36578],[12.97149,50.36516],[12.97009,50.36597],[12.96553,50.3657],[12.96506,50.36433],[12.96514,50.36232],[12.96492,50.36173],[12.96398,50.36287],[12.96269,50.36295],[12.96294,50.36528],[12.95859,50.36494],[12.95767,50.36515],[12.95808,50.36554],[12.9592,50.36862],[12.96014,50.36877],[12.9618,50.37048],[12.96328,50.37116],[12.96485,50.37122],[12.96687,50.37191],[12.9679,50.37164],[12.96918,50.37208],[12.97195,50.37134],[12.97279,50.37085],[12.97374,50.36926],[12.97406,50.36908],[12.97521,50.36896],[12.97688,50.36979],[12.97449,50.3724],[12.97497,50.37555],[12.97364,50.3781],[12.97433,50.37983],[12.97497,50.38057],[12.97784,50.38202],[12.97888,50.38295],[12.97884,50.38358],[12.97693,50.38674],[12.97625,50.38752],[12.97442,50.38877],[12.97438,50.38941],[12.98802,50.39347],[12.99027,50.39313],[12.99178,50.39159],[12.99453,50.39119],[12.99778,50.39308],[12.99752,50.39289],[12.99736,50.39194],[12.99614,50.39082],[13.0109,50.3938],[13.01166,50.39359],[13.01234,50.39295],[13.01296,50.39106],[13.01236,50.38773],[13.01303,50.38709],[13.01331,50.38616],[13.01327,50.38505],[13.01259,50.38261],[13.01317,50.38131],[13.01308,50.38056],[13.01449,50.38054],[13.01476,50.38011],[13.01568,50.38061],[13.01586,50.38046],[13.01568,50.37887],[13.01531,50.37816],[13.01556,50.37401],[13.0182,50.37079],[13.01856,50.36979],[13.01856,50.36943],[13.01826,50.36915],[13.0187,50.36847],[13.01862,50.36801],[13.01985,50.36682],[13.02146,50.36577],[13.02147,50.36522],[13.02077,50.36367],[13.02069,50.36259],[13.02033,50.36227],[13.01983,50.36095],[13.01936,50.36065],[13.01951,50.35968],[13.01933,50.35913],[13.01963,50.35865],[13.01967,50.35799],[13.01933,50.35664],[13.01983,50.35497],[13.02115,50.35417],[13.02234,50.35394],[13.02108,50.35359],[13.02111,50.35337],[13.02138,50.35296],[13.0219,50.35292],[13.02237,50.35218],[13.02354,50.35129],[13.02358,50.35062],[13.02234,50.35],[13.02259,50.34978],[13.02223,50.34913],[13.02418,50.34888],[13.02733,50.34798],[13.02754,50.3472],[13.02916,50.34592],[13.03176,50.34562],[13.03272,50.34523],[13.0332,50.3443],[13.03316,50.34309],[13.03516,50.3422],[13.03607,50.34132],[13.03563,50.34111],[13.03573,50.34079],[13.03491,50.33869],[13.03344,50.33753],[13.03453,50.33695],[13.03456,50.33663],[13.03289,50.33497],[13.03376,50.33411],[13.0348,50.33406],[13.03552,50.33362],[13.03591,50.3329],[13.03554,50.33247],[13.03561,50.33198],[13.03616,50.33149],[13.0345,50.33185],[13.0322,50.33105],[13.0317,50.33049],[13.03225,50.33034],[13.03056,50.32898],[13.02987,50.32797],[13.02932,50.32801],[13.02789,50.32568],[13.02548,50.3244],[13.02523,50.32387]]]}},{"type":"Feature","properties":{"name":"560651"},"geometry":{"type":"Polygon","coordinates":[[[12.56025,50.36041],[12.56577,50.35924],[12.56505,50.35851],[12.56505,50.35765],[12.56462,50.35694],[12.56482,50.35623],[12.56455,50.35546],[12.56486,50.35539],[12.56554,50.35369],[12.56492,50.35125],[12.56455,50.35111],[12.56474,50.35097],[12.56468,50.35055],[12.56617,50.34935],[12.56686,50.34812],[12.56745,50.34757],[12.56857,50.34683],[12.5705,50.34604],[12.57149,50.34527],[12.57172,50.34439],[12.57208,50.34406],[12.57163,50.34334],[12.57169,50.34268],[12.5729,50.34153],[12.57367,50.33992],[12.57438,50.33937],[12.57457,50.33855],[12.57413,50.33742],[12.57434,50.33663],[12.57397,50.33422],[12.57407,50.33281],[12.57366,50.33202],[12.57356,50.33089],[12.5745,50.32988],[12.57488,50.32984],[12.57492,50.32903],[12.57539,50.32837],[12.57537,50.32762],[12.57456,50.32618],[12.574,50.32604],[12.57372,50.32548],[12.57294,50.32488],[12.57282,50.32359],[12.57338,50.32266],[12.57326,50.32218],[12.57401,50.32008],[12.57348,50.3193],[12.57393,50.31835],[12.57688,50.31684],[12.57667,50.31647],[12.57466,50.31612],[12.57369,50.31557],[12.57271,50.3157],[12.57227,50.31472],[12.57156,50.31431],[12.57138,50.31458],[12.57041,50.31447],[12.56958,50.31485],[12.56898,50.3148],[12.56844,50.31436],[12.56868,50.31388],[12.56833,50.31361],[12.56874,50.31323],[12.56823,50.31279],[12.56496,50.31187],[12.5649,50.3116],[12.56395,50.31116],[12.56254,50.31082],[12.56176,50.31095],[12.56167,50.31154],[12.5607,50.31204],[12.56014,50.31282],[12.55948,50.3128],[12.55818,50.31342],[12.55726,50.31357],[12.5562,50.31456],[12.55523,50.31495],[12.55488,50.31609],[12.55505,50.31728],[12.55476,50.31845],[12.55457,50.31851],[12.55438,50.31743],[12.5536,50.31571],[12.55333,50.31631],[12.55275,50.31668],[12.5525,50.31752],[12.55169,50.31787],[12.55117,50.31724],[12.55056,50.31714],[12.55029,50.31776],[12.54945,50.31772],[12.54923,50.31807],[12.54601,50.3175],[12.54608,50.3183],[12.54572,50.31975],[12.54304,50.32057],[12.54044,50.32258],[12.53985,50.32367],[12.53971,50.32567],[12.53988,50.32665],[12.53908,50.32854],[12.53682,50.33143],[12.53723,50.33271],[12.53865,50.33417],[12.53883,50.33516],[12.53858,50.33643],[12.53869,50.33762],[12.53946,50.33952],[12.54025,50.34053],[12.54189,50.34166],[12.54226,50.34222],[12.54277,50.34316],[12.54322,50.34623],[12.54472,50.34802],[12.5436,50.34896],[12.53887,50.35105],[12.53059,50.35363],[12.52796,50.35186],[12.52563,50.35104],[12.52383,50.34669],[12.52396,50.34601],[12.52001,50.34541],[12.51993,50.34573],[12.51945,50.34586],[12.51757,50.34572],[12.51523,50.34701],[12.51609,50.34785],[12.51799,50.35085],[12.52079,50.3519],[12.52199,50.35197],[12.52333,50.35247],[12.52436,50.35373],[12.52376,50.3544],[12.52334,50.35453],[12.52357,50.355],[12.52358,50.35673],[12.52329,50.35795],[12.52207,50.35781],[12.52142,50.35946],[12.5209,50.3636],[12.51994,50.36694],[12.51993,50.36898],[12.51879,50.37103],[12.51862,50.37302],[12.51785,50.37486],[12.5177,50.37514],[12.51676,50.37495],[12.51579,50.3751],[12.5148,50.37637],[12.51554,50.37924],[12.51499,50.37882],[12.51521,50.37969],[12.51605,50.38089],[12.51642,50.38192],[12.51702,50.38255],[12.51814,50.38311],[12.51908,50.38446],[12.51914,50.38547],[12.52032,50.38615],[12.52036,50.38637],[12.51975,50.38703],[12.51967,50.38782],[12.51886,50.38863],[12.51926,50.38953],[12.51998,50.38986],[12.51979,50.39061],[12.51966,50.39077],[12.51893,50.3904],[12.51797,50.39156],[12.51757,50.39468],[12.51706,50.39563],[12.5161,50.39581],[12.51613,50.3964],[12.51521,50.39627],[12.51442,50.39724],[12.51688,50.39759],[12.52154,50.3967],[12.52392,50.39704],[12.52929,50.39713],[12.53167,50.39878],[12.53404,50.39991],[12.53602,50.39957],[12.53729,50.39983],[12.53786,50.39954],[12.53801,50.39914],[12.53909,50.39861],[12.54148,50.39878],[12.54216,50.39857],[12.54405,50.39905],[12.54511,50.40048],[12.54609,50.40101],[12.55054,50.39929],[12.5536,50.39898],[12.55465,50.39957],[12.55832,50.39947],[12.56383,50.40125],[12.57506,50.40348],[12.57708,50.40445],[12.58024,50.40726],[12.58367,50.40708],[12.58379,50.4051],[12.58318,50.40438],[12.58263,50.40306],[12.58345,50.39986],[12.5847,50.39843],[12.58571,50.39771],[12.58902,50.3929],[12.59136,50.39143],[12.59174,50.38748],[12.59022,50.38307],[12.59042,50.38212],[12.59167,50.38072],[12.59314,50.37765],[12.59353,50.37584],[12.59345,50.37361],[12.59399,50.36938],[12.59229,50.36859],[12.59206,50.36768],[12.5861,50.36875],[12.58342,50.36964],[12.58225,50.37044],[12.58066,50.37027],[12.57919,50.37048],[12.57276,50.36954],[12.56432,50.36545],[12.56293,50.36351],[12.56255,50.36239],[12.56137,50.36164],[12.56025,50.36041]]]}},{"type":"Feature","properties":{"name":"555398"},"geometry":{"type":"Polygon","coordinates":[[[12.80252,50.25396],[12.80436,50.25256],[12.80601,50.25],[12.80681,50.24942],[12.80402,50.24894],[12.80111,50.248],[12.79784,50.24729],[12.79617,50.24552],[12.79456,50.24498],[12.79256,50.24443],[12.78909,50.24407],[12.78746,50.24366],[12.78587,50.24262],[12.78641,50.24259],[12.78559,50.24244],[12.78471,50.24288],[12.78399,50.24294],[12.7835,50.24408],[12.78378,50.24457],[12.7835,50.24472],[12.78346,50.24526],[12.78085,50.24551],[12.77777,50.24661],[12.77771,50.24591],[12.77575,50.24542],[12.77512,50.24585],[12.77506,50.24601],[12.77721,50.24819],[12.7783,50.24863],[12.78144,50.24835],[12.78206,50.25018],[12.78298,50.25184],[12.78528,50.25239],[12.78489,50.25327],[12.78387,50.25372],[12.78284,50.25468],[12.7803,50.25506],[12.78038,50.2552],[12.77914,50.25562],[12.77869,50.25623],[12.77861,50.25709],[12.7786,50.25728],[12.7798,50.25774],[12.7805,50.25846],[12.78129,50.25813],[12.78303,50.25985],[12.78475,50.26073],[12.78497,50.26121],[12.78484,50.26186],[12.78432,50.2628],[12.78351,50.26318],[12.78204,50.26319],[12.7806,50.26248],[12.77951,50.26232],[12.77963,50.26304],[12.77934,50.26388],[12.77644,50.26616],[12.77582,50.26694],[12.77566,50.26752],[12.77519,50.26755],[12.77474,50.26821],[12.77332,50.26904],[12.76984,50.27047],[12.7697,50.27068],[12.76991,50.27084],[12.76954,50.27158],[12.76873,50.27206],[12.76753,50.27215],[12.76688,50.27245],[12.76665,50.27267],[12.76692,50.27293],[12.76545,50.27293],[12.76477,50.27382],[12.76368,50.27447],[12.76143,50.27732],[12.76118,50.27778],[12.76143,50.27883],[12.75973,50.27963],[12.75839,50.27982],[12.75512,50.28225],[12.75715,50.28384],[12.759,50.28476],[12.75972,50.28537],[12.7584,50.28729],[12.75743,50.28781],[12.75605,50.28815],[12.75573,50.28874],[12.75433,50.28964],[12.75424,50.29059],[12.75349,50.29195],[12.75269,50.29283],[12.74942,50.29459],[12.75067,50.29399],[12.75173,50.29455],[12.75386,50.29508],[12.7552,50.29453],[12.75579,50.29402],[12.75617,50.29253],[12.75706,50.29224],[12.75815,50.2894],[12.76184,50.28754],[12.76159,50.28712],[12.76225,50.28598],[12.7647,50.28469],[12.76689,50.28548],[12.76897,50.28559],[12.77074,50.28348],[12.77089,50.28301],[12.77301,50.28228],[12.77319,50.28163],[12.77471,50.28037],[12.77574,50.28029],[12.7757,50.28108],[12.77594,50.2816],[12.77637,50.28198],[12.77766,50.28223],[12.77778,50.28287],[12.77832,50.2836],[12.78047,50.28249],[12.78274,50.28231],[12.78504,50.28089],[12.78729,50.2815],[12.78745,50.28246],[12.78921,50.28225],[12.79011,50.28279],[12.7916,50.28323],[12.79416,50.28125],[12.79703,50.28022],[12.80095,50.27774],[12.8051,50.2772],[12.80819,50.27771],[12.80853,50.27735],[12.80891,50.27734],[12.80916,50.27761],[12.81256,50.27824],[12.8139,50.27804],[12.814,50.27829],[12.82061,50.27857],[12.82104,50.27914],[12.82193,50.27918],[12.82191,50.27861],[12.82342,50.27883],[12.82356,50.27911],[12.8242,50.2789],[12.82982,50.28063],[12.83118,50.28083],[12.8316,50.27995],[12.83397,50.28057],[12.83647,50.28048],[12.83713,50.27901],[12.83798,50.2749],[12.83819,50.27276],[12.84031,50.26926],[12.84207,50.26906],[12.84329,50.26792],[12.84131,50.26783],[12.84369,50.26622],[12.84274,50.26453],[12.84175,50.26439],[12.83997,50.26477],[12.83905,50.26397],[12.83837,50.26294],[12.83736,50.26361],[12.83691,50.26319],[12.83581,50.26304],[12.83505,50.26321],[12.83454,50.26365],[12.83027,50.26323],[12.82739,50.26358],[12.82363,50.26415],[12.82353,50.26491],[12.82204,50.26492],[12.82078,50.26572],[12.82027,50.26568],[12.8197,50.26524],[12.81841,50.26537],[12.81816,50.26504],[12.81507,50.26596],[12.81452,50.2659],[12.81418,50.26506],[12.81152,50.26342],[12.81137,50.26278],[12.81195,50.26268],[12.81185,50.26236],[12.81248,50.26229],[12.81178,50.26053],[12.81246,50.25979],[12.81172,50.25955],[12.80825,50.25935],[12.80763,50.25875],[12.80722,50.25881],[12.80587,50.25799],[12.80535,50.25799],[12.8063,50.25736],[12.80637,50.25681],[12.80601,50.25691],[12.80383,50.256],[12.80301,50.25537],[12.80252,50.25396]]]}},{"type":"Feature","properties":{"name":"554545"},"geometry":{"type":"Polygon","coordinates":[[[12.27853,50.14423],[12.27854,50.143],[12.27873,50.14278],[12.28068,50.14187],[12.28082,50.14151],[12.28042,50.14127],[12.28089,50.14089],[12.28111,50.13968],[12.28036,50.13928],[12.27289,50.14074],[12.27316,50.13921],[12.27239,50.13675],[12.27263,50.13472],[12.2732,50.13393],[12.27181,50.13349],[12.27054,50.13369],[12.26871,50.13311],[12.26556,50.1341],[12.26431,50.13368],[12.26001,50.13408],[12.26025,50.13241],[12.25885,50.13276],[12.25802,50.13223],[12.25741,50.13127],[12.25498,50.13274],[12.25375,50.13293],[12.25416,50.13452],[12.25571,50.13505],[12.25814,50.1346],[12.25929,50.136],[12.25682,50.1366],[12.25171,50.14589],[12.25167,50.14499],[12.25071,50.14411],[12.25085,50.14445],[12.25013,50.14418],[12.24925,50.14492],[12.24918,50.14438],[12.24537,50.14338],[12.2453,50.14279],[12.24475,50.14209],[12.24415,50.14232],[12.24508,50.14366],[12.24465,50.14426],[12.24261,50.14422],[12.24253,50.14375],[12.24211,50.14351],[12.24239,50.14295],[12.24226,50.14271],[12.23929,50.14259],[12.23931,50.14209],[12.23765,50.14265],[12.23603,50.1428],[12.23507,50.14323],[12.23474,50.1421],[12.23184,50.14207],[12.22743,50.14245],[12.22753,50.14203],[12.22731,50.14165],[12.22543,50.1414],[12.22336,50.14271],[12.22233,50.14278],[12.22072,50.14221],[12.22026,50.14234],[12.21995,50.14299],[12.21885,50.14343],[12.21911,50.14428],[12.21708,50.14475],[12.21734,50.14552],[12.21701,50.14562],[12.21679,50.14525],[12.2163,50.14532],[12.21563,50.14472],[12.21626,50.14422],[12.21356,50.14461],[12.21135,50.14521],[12.21118,50.14584],[12.21013,50.14583],[12.20953,50.14531],[12.20907,50.14562],[12.20781,50.1458],[12.2073,50.14564],[12.20436,50.14621],[12.20349,50.14605],[12.20139,50.14839],[12.20356,50.15068],[12.20013,50.15163],[12.20087,50.1528],[12.21147,50.15904],[12.21478,50.16471],[12.21605,50.16833],[12.21391,50.16904],[12.20918,50.16878],[12.20809,50.16911],[12.20737,50.1696],[12.2087,50.17162],[12.21054,50.171],[12.21075,50.17154],[12.21124,50.17181],[12.21121,50.17203],[12.21396,50.1718],[12.21522,50.17107],[12.21614,50.17089],[12.21626,50.17118],[12.21716,50.17092],[12.22029,50.17123],[12.22037,50.17081],[12.22095,50.17057],[12.22101,50.17007],[12.22148,50.16992],[12.22175,50.16965],[12.22165,50.16946],[12.22428,50.16882],[12.22497,50.1683],[12.22598,50.16809],[12.22637,50.16769],[12.2272,50.16746],[12.22743,50.16725],[12.22738,50.16685],[12.2269,50.16677],[12.22661,50.16634],[12.22697,50.1663],[12.22713,50.16542],[12.22789,50.16513],[12.23131,50.16549],[12.23236,50.16448],[12.23241,50.16371],[12.2328,50.16327],[12.2335,50.16442],[12.23347,50.16511],[12.23278,50.1656],[12.23391,50.16574],[12.23419,50.16618],[12.23331,50.16804],[12.23441,50.16765],[12.23428,50.16889],[12.23349,50.16982],[12.23442,50.17047],[12.23697,50.17124],[12.2384,50.17079],[12.23904,50.17087],[12.24068,50.17179],[12.24211,50.17191],[12.24215,50.17249],[12.24278,50.17234],[12.24296,50.17251],[12.24194,50.17431],[12.24217,50.17482],[12.24092,50.17506],[12.24054,50.1758],[12.23932,50.17669],[12.23939,50.17687],[12.23845,50.17711],[12.23801,50.17749],[12.23772,50.17735],[12.23734,50.17779],[12.23754,50.17801],[12.23838,50.17832],[12.23887,50.17789],[12.24178,50.1776],[12.24613,50.17841],[12.25209,50.17745],[12.25386,50.1793],[12.25074,50.18193],[12.25015,50.18198],[12.24876,50.18272],[12.24603,50.18261],[12.24523,50.18219],[12.24354,50.18194],[12.24326,50.18209],[12.24324,50.18312],[12.24206,50.18335],[12.24153,50.1841],[12.24184,50.18437],[12.24194,50.18489],[12.24484,50.18631],[12.24701,50.18654],[12.24828,50.18653],[12.2486,50.18634],[12.2514,50.18701],[12.25357,50.18708],[12.25447,50.188],[12.25578,50.18823],[12.25617,50.18879],[12.25602,50.18934],[12.25696,50.19019],[12.25758,50.19137],[12.25931,50.19247],[12.262,50.19493],[12.26156,50.19607],[12.26139,50.19743],[12.25913,50.2004],[12.25945,50.20086],[12.2596,50.20173],[12.25787,50.20225],[12.25763,50.20266],[12.25663,50.20296],[12.25395,50.20334],[12.25316,50.20428],[12.25578,50.20403],[12.25693,50.20418],[12.26131,50.20401],[12.27182,50.20211],[12.27338,50.20268],[12.27689,50.2005],[12.27779,50.1996],[12.27488,50.19708],[12.27473,50.19667],[12.27732,50.19521],[12.2772,50.19463],[12.27776,50.19307],[12.27757,50.19179],[12.28223,50.18877],[12.28254,50.18877],[12.28343,50.1897],[12.28483,50.19002],[12.28435,50.18869],[12.2844,50.18757],[12.28617,50.18578],[12.28703,50.18573],[12.28934,50.18619],[12.29021,50.18532],[12.29146,50.18355],[12.29117,50.18192],[12.29227,50.18047],[12.29115,50.17918],[12.29059,50.17897],[12.2905,50.17864],[12.29193,50.17857],[12.29132,50.17749],[12.28944,50.17702],[12.29082,50.17685],[12.29228,50.17631],[12.29367,50.17518],[12.29573,50.17485],[12.29621,50.17399],[12.29583,50.17381],[12.2975,50.17305],[12.29774,50.1716],[12.29832,50.17108],[12.29831,50.17076],[12.2979,50.17016],[12.29651,50.16969],[12.29683,50.16893],[12.29953,50.16807],[12.29751,50.16773],[12.30139,50.16375],[12.30037,50.16329],[12.30021,50.16296],[12.29836,50.1618],[12.29749,50.16146],[12.2969,50.16157],[12.29671,50.16118],[12.29598,50.16092],[12.29413,50.16075],[12.29346,50.15983],[12.29356,50.15896],[12.29329,50.15879],[12.29196,50.15845],[12.29103,50.15915],[12.29044,50.1574],[12.29014,50.15498],[12.29019,50.15443],[12.29084,50.154],[12.29051,50.1537],[12.28826,50.15335],[12.28842,50.15291],[12.28723,50.15299],[12.28823,50.15062],[12.28688,50.15024],[12.28665,50.15091],[12.28498,50.15052],[12.28595,50.14935],[12.28318,50.14841],[12.2811,50.14742],[12.28144,50.14705],[12.27972,50.14654],[12.27828,50.14572],[12.27765,50.14482],[12.27853,50.14423]]]}},{"type":"Feature","properties":{"name":"560588"},"geometry":{"type":"Polygon","coordinates":[[[12.56379,50.24444],[12.56642,50.24156],[12.56499,50.24064],[12.56262,50.24029],[12.56254,50.23971],[12.56308,50.23878],[12.56528,50.23767],[12.56348,50.23622],[12.56338,50.2358],[12.56238,50.23543],[12.56158,50.23546],[12.55986,50.23617],[12.55888,50.23733],[12.55844,50.23836],[12.55732,50.23786],[12.55494,50.23746],[12.55361,50.23761],[12.55195,50.23848],[12.55077,50.23878],[12.54793,50.23876],[12.54751,50.24052],[12.54626,50.24176],[12.54414,50.23977],[12.54024,50.23944],[12.53886,50.23979],[12.53852,50.24053],[12.53975,50.2412],[12.54056,50.24126],[12.54043,50.24155],[12.53809,50.24258],[12.5367,50.24306],[12.53398,50.24261],[12.53096,50.24269],[12.5293,50.24324],[12.52881,50.24378],[12.52877,50.24464],[12.52913,50.24594],[12.52957,50.24592],[12.52955,50.24622],[12.52913,50.2463],[12.53018,50.24928],[12.53019,50.25055],[12.5298,50.25043],[12.52934,50.25096],[12.52733,50.25169],[12.52701,50.25139],[12.52596,50.25174],[12.52458,50.25318],[12.52392,50.25327],[12.52247,50.25266],[12.52176,50.25323],[12.52107,50.25268],[12.52038,50.25086],[12.52,50.25093],[12.51743,50.24917],[12.5172,50.24932],[12.51741,50.24974],[12.51911,50.25114],[12.5196,50.25339],[12.51823,50.25389],[12.5173,50.25463],[12.51735,50.25522],[12.51774,50.25554],[12.51767,50.25655],[12.51714,50.25651],[12.51591,50.25697],[12.51618,50.2579],[12.51654,50.25789],[12.51646,50.25855],[12.50935,50.26065],[12.50829,50.26205],[12.50726,50.26288],[12.50517,50.26347],[12.50483,50.26403],[12.50572,50.26475],[12.50745,50.26801],[12.50699,50.26888],[12.50714,50.26947],[12.50685,50.26981],[12.50691,50.27009],[12.50811,50.27169],[12.51036,50.27275],[12.50995,50.27398],[12.51019,50.27431],[12.51109,50.27451],[12.5116,50.27501],[12.5114,50.27622],[12.51163,50.27663],[12.51158,50.27755],[12.51252,50.27914],[12.51362,50.27982],[12.51363,50.28029],[12.51428,50.28057],[12.51658,50.28059],[12.51805,50.28123],[12.52078,50.28194],[12.52362,50.28189],[12.52468,50.2821],[12.52554,50.28295],[12.52545,50.28312],[12.52607,50.28341],[12.52602,50.2838],[12.52623,50.28388],[12.52599,50.28389],[12.52595,50.28488],[12.5257,50.28505],[12.52602,50.28531],[12.52567,50.28541],[12.52627,50.28596],[12.52597,50.28639],[12.52631,50.28672],[12.52614,50.28678],[12.52738,50.28825],[12.52858,50.28861],[12.53437,50.2879],[12.53473,50.28761],[12.53489,50.28699],[12.53604,50.28529],[12.53635,50.2849],[12.5368,50.2848],[12.53703,50.28435],[12.53855,50.28443],[12.54207,50.28397],[12.54342,50.28343],[12.54562,50.28183],[12.54597,50.28181],[12.54589,50.28155],[12.54663,50.28093],[12.5482,50.27999],[12.55165,50.27908],[12.55305,50.27838],[12.55373,50.27752],[12.55507,50.27791],[12.55583,50.27771],[12.55787,50.27637],[12.55999,50.27542],[12.56098,50.27439],[12.56251,50.27377],[12.56494,50.27328],[12.56942,50.2738],[12.57185,50.272],[12.57283,50.271],[12.57317,50.27025],[12.57294,50.26959],[12.57399,50.26922],[12.57633,50.26763],[12.5766,50.26766],[12.57665,50.26732],[12.57499,50.2666],[12.57278,50.26444],[12.56987,50.26228],[12.56889,50.26112],[12.56997,50.26043],[12.57062,50.25948],[12.57035,50.25903],[12.56908,50.25842],[12.56886,50.25791],[12.56916,50.25757],[12.5701,50.25723],[12.56978,50.25692],[12.57125,50.25733],[12.57309,50.2573],[12.57567,50.25517],[12.5768,50.25474],[12.579,50.25319],[12.58004,50.25282],[12.58108,50.25168],[12.58275,50.25121],[12.58409,50.2504],[12.58405,50.24984],[12.58451,50.24863],[12.58395,50.24767],[12.58394,50.24663],[12.58488,50.24463],[12.58434,50.24456],[12.58417,50.24371],[12.58378,50.24324],[12.58379,50.24155],[12.58295,50.24099],[12.58286,50.24034],[12.58252,50.24013],[12.57981,50.24157],[12.57821,50.24183],[12.57752,50.24239],[12.57611,50.24189],[12.57551,50.24227],[12.57129,50.2419],[12.56976,50.24156],[12.56698,50.24042],[12.56734,50.24158],[12.56706,50.24288],[12.56597,50.24377],[12.56534,50.24392],[12.56438,50.24459],[12.56425,50.24496],[12.56443,50.24549],[12.56397,50.2452],[12.56379,50.24444]]]}},{"type":"Feature","properties":{"name":"554880"},"geometry":{"type":"Polygon","coordinates":[[[12.62028,49.92616],[12.6167,49.91938],[12.61644,49.9185],[12.61673,49.91671],[12.61782,49.91508],[12.61812,49.91357],[12.61858,49.91293],[12.62108,49.91279],[12.62176,49.91019],[12.62018,49.9096],[12.61722,49.91042],[12.6141,49.91025],[12.61342,49.90991],[12.61356,49.90889],[12.61135,49.90782],[12.61011,49.90673],[12.61011,49.90646],[12.60944,49.9061],[12.60965,49.90577],[12.60934,49.90542],[12.60924,49.90458],[12.60958,49.90443],[12.60938,49.90412],[12.60953,49.90352],[12.6101,49.90263],[12.61088,49.90251],[12.61103,49.90226],[12.61061,49.90204],[12.61125,49.90154],[12.61113,49.90033],[12.61167,49.90013],[12.61152,49.89987],[12.61192,49.89967],[12.61195,49.89911],[12.61147,49.89851],[12.6108,49.89862],[12.61053,49.89905],[12.60962,49.89941],[12.60651,49.89985],[12.60655,49.90029],[12.60561,49.90031],[12.6041,49.89978],[12.60054,49.89988],[12.5966,49.8972],[12.59632,49.89612],[12.59627,49.89425],[12.59472,49.89337],[12.5949,49.89304],[12.59462,49.89292],[12.59394,49.89353],[12.59345,49.89502],[12.59312,49.89445],[12.59295,49.89517],[12.59254,49.8953],[12.59185,49.89633],[12.59112,49.89676],[12.59083,49.89774],[12.59059,49.89772],[12.59027,49.89835],[12.5899,49.89836],[12.5893,49.89893],[12.58763,49.89947],[12.58669,49.90063],[12.58497,49.90133],[12.58359,49.90256],[12.58235,49.9031],[12.58195,49.9035],[12.58143,49.9034],[12.57986,49.90393],[12.57483,49.90389],[12.5721,49.90324],[12.57156,49.90336],[12.57126,49.90314],[12.56946,49.90304],[12.56903,49.90277],[12.56792,49.9028],[12.56745,49.90214],[12.56432,49.90167],[12.56254,49.90219],[12.56215,49.9026],[12.56185,49.90248],[12.56016,49.90366],[12.55767,49.90395],[12.55659,49.90446],[12.55614,49.90432],[12.55476,49.9047],[12.55403,49.90465],[12.55076,49.9054],[12.55127,49.90942],[12.55011,49.91204],[12.5491,49.91332],[12.54904,49.91464],[12.54835,49.91664],[12.54839,49.91937],[12.54774,49.92061],[12.54467,49.92266],[12.54091,49.9244],[12.53862,49.92496],[12.53628,49.92501],[12.53769,49.92717],[12.53854,49.92798],[12.54058,49.92818],[12.54165,49.92905],[12.54292,49.93135],[12.54477,49.9335],[12.54602,49.93385],[12.54782,49.9351],[12.54749,49.93552],[12.54749,49.93597],[12.55427,49.9366],[12.55812,49.93643],[12.56051,49.93657],[12.56338,49.9371],[12.56742,49.93735],[12.56917,49.93784],[12.57574,49.93818],[12.57526,49.93903],[12.57592,49.93963],[12.577,49.93952],[12.57823,49.93975],[12.5784,49.94016],[12.57971,49.94015],[12.57961,49.93944],[12.58075,49.93885],[12.58116,49.93934],[12.58106,49.93989],[12.58174,49.94048],[12.58221,49.94185],[12.58081,49.94356],[12.5815,49.94421],[12.58236,49.94423],[12.58285,49.94492],[12.5793,49.94464],[12.57824,49.9443],[12.57718,49.94451],[12.57612,49.94442],[12.57564,49.94479],[12.5671,49.94704],[12.56739,49.94719],[12.56722,49.94725],[12.56636,49.947],[12.56164,49.94991],[12.56057,49.95092],[12.56208,49.95225],[12.56378,49.95449],[12.56401,49.96184],[12.56531,49.96429],[12.57036,49.96432],[12.58159,49.96328],[12.58485,49.96257],[12.58614,49.96404],[12.59251,49.96501],[12.5932,49.96538],[12.59424,49.9651],[12.59988,49.96559],[12.59974,49.96748],[12.59891,49.96839],[12.59825,49.96863],[12.59714,49.9702],[12.59536,49.97193],[12.59546,49.97291],[12.59568,49.972],[12.59705,49.97187],[12.59687,49.97144],[12.59752,49.97144],[12.59784,49.97095],[12.59823,49.97091],[12.59894,49.97133],[12.5993,49.97221],[12.60023,49.97263],[12.60262,49.97254],[12.60341,49.97329],[12.60545,49.97326],[12.60541,49.97301],[12.60692,49.97257],[12.60757,49.9734],[12.60888,49.97344],[12.60874,49.97288],[12.61109,49.97252],[12.6119,49.97286],[12.6122,49.97344],[12.6145,49.97273],[12.61882,49.97216],[12.62042,49.97268],[12.62151,49.97366],[12.62232,49.97371],[12.62557,49.97305],[12.62625,49.97321],[12.6265,49.9731],[12.62634,49.97288],[12.62704,49.97297],[12.63373,49.97192],[12.63402,49.97216],[12.63704,49.97198],[12.63759,49.97228],[12.63973,49.97263],[12.64255,49.97384],[12.64277,49.97345],[12.6434,49.97358],[12.64357,49.97318],[12.64527,49.97361],[12.64625,49.97339],[12.64921,49.97355],[12.65408,49.97462],[12.65906,49.97477],[12.66063,49.97452],[12.66108,49.97372],[12.66059,49.97094],[12.6611,49.96933],[12.66065,49.96757],[12.65713,49.96603],[12.65304,49.96502],[12.65163,49.96505],[12.6512,49.9649],[12.65082,49.96431],[12.64998,49.96429],[12.65076,49.96258],[12.65027,49.95874],[12.65049,49.95875],[12.65035,49.95728],[12.64955,49.9559],[12.64792,49.95463],[12.64732,49.9535],[12.64684,49.95324],[12.64528,49.95109],[12.64341,49.94964],[12.64372,49.94952],[12.64347,49.94795],[12.64358,49.94693],[12.64392,49.94659],[12.64358,49.94572],[12.64391,49.94397],[12.6404,49.94446],[12.63965,49.94372],[12.63754,49.94326],[12.63624,49.94223],[12.63562,49.94092],[12.63392,49.9387],[12.63317,49.93862],[12.63088,49.93736],[12.62835,49.93642],[12.62762,49.93648],[12.62689,49.93498],[12.62651,49.9315],[12.62345,49.93129],[12.62333,49.92971],[12.62288,49.92855],[12.62254,49.92858],[12.62142,49.92665],[12.62107,49.92678],[12.62028,49.92616]]]}},{"type":"Feature","properties":{"name":"560570"},"geometry":{"type":"Polygon","coordinates":[[[12.74202,50.19893],[12.74154,50.19868],[12.74035,50.1988],[12.73835,50.19766],[12.7364,50.1982],[12.73443,50.19635],[12.7322,50.19542],[12.73183,50.19426],[12.72894,50.1933],[12.72728,50.1909],[12.72798,50.19069],[12.72667,50.18912],[12.72525,50.18647],[12.72387,50.18503],[12.72224,50.18423],[12.718,50.18378],[12.71588,50.18439],[12.71463,50.18442],[12.71457,50.18482],[12.70964,50.18519],[12.70594,50.1864],[12.7026,50.18686],[12.70096,50.1879],[12.69978,50.1883],[12.70039,50.19005],[12.69993,50.19254],[12.70058,50.19383],[12.6998,50.19437],[12.70348,50.19785],[12.70309,50.19847],[12.70336,50.19924],[12.70616,50.202],[12.70743,50.2028],[12.70532,50.20368],[12.70316,50.20377],[12.70324,50.20349],[12.70279,50.20348],[12.70274,50.20534],[12.70483,50.20582],[12.70536,50.20625],[12.70833,50.2058],[12.71069,50.20591],[12.71146,50.20802],[12.71118,50.20939],[12.71055,50.21015],[12.70922,50.21092],[12.70636,50.21189],[12.70152,50.22671],[12.71997,50.22511],[12.72061,50.22467],[12.72296,50.22634],[12.72295,50.22582],[12.72266,50.22566],[12.72377,50.22512],[12.7247,50.22584],[12.72345,50.2267],[12.72508,50.22791],[12.72722,50.22858],[12.73231,50.22902],[12.73257,50.22761],[12.73361,50.22797],[12.73415,50.22748],[12.73535,50.22792],[12.73465,50.22905],[12.73707,50.22903],[12.74041,50.22944],[12.74245,50.22988],[12.74379,50.23063],[12.74301,50.22962],[12.74303,50.22871],[12.74359,50.22806],[12.74576,50.2265],[12.74864,50.22776],[12.75473,50.22766],[12.75621,50.22693],[12.7588,50.22624],[12.75883,50.2256],[12.75923,50.22558],[12.76018,50.22388],[12.76136,50.22428],[12.76419,50.22332],[12.76437,50.22316],[12.7643,50.22176],[12.76685,50.22227],[12.77102,50.22241],[12.77151,50.22032],[12.77101,50.21845],[12.77197,50.21757],[12.77205,50.21628],[12.77179,50.21446],[12.7712,50.21374],[12.77099,50.21278],[12.76929,50.21059],[12.76916,50.20879],[12.76938,50.20873],[12.7688,50.2081],[12.7697,50.20775],[12.76697,50.20611],[12.76455,50.20635],[12.76389,50.20618],[12.76362,50.20559],[12.76396,50.20334],[12.7606,50.20022],[12.7599,50.19987],[12.75767,50.19985],[12.75711,50.19935],[12.75575,50.19927],[12.75554,50.19793],[12.75433,50.19878],[12.75193,50.19982],[12.75115,50.19862],[12.75053,50.19821],[12.74713,50.19814],[12.746,50.19764],[12.7456,50.19704],[12.74442,50.19752],[12.74203,50.19787],[12.74202,50.19893]]]}},{"type":"Feature","properties":{"name":"560499"},"geometry":{"type":"Polygon","coordinates":[[[12.56201,50.09019],[12.56077,50.08597],[12.56129,50.08535],[12.55858,50.08445],[12.55167,50.08437],[12.55085,50.08394],[12.54805,50.08369],[12.54536,50.08399],[12.54588,50.08499],[12.54581,50.0854],[12.54662,50.08625],[12.5431,50.08485],[12.54098,50.08477],[12.54012,50.0859],[12.53886,50.08537],[12.5387,50.08737],[12.53806,50.08906],[12.53309,50.08879],[12.53086,50.08955],[12.53041,50.08999],[12.53081,50.09097],[12.5306,50.09164],[12.52828,50.09285],[12.52798,50.09342],[12.52825,50.09372],[12.52802,50.09414],[12.52905,50.09441],[12.5289,50.09494],[12.5286,50.09527],[12.52635,50.09553],[12.52653,50.09616],[12.52735,50.09663],[12.5272,50.09709],[12.52876,50.09728],[12.52857,50.09857],[12.52936,50.09907],[12.52786,50.10009],[12.52825,50.10014],[12.52907,50.10103],[12.52905,50.10246],[12.53019,50.10375],[12.52816,50.104],[12.52301,50.10605],[12.5233,50.10899],[12.52265,50.10985],[12.52246,50.10978],[12.52199,50.11059],[12.52047,50.11137],[12.51981,50.1113],[12.51975,50.11161],[12.51798,50.11111],[12.51827,50.11211],[12.51906,50.11221],[12.51974,50.11196],[12.52053,50.1122],[12.51841,50.11499],[12.51752,50.11478],[12.51694,50.1141],[12.5171,50.11317],[12.51689,50.11266],[12.5166,50.11264],[12.51627,50.11335],[12.51554,50.11354],[12.51373,50.11271],[12.51406,50.11233],[12.51354,50.11217],[12.50992,50.11221],[12.50798,50.11272],[12.50759,50.11424],[12.5059,50.11559],[12.50502,50.11661],[12.50263,50.11694],[12.49988,50.11681],[12.49912,50.11707],[12.4982,50.11705],[12.49564,50.11832],[12.49198,50.11829],[12.4909,50.11852],[12.48968,50.11812],[12.4891,50.11738],[12.48778,50.11706],[12.48594,50.11578],[12.48614,50.11555],[12.48385,50.11463],[12.48239,50.1152],[12.4832,50.11534],[12.48276,50.11874],[12.48236,50.11914],[12.48184,50.11923],[12.48115,50.11886],[12.4806,50.11925],[12.48123,50.12016],[12.48752,50.12118],[12.48759,50.12135],[12.48629,50.12271],[12.48641,50.12282],[12.48519,50.12326],[12.48602,50.12554],[12.48719,50.12724],[12.48761,50.12851],[12.4872,50.12991],[12.48555,50.13032],[12.48696,50.13254],[12.48851,50.13351],[12.48854,50.13383],[12.49429,50.13417],[12.49535,50.13302],[12.50557,50.13407],[12.50535,50.13441],[12.50572,50.13482],[12.50547,50.13491],[12.50547,50.13522],[12.50617,50.13563],[12.50664,50.13551],[12.50727,50.13574],[12.50699,50.13643],[12.50754,50.13772],[12.51065,50.13811],[12.51115,50.13855],[12.51243,50.13881],[12.51269,50.13841],[12.5125,50.13753],[12.51339,50.13681],[12.51388,50.1372],[12.51418,50.13636],[12.51486,50.13657],[12.51581,50.1354],[12.51724,50.13588],[12.52021,50.1358],[12.52053,50.13595],[12.51981,50.13641],[12.5174,50.1371],[12.51732,50.13788],[12.51588,50.13835],[12.51494,50.13816],[12.51438,50.13851],[12.51511,50.13845],[12.51652,50.1393],[12.51742,50.13952],[12.51781,50.13911],[12.51917,50.14018],[12.51944,50.13991],[12.51949,50.13911],[12.52114,50.14022],[12.52302,50.13987],[12.52396,50.13868],[12.52299,50.13692],[12.5241,50.13617],[12.52397,50.13538],[12.5259,50.13514],[12.52813,50.13517],[12.53016,50.13584],[12.53321,50.13614],[12.53408,50.13421],[12.53551,50.13462],[12.53702,50.1356],[12.53847,50.13801],[12.53913,50.13868],[12.539,50.13884],[12.54007,50.1401],[12.54129,50.14123],[12.5454,50.14388],[12.55045,50.14637],[12.55154,50.14578],[12.5548,50.14612],[12.55487,50.14531],[12.55449,50.14483],[12.55584,50.14487],[12.55823,50.14443],[12.56092,50.14355],[12.5612,50.14282],[12.56269,50.14128],[12.56301,50.14055],[12.56242,50.1365],[12.56286,50.13588],[12.56275,50.13571],[12.56329,50.13458],[12.56032,50.1333],[12.55799,50.13268],[12.55792,50.1323],[12.55684,50.13224],[12.55631,50.13196],[12.55591,50.13152],[12.55629,50.13027],[12.55617,50.12985],[12.55607,50.13029],[12.55503,50.13114],[12.55331,50.13191],[12.55225,50.13209],[12.54883,50.13207],[12.54781,50.13152],[12.54559,50.13153],[12.54717,50.13066],[12.54984,50.13057],[12.54878,50.13025],[12.54869,50.12997],[12.54696,50.12958],[12.54688,50.12934],[12.54808,50.12905],[12.54705,50.12858],[12.54896,50.12828],[12.54848,50.12741],[12.54899,50.12707],[12.54859,50.12656],[12.5466,50.12644],[12.54575,50.12613],[12.54652,50.1251],[12.54557,50.12475],[12.54566,50.12441],[12.54118,50.12238],[12.54223,50.1203],[12.54682,50.11983],[12.55049,50.11806],[12.55127,50.11735],[12.55155,50.11601],[12.55196,50.11531],[12.55368,50.11379],[12.55297,50.11477],[12.55727,50.115],[12.5605,50.11549],[12.56029,50.11565],[12.56071,50.11551],[12.56431,50.11604],[12.5711,50.11538],[12.57774,50.11881],[12.57801,50.1187],[12.57814,50.11777],[12.57748,50.1178],[12.57737,50.11752],[12.57842,50.11741],[12.57796,50.11676],[12.57801,50.11549],[12.58191,50.11409],[12.58232,50.11368],[12.58248,50.11269],[12.58144,50.11097],[12.5799,50.11013],[12.57969,50.10968],[12.57986,50.10904],[12.57818,50.10749],[12.57819,50.1072],[12.57927,50.10651],[12.57999,50.10573],[12.58024,50.10508],[12.58223,50.10464],[12.58373,50.10383],[12.58405,50.10322],[12.58385,50.10238],[12.58398,50.10193],[12.58346,50.1014],[12.58368,50.10043],[12.58236,50.10039],[12.58172,50.10099],[12.5818,50.10186],[12.58061,50.10185],[12.57886,50.10147],[12.5782,50.10057],[12.57487,50.10002],[12.57359,50.09941],[12.57308,50.09837],[12.57409,50.09718],[12.57408,50.09684],[12.57149,50.09497],[12.57158,50.09405],[12.5727,50.09299],[12.57303,50.09224],[12.57283,50.09206],[12.56959,50.09178],[12.56821,50.09236],[12.56765,50.09298],[12.56719,50.09285],[12.56654,50.09218],[12.56518,50.09171],[12.56429,50.09101],[12.56282,50.09167],[12.56201,50.09019]]]}},{"type":"Feature","properties":{"name":"538868"},"geometry":{"type":"Polygon","coordinates":[[[12.29951,50.07225],[12.29993,50.07082],[12.30076,50.07048],[12.30154,50.06825],[12.30291,50.06863],[12.30293,50.0684],[12.30573,50.06789],[12.30609,50.06706],[12.306,50.06598],[12.30636,50.06404],[12.30513,50.06304],[12.30333,50.06208],[12.30357,50.06178],[12.30233,50.06086],[12.30145,50.06102],[12.29831,50.05982],[12.29803,50.05947],[12.29802,50.05857],[12.29518,50.05817],[12.29281,50.05738],[12.28366,50.05656],[12.28157,50.05564],[12.27933,50.0553],[12.2793,50.05642],[12.27868,50.05744],[12.27808,50.05789],[12.27575,50.05878],[12.27253,50.06137],[12.27024,50.06147],[12.26748,50.06087],[12.26334,50.05936],[12.26257,50.05855],[12.2617,50.05825],[12.26116,50.05851],[12.26119,50.05919],[12.26091,50.05981],[12.25979,50.06119],[12.26005,50.06194],[12.26107,50.06308],[12.26092,50.06451],[12.26155,50.06527],[12.26218,50.0653],[12.26236,50.06563],[12.2629,50.0658],[12.26367,50.06691],[12.26335,50.06711],[12.26346,50.06732],[12.2653,50.06797],[12.26614,50.06894],[12.26674,50.06924],[12.26675,50.06953],[12.26741,50.06997],[12.26766,50.07049],[12.26835,50.07078],[12.26824,50.07104],[12.27046,50.07236],[12.2708,50.07235],[12.27111,50.07287],[12.27244,50.07383],[12.27252,50.07413],[12.27339,50.07459],[12.2732,50.07467],[12.27354,50.0751],[12.27396,50.07522],[12.27403,50.07589],[12.27455,50.07603],[12.27483,50.07646],[12.27548,50.0766],[12.27482,50.07691],[12.27323,50.07706],[12.27238,50.07743],[12.26689,50.07857],[12.26553,50.07914],[12.26343,50.08168],[12.25915,50.08307],[12.259,50.08331],[12.25938,50.08358],[12.25919,50.08441],[12.25777,50.08479],[12.25737,50.08536],[12.25629,50.08561],[12.25448,50.08648],[12.25304,50.08752],[12.25318,50.08798],[12.25279,50.08902],[12.25354,50.09016],[12.25246,50.09103],[12.25247,50.09171],[12.25183,50.09208],[12.25148,50.09201],[12.25141,50.09181],[12.2519,50.09143],[12.25154,50.09122],[12.25184,50.091],[12.25133,50.09079],[12.24939,50.0912],[12.24865,50.0909],[12.24848,50.09104],[12.2485,50.09203],[12.24817,50.09239],[12.24845,50.09288],[12.24792,50.09284],[12.24716,50.09221],[12.24648,50.09236],[12.2481,50.09419],[12.25025,50.09456],[12.24856,50.09592],[12.2483,50.09635],[12.24828,50.09715],[12.2487,50.0979],[12.24946,50.09848],[12.24961,50.09907],[12.25068,50.09891],[12.25326,50.09836],[12.25477,50.09785],[12.25609,50.09695],[12.25792,50.09655],[12.26014,50.09493],[12.26118,50.09452],[12.26255,50.09352],[12.2627,50.09314],[12.26486,50.09202],[12.266,50.09208],[12.2669,50.09298],[12.2675,50.09316],[12.27137,50.09241],[12.27304,50.09163],[12.27423,50.09065],[12.27527,50.08894],[12.27574,50.08879],[12.2757,50.08835],[12.27637,50.08841],[12.27716,50.0871],[12.28187,50.08587],[12.28397,50.08591],[12.28443,50.08613],[12.2846,50.0868],[12.28758,50.08736],[12.28706,50.08686],[12.28802,50.08746],[12.28939,50.08688],[12.29004,50.08701],[12.29002,50.08673],[12.29019,50.08697],[12.29081,50.08683],[12.29162,50.08599],[12.29315,50.08553],[12.29793,50.08516],[12.29798,50.08546],[12.29838,50.08568],[12.30239,50.08602],[12.30217,50.08615],[12.30456,50.08725],[12.30536,50.08657],[12.30579,50.08658],[12.30571,50.08639],[12.30604,50.08656],[12.30616,50.08636],[12.3063,50.08706],[12.30718,50.08726],[12.30746,50.0864],[12.3078,50.08636],[12.30931,50.08414],[12.30927,50.08188],[12.30834,50.08196],[12.30754,50.08174],[12.30881,50.07818],[12.31027,50.0769],[12.31059,50.07567],[12.31036,50.07576],[12.31018,50.0753],[12.31044,50.07448],[12.30501,50.07396],[12.30163,50.07231],[12.3006,50.07208],[12.29951,50.07225]]]}},{"type":"Feature","properties":{"name":"560561"},"geometry":{"type":"Polygon","coordinates":[[[12.80936,50.0748],[12.81408,50.07563],[12.81711,50.07529],[12.81869,50.07492],[12.81888,50.07458],[12.82043,50.07408],[12.82338,50.07254],[12.82377,50.07209],[12.82366,50.07118],[12.82385,50.07034],[12.82444,50.06937],[12.82427,50.06929],[12.82451,50.06925],[12.82487,50.06832],[12.82645,50.06699],[12.82552,50.06554],[12.8258,50.06502],[12.82835,50.06319],[12.8288,50.06261],[12.82883,50.06132],[12.82925,50.06101],[12.8295,50.06016],[12.82888,50.0594],[12.83174,50.05758],[12.83413,50.05647],[12.83466,50.05583],[12.83294,50.05465],[12.83226,50.05498],[12.82988,50.05533],[12.82725,50.05492],[12.82516,50.05277],[12.82272,50.05108],[12.82321,50.05043],[12.82384,50.05028],[12.82463,50.05021],[12.82596,50.0506],[12.8275,50.05026],[12.82719,50.04969],[12.8252,50.04883],[12.82571,50.04786],[12.82256,50.0466],[12.82218,50.04542],[12.82271,50.04454],[12.82353,50.04418],[12.82457,50.0442],[12.8262,50.04507],[12.8279,50.04453],[12.82765,50.04407],[12.82307,50.0424],[12.82267,50.04179],[12.82299,50.04125],[12.8236,50.04095],[12.8256,50.04135],[12.82631,50.04125],[12.8266,50.04097],[12.8276,50.03986],[12.82785,50.039],[12.82755,50.03811],[12.82678,50.03759],[12.82458,50.03675],[12.8196,50.0375],[12.81871,50.03817],[12.81817,50.03907],[12.81826,50.0408],[12.81766,50.04191],[12.8169,50.04189],[12.81532,50.04129],[12.8144,50.04127],[12.81248,50.04266],[12.81048,50.0426],[12.80854,50.04219],[12.80671,50.04263],[12.80548,50.04357],[12.80534,50.04411],[12.80627,50.04522],[12.80729,50.04575],[12.80748,50.04634],[12.80727,50.04664],[12.8048,50.04688],[12.80294,50.04669],[12.80217,50.04741],[12.80181,50.04819],[12.80136,50.04842],[12.7989,50.04789],[12.7978,50.04727],[12.79728,50.04723],[12.79712,50.04781],[12.79616,50.04813],[12.79425,50.05022],[12.79231,50.0505],[12.79156,50.05082],[12.7916,50.05237],[12.79116,50.05245],[12.79126,50.05268],[12.79312,50.05312],[12.79382,50.05419],[12.79379,50.05492],[12.79257,50.05599],[12.79138,50.0562],[12.79013,50.05605],[12.78971,50.05574],[12.78874,50.0541],[12.7877,50.05354],[12.7867,50.05238],[12.78524,50.05196],[12.7844,50.05118],[12.78357,50.05079],[12.78304,50.05012],[12.78054,50.04897],[12.77423,50.0481],[12.7733,50.04862],[12.77215,50.04858],[12.77102,50.04956],[12.77134,50.05119],[12.77043,50.05359],[12.76686,50.05522],[12.76627,50.05572],[12.76384,50.05656],[12.76315,50.05658],[12.76187,50.05735],[12.76177,50.05787],[12.76087,50.05825],[12.76034,50.05882],[12.76059,50.059],[12.75898,50.06051],[12.75827,50.06155],[12.75868,50.06189],[12.75764,50.06255],[12.75795,50.06391],[12.75701,50.06418],[12.75648,50.06464],[12.75536,50.06648],[12.75454,50.06723],[12.75024,50.06744],[12.74812,50.06841],[12.74426,50.06899],[12.74318,50.06954],[12.74052,50.06837],[12.74002,50.06771],[12.73901,50.06781],[12.73815,50.06756],[12.73688,50.06751],[12.73455,50.06813],[12.73037,50.06793],[12.72867,50.06846],[12.728,50.06981],[12.72712,50.06999],[12.72578,50.07072],[12.72464,50.07193],[12.72582,50.07376],[12.72759,50.07499],[12.72734,50.07594],[12.72564,50.07733],[12.72506,50.07732],[12.72331,50.07867],[12.72547,50.08052],[12.72801,50.08179],[12.72962,50.08317],[12.73184,50.08432],[12.73342,50.08477],[12.73437,50.08429],[12.73543,50.08436],[12.73604,50.08445],[12.73574,50.08524],[12.7367,50.08533],[12.73727,50.08511],[12.73782,50.08544],[12.73894,50.08563],[12.74011,50.08554],[12.74033,50.08526],[12.74085,50.08553],[12.74122,50.08608],[12.74125,50.08678],[12.74217,50.08672],[12.74255,50.08726],[12.74439,50.08859],[12.7463,50.09239],[12.74928,50.09443],[12.74937,50.09561],[12.74997,50.09641],[12.75432,50.09497],[12.75735,50.09289],[12.76215,50.09215],[12.76279,50.09179],[12.76265,50.09167],[12.76442,50.08998],[12.76624,50.09047],[12.76735,50.09122],[12.76783,50.09118],[12.76887,50.09184],[12.77091,50.09214],[12.77131,50.09131],[12.77228,50.09094],[12.77338,50.09096],[12.77534,50.09013],[12.77632,50.09038],[12.7782,50.09035],[12.7783,50.09068],[12.77975,50.09083],[12.78115,50.09133],[12.78223,50.09104],[12.7865,50.09194],[12.78928,50.09336],[12.78956,50.09322],[12.78937,50.09261],[12.79248,50.09241],[12.79455,50.09158],[12.79722,50.09113],[12.79755,50.09035],[12.79877,50.08973],[12.80081,50.09012],[12.80286,50.08991],[12.80393,50.08933],[12.80478,50.08923],[12.80532,50.08936],[12.80499,50.08995],[12.80577,50.08985],[12.80658,50.09038],[12.80654,50.09128],[12.80882,50.09186],[12.81317,50.09127],[12.81447,50.09204],[12.81654,50.0924],[12.8171,50.09235],[12.81777,50.09171],[12.81869,50.09189],[12.82154,50.09113],[12.82134,50.09025],[12.82037,50.0896],[12.82034,50.08848],[12.81886,50.08781],[12.81816,50.08676],[12.81818,50.08624],[12.81787,50.08584],[12.81615,50.08474],[12.81578,50.08306],[12.81546,50.08276],[12.8143,50.08247],[12.81264,50.08249],[12.81206,50.08296],[12.8104,50.08304],[12.8094,50.08196],[12.80673,50.08118],[12.80475,50.08002],[12.8044,50.07906],[12.80667,50.07817],[12.80673,50.07752],[12.80729,50.07707],[12.80768,50.07608],[12.80803,50.07578],[12.80947,50.07547],[12.80936,50.0748]]]}},{"type":"Feature","properties":{"name":"560685"},"geometry":{"type":"Polygon","coordinates":[[[12.68084,50.25159],[12.67897,50.25227],[12.6771,50.25195],[12.67399,50.25116],[12.66569,50.24841],[12.65965,50.2476],[12.65155,50.24537],[12.65354,50.24469],[12.65623,50.24332],[12.65673,50.22724],[12.65814,50.2262],[12.65738,50.22568],[12.65622,50.22532],[12.65751,50.22384],[12.65797,50.22368],[12.65708,50.22238],[12.65799,50.22196],[12.6602,50.22159],[12.66125,50.22071],[12.6727,50.22243],[12.67747,50.22144],[12.67837,50.22164],[12.67934,50.22144],[12.67922,50.22112],[12.68778,50.21784],[12.68966,50.2183],[12.69158,50.2192],[12.69094,50.21956],[12.69198,50.22049],[12.69146,50.221],[12.69125,50.22182],[12.69149,50.22243],[12.69337,50.22264],[12.69463,50.22393],[12.69741,50.22466],[12.69957,50.22595],[12.70152,50.22671],[12.71997,50.22511],[12.72061,50.22467],[12.72296,50.22634],[12.72295,50.22582],[12.72262,50.22573],[12.72364,50.22508],[12.7247,50.22584],[12.72336,50.2266],[12.72508,50.22791],[12.72491,50.22804],[12.72711,50.22909],[12.72732,50.22964],[12.72836,50.23038],[12.72859,50.2314],[12.72904,50.23188],[12.72804,50.2323],[12.72748,50.23356],[12.72559,50.235],[12.7278,50.23569],[12.72744,50.23637],[12.72644,50.23623],[12.72638,50.23675],[12.7259,50.23681],[12.72617,50.23728],[12.72404,50.23886],[12.72325,50.24068],[12.72056,50.24121],[12.71797,50.24066],[12.71638,50.24281],[12.71615,50.24351],[12.71353,50.24514],[12.71255,50.24966],[12.71125,50.24903],[12.70927,50.25028],[12.69102,50.25251],[12.68904,50.2522],[12.68733,50.25262],[12.68581,50.25266],[12.68084,50.25159]]]}},{"type":"Feature","properties":{"name":"560502"},"geometry":{"type":"Polygon","coordinates":[[[12.55332,50.12554],[12.55326,50.12396],[12.55615,50.12375],[12.55872,50.12232],[12.55986,50.12314],[12.56058,50.12334],[12.56184,50.12317],[12.5625,50.12269],[12.56383,50.12233],[12.56537,50.12337],[12.56708,50.12247],[12.56852,50.12289],[12.56856,50.12262],[12.56941,50.12253],[12.57004,50.12217],[12.57135,50.12258],[12.57146,50.12245],[12.57104,50.12221],[12.57143,50.12209],[12.57178,50.12223],[12.57252,50.12203],[12.57262,50.12238],[12.57387,50.12234],[12.57456,50.12184],[12.57528,50.12191],[12.57512,50.12177],[12.57553,50.1213],[12.57678,50.1207],[12.57699,50.12028],[12.5768,50.11991],[12.57736,50.11962],[12.57717,50.11932],[12.57766,50.11925],[12.57762,50.11898],[12.57787,50.1189],[12.5711,50.11538],[12.56431,50.11604],[12.56071,50.11551],[12.56029,50.11565],[12.5605,50.11549],[12.55727,50.115],[12.55297,50.11477],[12.55368,50.11379],[12.55196,50.11531],[12.55155,50.11601],[12.55127,50.11735],[12.55087,50.11782],[12.54682,50.11983],[12.54235,50.12022],[12.54118,50.12238],[12.54566,50.12441],[12.54557,50.12475],[12.54652,50.1251],[12.54575,50.12613],[12.5466,50.12644],[12.54859,50.12656],[12.54899,50.12707],[12.54848,50.12741],[12.54896,50.12828],[12.54705,50.12858],[12.54808,50.12905],[12.54688,50.12934],[12.54696,50.12958],[12.54869,50.12997],[12.54878,50.13025],[12.54984,50.13057],[12.54717,50.13066],[12.54562,50.13153],[12.54781,50.13152],[12.54883,50.13207],[12.55185,50.13212],[12.55331,50.13191],[12.55557,50.13077],[12.55617,50.1301],[12.55615,50.12961],[12.55698,50.1287],[12.5571,50.12672],[12.55678,50.12634],[12.5548,50.12624],[12.55332,50.12554]]]}},{"type":"Feature","properties":{"name":"555533"},"geometry":{"type":"Polygon","coordinates":[[[12.93581,50.27106],[12.938,50.27106],[12.94125,50.27058],[12.93884,50.27406],[12.93954,50.27503],[12.94127,50.27403],[12.94447,50.27516],[12.94268,50.2761],[12.94207,50.2788],[12.94288,50.27943],[12.9436,50.27973],[12.9447,50.27917],[12.94528,50.27933],[12.94585,50.27995],[12.94648,50.27986],[12.94795,50.28083],[12.95017,50.28152],[12.95081,50.28141],[12.95092,50.28178],[12.9513,50.28185],[12.95168,50.28181],[12.95081,50.28097],[12.95018,50.28101],[12.94955,50.28074],[12.94973,50.27986],[12.95127,50.28031],[12.95354,50.27997],[12.95435,50.28005],[12.95498,50.28038],[12.95509,50.2809],[12.95461,50.28132],[12.95516,50.28206],[12.95691,50.2818],[12.95874,50.28191],[12.96627,50.28014],[12.96835,50.27889],[12.97184,50.27782],[12.97206,50.27742],[12.96988,50.27661],[12.97134,50.2764],[12.97291,50.2758],[12.9734,50.27588],[12.97364,50.27559],[12.97426,50.27561],[12.97734,50.27449],[12.97692,50.27282],[12.97725,50.27121],[12.97713,50.27089],[12.97754,50.27044],[12.98182,50.27115],[12.98275,50.27103],[12.98221,50.26994],[12.98211,50.26732],[12.98132,50.26437],[12.97927,50.26479],[12.97929,50.2639],[12.98019,50.26295],[12.98056,50.26177],[12.98104,50.26115],[12.98113,50.25988],[12.97836,50.25787],[12.97736,50.25749],[12.9763,50.25631],[12.97412,50.2558],[12.97286,50.25583],[12.9691,50.25749],[12.96608,50.25821],[12.96557,50.25847],[12.96576,50.25937],[12.96555,50.25988],[12.96419,50.2612],[12.96255,50.26193],[12.96216,50.26286],[12.95978,50.26263],[12.95723,50.26199],[12.95942,50.26024],[12.95453,50.25889],[12.95482,50.25852],[12.95316,50.25714],[12.95245,50.25684],[12.95232,50.25654],[12.9518,50.25641],[12.95184,50.25501],[12.95122,50.25508],[12.952,50.2536],[12.95113,50.25319],[12.95195,50.25127],[12.95158,50.25122],[12.95179,50.25071],[12.9529,50.24965],[12.9552,50.24901],[12.95526,50.24856],[12.95474,50.24816],[12.95556,50.24689],[12.95187,50.24545],[12.94521,50.24394],[12.94476,50.24344],[12.94475,50.243],[12.94546,50.23844],[12.94485,50.23748],[12.94428,50.23719],[12.94356,50.23639],[12.93993,50.23419],[12.93352,50.23311],[12.93372,50.23268],[12.9305,50.23345],[12.9283,50.23648],[12.92835,50.23718],[12.92869,50.23744],[12.92884,50.23803],[12.92866,50.23829],[12.92973,50.23963],[12.92962,50.24006],[12.92706,50.24132],[12.92503,50.24149],[12.92503,50.24216],[12.92401,50.2426],[12.92387,50.24322],[12.92261,50.24465],[12.9227,50.24508],[12.92366,50.24562],[12.92461,50.24691],[12.92512,50.24998],[12.92493,50.25095],[12.92596,50.25111],[12.92559,50.25229],[12.92375,50.25577],[12.92388,50.2571],[12.9232,50.25715],[12.92325,50.25913],[12.9229,50.25946],[12.92206,50.25928],[12.91944,50.25944],[12.91843,50.2609],[12.919,50.26097],[12.91886,50.26188],[12.91831,50.26184],[12.91683,50.26303],[12.91289,50.26228],[12.91287,50.26207],[12.90934,50.26114],[12.90635,50.25932],[12.90662,50.26011],[12.90735,50.26074],[12.90428,50.26224],[12.90429,50.2625],[12.90335,50.26239],[12.90293,50.26186],[12.90224,50.262],[12.90131,50.26081],[12.90146,50.26104],[12.89915,50.26218],[12.89826,50.26301],[12.89677,50.26184],[12.89397,50.26106],[12.89067,50.25902],[12.88976,50.25984],[12.88942,50.26062],[12.89119,50.26209],[12.88973,50.2628],[12.8881,50.26312],[12.88821,50.26394],[12.88744,50.26462],[12.88422,50.26498],[12.88374,50.26476],[12.88192,50.26482],[12.88092,50.26518],[12.88046,50.26615],[12.8799,50.26621],[12.87932,50.26665],[12.8787,50.2664],[12.8773,50.26664],[12.87646,50.26652],[12.87586,50.267],[12.87422,50.26663],[12.87215,50.26718],[12.87188,50.26743],[12.86957,50.26727],[12.86809,50.2665],[12.86608,50.26765],[12.86493,50.26756],[12.86439,50.26836],[12.86392,50.2684],[12.86412,50.27067],[12.85954,50.27061],[12.86062,50.27174],[12.8617,50.27342],[12.86351,50.27312],[12.86443,50.2742],[12.86408,50.27537],[12.86442,50.27718],[12.86621,50.27971],[12.86636,50.28211],[12.86807,50.28197],[12.87265,50.28225],[12.8765,50.28331],[12.87698,50.28259],[12.87769,50.28233],[12.87803,50.2819],[12.87771,50.28088],[12.88268,50.27764],[12.88591,50.27608],[12.89408,50.27543],[12.89492,50.27638],[12.89691,50.27789],[12.89775,50.27908],[12.89749,50.27945],[12.90001,50.27933],[12.90137,50.27913],[12.90118,50.27894],[12.90234,50.27828],[12.90615,50.27772],[12.90694,50.2772],[12.90706,50.27666],[12.91007,50.27516],[12.91062,50.27511],[12.90995,50.27567],[12.91061,50.27609],[12.91054,50.27664],[12.91143,50.27677],[12.91478,50.2763],[12.915,50.27607],[12.9135,50.27494],[12.91389,50.27476],[12.91414,50.27498],[12.91489,50.27491],[12.91549,50.27518],[12.91577,50.27499],[12.91657,50.27523],[12.91747,50.27507],[12.91882,50.27429],[12.91881,50.27303],[12.92059,50.27161],[12.92316,50.27218],[12.92351,50.27261],[12.92432,50.27297],[12.92479,50.27288],[12.92552,50.27351],[12.92574,50.27268],[12.92563,50.27233],[12.92599,50.27208],[12.92581,50.27109],[12.92664,50.26887],[12.92721,50.26848],[12.93054,50.26857],[12.93053,50.26824],[12.93146,50.26803],[12.9333,50.26976],[12.93513,50.26992],[12.93581,50.27106]]]}},{"type":"Feature","properties":{"name":"539074"},"geometry":{"type":"Polygon","coordinates":[[[12.33181,50.15255],[12.33096,50.15127],[12.33032,50.14941],[12.33052,50.14887],[12.33209,50.1484],[12.33135,50.14583],[12.33152,50.1456],[12.33007,50.14546],[12.32714,50.14576],[12.32581,50.14556],[12.32386,50.14467],[12.32339,50.14427],[12.32302,50.14322],[12.3227,50.14318],[12.32298,50.14298],[12.32318,50.14213],[12.32437,50.14078],[12.32412,50.14061],[12.32405,50.14008],[12.3233,50.14015],[12.32325,50.1399],[12.32369,50.13777],[12.32351,50.13748],[12.32426,50.13666],[12.32314,50.13639],[12.3234,50.13556],[12.31979,50.13594],[12.31902,50.13679],[12.31866,50.13815],[12.31733,50.13906],[12.30817,50.14045],[12.30489,50.14143],[12.30594,50.14124],[12.30523,50.14276],[12.30447,50.14373],[12.30185,50.14468],[12.30269,50.14527],[12.29846,50.14723],[12.29591,50.14897],[12.29213,50.15248],[12.29174,50.15376],[12.29133,50.15403],[12.29071,50.15399],[12.29019,50.15443],[12.29044,50.1574],[12.29103,50.15915],[12.29196,50.15845],[12.29329,50.15879],[12.29356,50.15896],[12.29346,50.15983],[12.29413,50.16075],[12.29598,50.16092],[12.29671,50.16118],[12.2969,50.16157],[12.29749,50.16146],[12.29836,50.1618],[12.30021,50.16296],[12.30037,50.16329],[12.30139,50.16375],[12.29751,50.16773],[12.29953,50.16807],[12.29683,50.16893],[12.29651,50.16969],[12.2979,50.17016],[12.29832,50.17108],[12.29774,50.1716],[12.2975,50.17305],[12.29583,50.17381],[12.29621,50.17399],[12.29573,50.17485],[12.30353,50.17555],[12.30376,50.17521],[12.30431,50.1752],[12.30473,50.17485],[12.30646,50.17471],[12.30859,50.17396],[12.31045,50.17375],[12.31151,50.17333],[12.31646,50.17281],[12.31862,50.17198],[12.31962,50.17185],[12.32055,50.17206],[12.32176,50.1718],[12.32351,50.1718],[12.32485,50.17221],[12.32539,50.17261],[12.3269,50.17292],[12.32742,50.17265],[12.32874,50.17256],[12.32892,50.17209],[12.32937,50.17191],[12.33006,50.17205],[12.33013,50.17183],[12.33118,50.1716],[12.3322,50.17145],[12.33325,50.17196],[12.33426,50.17174],[12.33505,50.1721],[12.33564,50.17119],[12.33737,50.17088],[12.33711,50.17078],[12.3382,50.17077],[12.33869,50.17112],[12.34036,50.17106],[12.34001,50.17056],[12.34191,50.17007],[12.34352,50.17026],[12.34458,50.17004],[12.34449,50.16949],[12.3427,50.16932],[12.34206,50.1684],[12.3397,50.16888],[12.33819,50.1667],[12.34107,50.16585],[12.34326,50.16598],[12.34266,50.16428],[12.3418,50.16354],[12.3433,50.1627],[12.34152,50.16264],[12.34138,50.1617],[12.34031,50.16096],[12.34317,50.15995],[12.34292,50.1589],[12.34465,50.15829],[12.34484,50.15812],[12.34474,50.15762],[12.34427,50.15772],[12.34332,50.15747],[12.34208,50.15765],[12.34106,50.15738],[12.34008,50.15782],[12.33861,50.15807],[12.33719,50.15649],[12.33573,50.1558],[12.33778,50.15409],[12.33639,50.15365],[12.33278,50.15335],[12.33181,50.15255]]]}},{"type":"Feature","properties":{"name":"555584"},"geometry":{"type":"Polygon","coordinates":[[[13.07448,50.33699],[13.07422,50.33669],[13.066,50.33588],[13.06254,50.33461],[13.05925,50.33454],[13.05702,50.33392],[13.05667,50.33332],[13.05412,50.33361],[13.05475,50.33289],[13.05308,50.33205],[13.05054,50.33162],[13.05094,50.33108],[13.0492,50.33019],[13.04811,50.33013],[13.048,50.32939],[13.0477,50.32918],[13.04845,50.32858],[13.04833,50.32834],[13.04782,50.32785],[13.0454,50.32748],[13.04559,50.32661],[13.04518,50.32639],[13.04341,50.32723],[13.04191,50.32732],[13.03848,50.32983],[13.03662,50.33085],[13.03595,50.33185],[13.03561,50.33198],[13.03554,50.33247],[13.03591,50.3329],[13.03552,50.33362],[13.0348,50.33406],[13.03376,50.33411],[13.03289,50.33497],[13.03456,50.33663],[13.03453,50.33695],[13.03344,50.33753],[13.03491,50.33869],[13.03573,50.34079],[13.03563,50.34111],[13.03607,50.34132],[13.03589,50.3416],[13.03516,50.3422],[13.03316,50.34309],[13.0332,50.3443],[13.03272,50.34523],[13.03176,50.34562],[13.02916,50.34592],[13.02754,50.3472],[13.02733,50.34798],[13.02418,50.34888],[13.02223,50.34913],[13.02259,50.34978],[13.02234,50.35],[13.02358,50.35062],[13.02354,50.35129],[13.02237,50.35218],[13.0219,50.35292],[13.02138,50.35296],[13.02111,50.35337],[13.02108,50.35359],[13.02234,50.35394],[13.02115,50.35417],[13.01983,50.35497],[13.01933,50.35664],[13.01967,50.35799],[13.01963,50.35865],[13.01933,50.35913],[13.01951,50.35968],[13.01936,50.36065],[13.01983,50.36095],[13.02033,50.36227],[13.02069,50.36259],[13.02077,50.36367],[13.02147,50.36522],[13.02146,50.36577],[13.01985,50.36682],[13.01862,50.36801],[13.0187,50.36847],[13.01826,50.36915],[13.01856,50.36943],[13.01856,50.36979],[13.0182,50.37079],[13.01556,50.37401],[13.01531,50.37816],[13.01568,50.37887],[13.01586,50.38046],[13.01568,50.38061],[13.01476,50.38011],[13.01449,50.38054],[13.01308,50.38056],[13.01317,50.38131],[13.01259,50.38261],[13.01327,50.38505],[13.01331,50.38616],[13.01303,50.38709],[13.01236,50.38773],[13.01296,50.39106],[13.01234,50.39295],[13.01166,50.39359],[13.0109,50.3938],[13.02159,50.39583],[13.02144,50.39554],[13.02165,50.39492],[13.02295,50.39336],[13.02341,50.39234],[13.02779,50.38962],[13.02891,50.38938],[13.03189,50.38802],[13.03503,50.38749],[13.03743,50.38747],[13.0381,50.38725],[13.04008,50.38543],[13.04101,50.38502],[13.04349,50.38467],[13.04438,50.38424],[13.04585,50.38429],[13.04514,50.38463],[13.04433,50.38551],[13.04583,50.38637],[13.04519,50.38733],[13.04629,50.38863],[13.04724,50.38899],[13.04916,50.38916],[13.04968,50.38894],[13.04981,50.38837],[13.05196,50.38778],[13.05515,50.38844],[13.05928,50.38722],[13.067,50.38663],[13.06914,50.38698],[13.06843,50.38784],[13.0671,50.3887],[13.06963,50.38973],[13.06966,50.38933],[13.07036,50.38887],[13.07249,50.38838],[13.07266,50.38788],[13.07391,50.3867],[13.07422,50.38603],[13.07494,50.38625],[13.0753,50.38534],[13.07642,50.38415],[13.07641,50.38319],[13.07736,50.3825],[13.07755,50.38188],[13.07936,50.38217],[13.07954,50.38161],[13.08075,50.38053],[13.08243,50.38081],[13.08295,50.38048],[13.08516,50.3805],[13.08627,50.381],[13.09025,50.38139],[13.09126,50.38185],[13.09494,50.38257],[13.09725,50.38257],[13.09872,50.382],[13.09967,50.38028],[13.10432,50.37516],[13.10539,50.37449],[13.10649,50.37438],[13.10798,50.37355],[13.10881,50.37229],[13.10841,50.37155],[13.10827,50.36997],[13.10253,50.36974],[13.10122,50.36918],[13.10051,50.36858],[13.09988,50.36696],[13.09903,50.36578],[13.09849,50.36276],[13.09759,50.36022],[13.09595,50.35862],[13.09305,50.35801],[13.09364,50.35671],[13.09316,50.35552],[13.09321,50.35484],[13.09036,50.35588],[13.0862,50.35621],[13.08421,50.35598],[13.08237,50.35538],[13.08111,50.35469],[13.08097,50.35417],[13.08035,50.35442],[13.08031,50.35392],[13.07926,50.35282],[13.07901,50.35023],[13.07944,50.34902],[13.08019,50.34866],[13.07988,50.34818],[13.08017,50.34662],[13.0799,50.34541],[13.07816,50.34557],[13.07599,50.34512],[13.07404,50.34555],[13.0726,50.34471],[13.07219,50.34483],[13.0717,50.34406],[13.07171,50.3437],[13.07105,50.34368],[13.07095,50.34281],[13.07143,50.34116],[13.07248,50.34003],[13.07504,50.33926],[13.07582,50.33935],[13.07678,50.33887],[13.07633,50.33765],[13.07758,50.33693],[13.07827,50.33611],[13.07992,50.33532],[13.07936,50.33447],[13.07864,50.33489],[13.07853,50.33531],[13.07675,50.33612],[13.07629,50.33557],[13.07522,50.33611],[13.07448,50.33699]]]}},{"type":"Feature","properties":{"name":"511587"},"geometry":{"type":"Polygon","coordinates":[[[12.59066,50.19987],[12.58828,50.19858],[12.5837,50.19676],[12.58244,50.19564],[12.58174,50.19323],[12.58078,50.19321],[12.58046,50.19399],[12.57556,50.19697],[12.57535,50.19796],[12.57445,50.19771],[12.57362,50.19784],[12.57276,50.19879],[12.57135,50.19959],[12.57081,50.19971],[12.5694,50.1992],[12.56713,50.20002],[12.56339,50.20033],[12.56216,50.2007],[12.55943,50.20045],[12.55837,50.20079],[12.55802,50.20144],[12.55763,50.20151],[12.55551,50.20121],[12.55548,50.20097],[12.5535,50.20214],[12.5524,50.20413],[12.55367,50.20438],[12.55459,50.20541],[12.55439,50.20549],[12.55529,50.20621],[12.55478,50.20668],[12.55488,50.20687],[12.55411,50.20745],[12.55722,50.2091],[12.55918,50.20983],[12.56022,50.2111],[12.56025,50.21181],[12.56063,50.21212],[12.55123,50.21146],[12.55138,50.21216],[12.55181,50.21244],[12.55206,50.21312],[12.55198,50.21387],[12.55262,50.21413],[12.5526,50.21489],[12.5563,50.21595],[12.55663,50.21723],[12.55749,50.21729],[12.55843,50.21785],[12.55804,50.21835],[12.55538,50.21947],[12.55466,50.22006],[12.5545,50.22066],[12.55508,50.22139],[12.55543,50.22281],[12.55632,50.22382],[12.55536,50.22416],[12.55625,50.22651],[12.5579,50.22633],[12.55951,50.22652],[12.56192,50.2264],[12.5636,50.22595],[12.5651,50.22605],[12.5658,50.22687],[12.56784,50.22706],[12.56968,50.22789],[12.57519,50.22716],[12.57558,50.22747],[12.57716,50.22675],[12.57755,50.22624],[12.57739,50.22562],[12.57702,50.22529],[12.57709,50.22498],[12.5778,50.22461],[12.58238,50.22597],[12.5844,50.22566],[12.58577,50.22463],[12.58593,50.22426],[12.58261,50.22196],[12.57687,50.22083],[12.57645,50.21984],[12.57704,50.2188],[12.57757,50.2184],[12.57896,50.21798],[12.57995,50.21803],[12.58837,50.22016],[12.5902,50.22036],[12.59213,50.21992],[12.59378,50.21903],[12.59405,50.2183],[12.5938,50.21731],[12.59387,50.21597],[12.59435,50.2143],[12.59582,50.21342],[12.59632,50.21273],[12.59883,50.21198],[12.60008,50.21101],[12.60249,50.20991],[12.60173,50.20912],[12.5989,50.20808],[12.59714,50.20692],[12.5965,50.20601],[12.59657,50.20496],[12.59797,50.20319],[12.59802,50.20133],[12.59817,50.20091],[12.59855,50.20082],[12.59844,50.20057],[12.59793,50.2005],[12.5972,50.20083],[12.59686,50.20126],[12.59604,50.20051],[12.59518,50.20023],[12.59413,50.20009],[12.593,50.20028],[12.59066,50.19987]]]}},{"type":"Feature","properties":{"name":"555428"},"geometry":{"type":"Polygon","coordinates":[[[12.94799,50.28462],[12.94493,50.28443],[12.94451,50.28759],[12.94473,50.28926],[12.94341,50.28963],[12.943,50.29017],[12.9423,50.28929],[12.94025,50.28779],[12.93914,50.28739],[12.9386,50.2866],[12.93885,50.28988],[12.93917,50.2905],[12.93679,50.28978],[12.93478,50.29023],[12.93431,50.29004],[12.93368,50.28928],[12.93407,50.28788],[12.93485,50.28662],[12.93615,50.28549],[12.93678,50.28452],[12.9369,50.28374],[12.93661,50.28363],[12.93558,50.28448],[12.93253,50.28419],[12.92958,50.28864],[12.92861,50.2907],[12.92817,50.2906],[12.92684,50.29192],[12.92464,50.29344],[12.92202,50.29464],[12.92056,50.29498],[12.91973,50.29611],[12.91846,50.29591],[12.91771,50.29543],[12.91579,50.29517],[12.91538,50.29547],[12.91514,50.29608],[12.91512,50.29651],[12.91542,50.29687],[12.91501,50.29699],[12.91318,50.2961],[12.91154,50.29589],[12.91074,50.29478],[12.91029,50.29498],[12.9103,50.29527],[12.90943,50.29545],[12.9085,50.29598],[12.9081,50.29671],[12.90938,50.29677],[12.91032,50.29648],[12.91072,50.29667],[12.91025,50.29714],[12.91026,50.29747],[12.91072,50.29778],[12.9104,50.29882],[12.91088,50.29909],[12.91208,50.29894],[12.91139,50.29927],[12.9106,50.30069],[12.91022,50.30059],[12.90913,50.30176],[12.90818,50.30166],[12.90791,50.3021],[12.90765,50.30734],[12.90296,50.30952],[12.90091,50.31084],[12.90061,50.31159],[12.90538,50.31229],[12.90689,50.31344],[12.90871,50.31309],[12.91041,50.31377],[12.90584,50.31584],[12.90493,50.31653],[12.90482,50.31726],[12.90598,50.31815],[12.90691,50.31935],[12.90692,50.31964],[12.90642,50.31968],[12.90685,50.32052],[12.90663,50.32146],[12.90734,50.32163],[12.9063,50.32301],[12.90435,50.32299],[12.90296,50.32326],[12.90124,50.32374],[12.90002,50.32442],[12.89977,50.32564],[12.89864,50.3256],[12.8986,50.32695],[12.89789,50.3277],[12.89712,50.32807],[12.89669,50.32971],[12.89617,50.32999],[12.89554,50.3309],[12.89633,50.33263],[12.89643,50.33397],[12.89509,50.33599],[12.89404,50.33867],[12.8937,50.34032],[12.89415,50.34182],[12.89412,50.34347],[12.89532,50.34657],[12.89754,50.3467],[12.89942,50.34571],[12.9014,50.34507],[12.90062,50.34227],[12.90062,50.34096],[12.90604,50.33754],[12.90962,50.33589],[12.91388,50.33455],[12.91484,50.33378],[12.91649,50.33352],[12.91742,50.33361],[12.91803,50.33275],[12.91864,50.33302],[12.91896,50.3337],[12.92082,50.33369],[12.92163,50.3352],[12.92224,50.33717],[12.92072,50.33772],[12.92103,50.33826],[12.92165,50.3379],[12.92292,50.33773],[12.92277,50.33816],[12.92305,50.33867],[12.92294,50.33904],[12.92359,50.33976],[12.92366,50.34043],[12.92487,50.34205],[12.92405,50.34296],[12.92401,50.34347],[12.92584,50.34621],[12.92565,50.34735],[12.92593,50.34837],[12.9274,50.34972],[12.92697,50.35079],[12.92745,50.35257],[12.9295,50.35305],[12.93208,50.35273],[12.9321,50.35221],[12.93152,50.35171],[12.93131,50.35083],[12.93164,50.35048],[12.93193,50.35055],[12.93291,50.34901],[12.93316,50.34904],[12.93353,50.3482],[12.93434,50.34897],[12.93669,50.34996],[12.93693,50.35032],[12.93804,50.35095],[12.93822,50.35141],[12.93943,50.35261],[12.93984,50.35257],[12.94043,50.35309],[12.94117,50.35291],[12.94154,50.35578],[12.9409,50.35662],[12.94126,50.35677],[12.94106,50.35722],[12.94126,50.35803],[12.9416,50.35858],[12.9428,50.35932],[12.94319,50.35905],[12.94363,50.35927],[12.94381,50.35914],[12.94415,50.3595],[12.94419,50.35994],[12.94528,50.36001],[12.9455,50.36022],[12.94515,50.36042],[12.94409,50.36032],[12.94377,50.36063],[12.94463,50.36181],[12.945,50.36277],[12.947,50.36402],[12.94719,50.36374],[12.94801,50.36401],[12.94773,50.36418],[12.95009,50.3661],[12.95172,50.36657],[12.953,50.36652],[12.95577,50.3669],[12.9592,50.36862],[12.95808,50.36554],[12.95767,50.36515],[12.95859,50.36494],[12.96294,50.36528],[12.96269,50.36295],[12.96398,50.36287],[12.96492,50.36173],[12.96514,50.36232],[12.96506,50.36433],[12.96553,50.3657],[12.97009,50.36597],[12.97149,50.36516],[12.97177,50.36578],[12.97456,50.36527],[12.97266,50.3628],[12.9716,50.36209],[12.96953,50.36003],[12.96978,50.35906],[12.96891,50.35721],[12.97099,50.35795],[12.97278,50.35828],[12.97212,50.36016],[12.97404,50.3611],[12.97447,50.35994],[12.97414,50.35974],[12.97436,50.359],[12.97409,50.35824],[12.97517,50.35655],[12.97684,50.35634],[12.97801,50.35573],[12.978,50.35501],[12.97767,50.355],[12.97862,50.3535],[12.97921,50.354],[12.98042,50.35419],[12.98296,50.35141],[12.9849,50.35002],[12.98511,50.3491],[12.98559,50.34872],[12.98574,50.34804],[12.98558,50.34782],[12.98591,50.34739],[12.9857,50.34701],[12.98572,50.34598],[12.98645,50.34508],[12.98706,50.34528],[12.98762,50.34431],[12.98816,50.34411],[12.98817,50.34356],[12.98917,50.34179],[12.99029,50.3413],[12.99064,50.34078],[12.99286,50.34044],[12.99404,50.33991],[12.99522,50.33992],[12.99572,50.33863],[12.99874,50.33752],[12.99937,50.33693],[12.99987,50.33577],[12.99904,50.33474],[12.99943,50.33464],[12.99964,50.3341],[12.99809,50.33328],[12.99815,50.3329],[12.99888,50.33202],[12.99868,50.33163],[12.99868,50.32982],[12.99943,50.32887],[13.00312,50.32641],[13.00417,50.32528],[13.00962,50.3227],[13.00979,50.32237],[13.0114,50.32155],[13.01368,50.32195],[13.0139,50.32171],[13.01196,50.32103],[13.01092,50.32022],[13.01011,50.32026],[13.00906,50.31911],[13.00774,50.31965],[13.00559,50.31841],[13.00521,50.31799],[13.00709,50.31453],[13.00763,50.31403],[13.00761,50.31166],[13.00481,50.31131],[13.00031,50.31015],[13.00043,50.30828],[13.00107,50.3064],[13.00146,50.30578],[13.0026,50.30548],[13.00088,50.30434],[13,50.30481],[13.00036,50.3053],[13.00021,50.30541],[12.99799,50.3058],[12.99723,50.3054],[12.99632,50.3038],[12.99777,50.30379],[13.00026,50.30258],[13.00017,50.30234],[13.00074,50.30197],[13.00035,50.30133],[13.00047,50.30099],[13.00135,50.2998],[13.00475,50.29876],[13.00588,50.29747],[13.00583,50.29709],[13.00693,50.29612],[13.00748,50.29593],[13.00762,50.29542],[13.00821,50.29481],[13.00984,50.2937],[13.00999,50.29297],[13.00916,50.29246],[13.00927,50.29209],[13.0087,50.29181],[13.00775,50.29274],[13.00657,50.29282],[13.00634,50.29342],[13.00571,50.29346],[13.00491,50.29294],[13.0037,50.29133],[13.00201,50.29019],[12.99927,50.28945],[12.99861,50.28885],[12.99711,50.28844],[12.99581,50.2878],[12.99573,50.28755],[12.99447,50.28735],[12.99584,50.28552],[12.99625,50.28547],[12.99577,50.28337],[12.99371,50.28345],[12.99214,50.2832],[12.9919,50.28372],[12.99127,50.284],[12.98866,50.28411],[12.98542,50.28582],[12.98587,50.28636],[12.98788,50.28621],[12.98745,50.28671],[12.98325,50.28695],[12.98026,50.28649],[12.97855,50.28579],[12.97776,50.2853],[12.97485,50.28221],[12.97365,50.28158],[12.97021,50.28048],[12.96824,50.28068],[12.96627,50.28014],[12.95874,50.28191],[12.95508,50.28197],[12.95351,50.28289],[12.9517,50.28327],[12.95093,50.28428],[12.9495,50.28455],[12.94822,50.28427],[12.94799,50.28462]]]}},{"type":"Feature","properties":{"name":"555177"},"geometry":{"type":"Polygon","coordinates":[[[13.23048,50.2326],[13.23372,50.23191],[13.23372,50.23157],[13.23888,50.23306],[13.23899,50.2328],[13.24267,50.23327],[13.24284,50.23287],[13.24563,50.23278],[13.24556,50.23218],[13.24599,50.23162],[13.24726,50.23101],[13.24689,50.23054],[13.24731,50.23043],[13.24701,50.22995],[13.24859,50.22953],[13.25112,50.23035],[13.25213,50.23033],[13.25557,50.22917],[13.25473,50.22735],[13.25423,50.2274],[13.25386,50.22699],[13.25128,50.22566],[13.24918,50.22627],[13.2487,50.22606],[13.24806,50.22628],[13.24747,50.22593],[13.24906,50.22491],[13.25187,50.22419],[13.25162,50.22363],[13.25228,50.22348],[13.25066,50.22262],[13.25115,50.22208],[13.25086,50.22185],[13.25099,50.22162],[13.25147,50.22132],[13.25061,50.22052],[13.24593,50.22278],[13.24252,50.22329],[13.24091,50.22421],[13.24029,50.22379],[13.24143,50.22329],[13.24015,50.22315],[13.23648,50.22194],[13.23531,50.2218],[13.22685,50.21908],[13.22451,50.21901],[13.22263,50.21931],[13.22284,50.2199],[13.22585,50.21996],[13.22601,50.22024],[13.22271,50.22062],[13.22246,50.22025],[13.22219,50.22048],[13.22142,50.22007],[13.21921,50.22008],[13.21915,50.21931],[13.21767,50.21931],[13.21512,50.21988],[13.21213,50.21974],[13.21213,50.21938],[13.21295,50.21907],[13.2127,50.21889],[13.21198,50.2162],[13.21423,50.21577],[13.21456,50.21625],[13.21618,50.21643],[13.21643,50.21678],[13.21925,50.21742],[13.2197,50.21705],[13.22093,50.21674],[13.22152,50.21572],[13.22289,50.21486],[13.22379,50.21484],[13.22401,50.21421],[13.2253,50.21439],[13.22738,50.21411],[13.23022,50.21486],[13.23176,50.2149],[13.23125,50.21472],[13.23137,50.21441],[13.2322,50.21364],[13.23356,50.21289],[13.23474,50.21121],[13.23659,50.21106],[13.23946,50.21218],[13.23979,50.21208],[13.24094,50.21132],[13.24175,50.21027],[13.24234,50.20691],[13.24837,50.2062],[13.24912,50.20652],[13.25249,50.1991],[13.25202,50.19897],[13.25024,50.19554],[13.24534,50.19659],[13.24257,50.19684],[13.24104,50.19639],[13.23986,50.19646],[13.23748,50.19595],[13.23632,50.19643],[13.236,50.19594],[13.23255,50.19555],[13.22743,50.19702],[13.22449,50.1984],[13.22379,50.19903],[13.22166,50.19845],[13.22218,50.19783],[13.2226,50.19676],[13.22427,50.1949],[13.22554,50.19456],[13.2255,50.19417],[13.22362,50.19285],[13.22425,50.19196],[13.22401,50.19139],[13.22406,50.18745],[13.22493,50.18537],[13.21667,50.1838],[13.21458,50.18244],[13.21946,50.1788],[13.22138,50.17684],[13.22317,50.1757],[13.22262,50.17527],[13.22269,50.17489],[13.22201,50.17438],[13.22074,50.1758],[13.21911,50.17574],[13.21639,50.17398],[13.21694,50.1735],[13.2164,50.17325],[13.21667,50.17298],[13.21525,50.17243],[13.21371,50.17287],[13.21356,50.17345],[13.21167,50.17287],[13.20763,50.17363],[13.20465,50.17386],[13.20324,50.1745],[13.20281,50.17609],[13.20237,50.17601],[13.20115,50.17678],[13.19987,50.1771],[13.19575,50.17716],[13.19407,50.17689],[13.19097,50.17715],[13.17617,50.1793],[13.17541,50.17916],[13.17475,50.1771],[13.17516,50.17499],[13.17507,50.17413],[13.17418,50.1732],[13.17415,50.17204],[13.17478,50.17096],[13.17419,50.17092],[13.17433,50.17004],[13.17174,50.17056],[13.17255,50.17068],[13.17205,50.17083],[13.17084,50.17076],[13.16677,50.17129],[13.15732,50.17001],[13.15208,50.16839],[13.15137,50.16744],[13.15132,50.16698],[13.14749,50.1658],[13.14654,50.16567],[13.14582,50.16634],[13.14401,50.16649],[13.14319,50.16619],[13.14202,50.16533],[13.13923,50.16534],[13.13945,50.16301],[13.1381,50.16351],[13.13604,50.16492],[13.13393,50.16737],[13.13241,50.16833],[13.13142,50.16863],[13.12739,50.16882],[13.12488,50.17123],[13.12257,50.17418],[13.12053,50.17552],[13.11871,50.176],[13.1157,50.1756],[13.11324,50.17674],[13.11105,50.17708],[13.1093,50.17764],[13.10509,50.17739],[13.10351,50.17838],[13.10297,50.17912],[13.10274,50.17986],[13.10332,50.18161],[13.10183,50.18298],[13.10061,50.18375],[13.09819,50.18362],[13.09545,50.18537],[13.09189,50.18505],[13.08874,50.18517],[13.08677,50.18586],[13.08575,50.18595],[13.08102,50.18438],[13.07871,50.184],[13.07523,50.18502],[13.06907,50.18568],[13.06918,50.1859],[13.06772,50.1872],[13.06748,50.18716],[13.06781,50.18621],[13.06746,50.1862],[13.06754,50.18593],[13.064,50.1856],[13.05925,50.18344],[13.05433,50.18183],[13.04867,50.17889],[13.04806,50.18054],[13.04645,50.18256],[13.04469,50.18266],[13.04414,50.18199],[13.04163,50.18248],[13.04031,50.18226],[13.04051,50.18173],[13.03865,50.18129],[13.03768,50.18275],[13.03742,50.1839],[13.03542,50.18356],[13.03515,50.18309],[13.03606,50.18231],[13.03518,50.18145],[13.03255,50.17997],[13.03142,50.18006],[13.03069,50.17958],[13.03113,50.17916],[13.03269,50.17859],[13.03304,50.17797],[13.03073,50.17866],[13.02833,50.17885],[13.02801,50.17954],[13.02612,50.18014],[13.02857,50.18347],[13.0263,50.18283],[13.02466,50.18273],[13.02374,50.18202],[13.02164,50.18177],[13.01661,50.18283],[13.01675,50.18407],[13.01741,50.18432],[13.01905,50.18602],[13.01803,50.18637],[13.01648,50.18622],[13.01419,50.18674],[13.01558,50.1886],[13.01451,50.18813],[13.01435,50.1884],[13.01471,50.18856],[13.01378,50.18896],[13.0117,50.1885],[13.01043,50.1886],[13.01057,50.18897],[13.01368,50.19163],[13.01353,50.19178],[13.01445,50.19222],[13.01489,50.19356],[13.01542,50.19415],[13.01295,50.19524],[13.01309,50.19548],[13.01148,50.19556],[13.00867,50.19636],[13.00639,50.19634],[13.00516,50.19666],[13.00458,50.19798],[13.00467,50.19854],[13.00522,50.19945],[13.00574,50.19982],[13.00604,50.20072],[13.00607,50.20138],[13.00539,50.20242],[13.00545,50.20266],[13.00594,50.20309],[13.00687,50.20339],[13.00772,50.2044],[13.0089,50.20513],[13.0102,50.20745],[13.01187,50.20826],[13.0123,50.20972],[13.0138,50.21185],[13.01722,50.21188],[13.02189,50.21243],[13.02099,50.21404],[13.02343,50.21506],[13.02279,50.21759],[13.02307,50.21869],[13.02421,50.21985],[13.02548,50.22002],[13.02676,50.22147],[13.02669,50.22213],[13.02697,50.22257],[13.02552,50.2232],[13.02527,50.22387],[13.02588,50.22433],[13.02738,50.22441],[13.02814,50.22517],[13.02598,50.22603],[13.02645,50.22651],[13.02605,50.22671],[13.02607,50.22715],[13.02561,50.22733],[13.02576,50.22783],[13.0266,50.22797],[13.02637,50.22844],[13.02655,50.22901],[13.02711,50.22943],[13.02769,50.22949],[13.02808,50.22998],[13.02676,50.23089],[13.02616,50.23168],[13.02608,50.23218],[13.0263,50.23242],[13.0251,50.23304],[13.02523,50.2336],[13.02572,50.23401],[13.0265,50.23412],[13.02723,50.23529],[13.0279,50.23528],[13.02967,50.2363],[13.03118,50.23658],[13.03115,50.23794],[13.03416,50.2394],[13.03508,50.24059],[13.03523,50.24148],[13.03583,50.24193],[13.03619,50.24182],[13.03633,50.24215],[13.03582,50.24404],[13.03541,50.24443],[13.03195,50.24458],[13.03227,50.24578],[13.03075,50.24724],[13.02786,50.24649],[13.02691,50.24725],[13.02415,50.24839],[13.02233,50.24944],[13.01959,50.25035],[13.01843,50.25244],[13.0209,50.25458],[13.02211,50.25653],[13.02209,50.25743],[13.02311,50.25799],[13.02345,50.2585],[13.02526,50.2591],[13.02526,50.25984],[13.02732,50.26053],[13.02733,50.26198],[13.02707,50.26244],[13.02763,50.26333],[13.02726,50.26433],[13.02941,50.26531],[13.02817,50.26621],[13.02939,50.26647],[13.03085,50.26556],[13.03435,50.26628],[13.03965,50.26778],[13.04002,50.2687],[13.03991,50.26923],[13.03963,50.26901],[13.03954,50.26918],[13.03914,50.26911],[13.03945,50.27007],[13.03751,50.26999],[13.03528,50.26941],[13.03315,50.26964],[13.03166,50.26934],[13.03024,50.2686],[13.03009,50.26952],[13.02861,50.26951],[13.0306,50.27024],[13.03032,50.27058],[13.0296,50.27064],[13.02953,50.27147],[13.03061,50.27205],[13.03107,50.27263],[13.03152,50.27397],[13.03289,50.27543],[13.03251,50.27564],[13.03188,50.27544],[13.03005,50.2756],[13.02953,50.27609],[13.01835,50.27344],[13.01677,50.27274],[13.01392,50.27233],[13.01213,50.27246],[13.01084,50.27287],[13.01048,50.27309],[13.0108,50.27329],[13.0098,50.27391],[13.00962,50.27449],[13.00992,50.27461],[13.00975,50.27536],[13.01046,50.27574],[13.01184,50.2776],[13.01248,50.27701],[13.01359,50.27675],[13.01442,50.27689],[13.01422,50.27692],[13.01518,50.2781],[13.01504,50.27833],[13.01601,50.27919],[13.01763,50.27891],[13.01663,50.27926],[13.0183,50.28165],[13.01903,50.28195],[13.01785,50.28376],[13.01393,50.28414],[13.01379,50.28459],[13.01296,50.28492],[13.01317,50.28516],[13.01312,50.28575],[13.0127,50.2859],[13.01303,50.28671],[13.01431,50.28771],[13.01552,50.28927],[13.01392,50.28961],[13.01532,50.29029],[13.0158,50.29083],[13.01618,50.2923],[13.01566,50.29398],[13.0158,50.29428],[13.01734,50.2941],[13.018,50.29535],[13.0203,50.29782],[13.02068,50.29924],[13.02243,50.3002],[13.02249,50.30129],[13.02174,50.30177],[13.02183,50.30195],[13.02127,50.30205],[13.02112,50.30269],[13.02297,50.30275],[13.02208,50.30356],[13.02079,50.30342],[13.02027,50.3031],[13.01998,50.30335],[13.02075,50.30431],[13.02099,50.30521],[13.02346,50.30643],[13.02522,50.30645],[13.02545,50.30553],[13.03043,50.30682],[13.03066,50.30659],[13.03232,50.30724],[13.03234,50.30707],[13.03505,50.30708],[13.03626,50.30683],[13.0366,50.30662],[13.03662,50.30618],[13.03627,50.30607],[13.03616,50.30565],[13.03735,50.30478],[13.03863,50.30439],[13.03835,50.30397],[13.03876,50.30373],[13.03937,50.30403],[13.0416,50.30388],[13.04198,50.30361],[13.04137,50.30352],[13.04127,50.30322],[13.04199,50.30308],[13.04254,50.30235],[13.04292,50.30232],[13.04341,50.30372],[13.04337,50.30455],[13.04307,50.30467],[13.04329,50.30526],[13.04398,50.30549],[13.04392,50.30605],[13.04308,50.30647],[13.04283,50.3071],[13.04458,50.30758],[13.04465,50.30799],[13.04646,50.30808],[13.0472,50.3085],[13.04425,50.30902],[13.04484,50.30962],[13.045,50.3102],[13.04468,50.31104],[13.04405,50.31103],[13.04437,50.31218],[13.04312,50.31182],[13.04218,50.31196],[13.04068,50.31287],[13.03908,50.31323],[13.03832,50.31402],[13.03813,50.31519],[13.03898,50.316],[13.03879,50.31631],[13.03922,50.31673],[13.0393,50.31731],[13.04015,50.31771],[13.04104,50.31764],[13.04255,50.3186],[13.04275,50.32019],[13.04185,50.32029],[13.04216,50.32106],[13.04172,50.32127],[13.04165,50.32151],[13.04188,50.32152],[13.04096,50.32301],[13.04136,50.32359],[13.04232,50.3242],[13.04202,50.32491],[13.04142,50.325],[13.04163,50.32604],[13.0439,50.32691],[13.0454,50.32645],[13.04559,50.32661],[13.0454,50.32748],[13.04782,50.32785],[13.04845,50.32858],[13.0477,50.32918],[13.048,50.32939],[13.04811,50.33013],[13.0492,50.33019],[13.05094,50.33108],[13.05054,50.33162],[13.05308,50.33205],[13.05475,50.33289],[13.05412,50.33361],[13.05667,50.33332],[13.05702,50.33392],[13.05925,50.33454],[13.06254,50.33461],[13.066,50.33588],[13.07422,50.33669],[13.07448,50.33699],[13.07522,50.33611],[13.07629,50.33557],[13.07675,50.33612],[13.07853,50.33531],[13.07864,50.33489],[13.07936,50.33447],[13.07952,50.33456],[13.07992,50.33532],[13.07827,50.33611],[13.07758,50.33693],[13.07633,50.33765],[13.07678,50.33887],[13.07582,50.33935],[13.07504,50.33926],[13.07268,50.33989],[13.07164,50.34089],[13.07102,50.34223],[13.07105,50.34365],[13.07171,50.3437],[13.0717,50.34406],[13.07219,50.34483],[13.0726,50.34471],[13.07404,50.34555],[13.07599,50.34512],[13.07816,50.34557],[13.0799,50.34541],[13.08017,50.34662],[13.07988,50.34818],[13.08019,50.34866],[13.07944,50.34902],[13.07902,50.35],[13.07926,50.35282],[13.08031,50.35392],[13.08035,50.35442],[13.08097,50.35417],[13.08106,50.35465],[13.0818,50.3551],[13.0848,50.35609],[13.0862,50.35621],[13.09036,50.35588],[13.09321,50.35484],[13.09688,50.35681],[13.09796,50.35711],[13.09948,50.35683],[13.09942,50.3564],[13.1016,50.35502],[13.10182,50.35526],[13.10296,50.3549],[13.10357,50.35448],[13.10369,50.35426],[13.10342,50.35405],[13.10517,50.35358],[13.10571,50.35432],[13.10713,50.35351],[13.10793,50.35367],[13.10864,50.35421],[13.1099,50.35439],[13.11015,50.35368],[13.11164,50.35347],[13.11229,50.35315],[13.1121,50.35221],[13.11043,50.35119],[13.1107,50.35058],[13.11172,50.35043],[13.11192,50.35082],[13.11219,50.35084],[13.11438,50.34937],[13.11393,50.34888],[13.11359,50.34712],[13.11427,50.34603],[13.11512,50.34608],[13.1149,50.34535],[13.11515,50.34533],[13.1164,50.34554],[13.11672,50.34814],[13.11737,50.34883],[13.11762,50.35038],[13.11915,50.35051],[13.11982,50.35115],[13.1206,50.35102],[13.12232,50.3513],[13.12179,50.35286],[13.12062,50.35337],[13.12027,50.35307],[13.11971,50.35357],[13.11998,50.35385],[13.12211,50.3546],[13.12442,50.35506],[13.12598,50.35611],[13.12766,50.35684],[13.12861,50.35763],[13.12899,50.35715],[13.12942,50.35729],[13.12981,50.35763],[13.12981,50.35797],[13.13085,50.35826],[13.13164,50.35931],[13.13363,50.36008],[13.1337,50.35981],[13.13642,50.35969],[13.13732,50.35905],[13.1373,50.35808],[13.13973,50.35812],[13.14026,50.35736],[13.14216,50.35788],[13.14278,50.35834],[13.14447,50.35793],[13.14923,50.35757],[13.1516,50.35657],[13.15151,50.35544],[13.15249,50.35436],[13.15289,50.35421],[13.15354,50.3546],[13.15401,50.35439],[13.15458,50.35458],[13.15605,50.3545],[13.15724,50.35339],[13.15844,50.35288],[13.15872,50.35241],[13.15996,50.35265],[13.16084,50.35347],[13.16322,50.35283],[13.16361,50.35334],[13.16483,50.35329],[13.16968,50.35223],[13.17119,50.35323],[13.17309,50.35324],[13.17986,50.35435],[13.1839,50.35441],[13.18442,50.35417],[13.18394,50.35184],[13.18421,50.35009],[13.184,50.34966],[13.18425,50.34944],[13.18549,50.35065],[13.18543,50.35126],[13.18626,50.3523],[13.18628,50.35277],[13.18675,50.35306],[13.18886,50.35342],[13.18982,50.35424],[13.19085,50.35446],[13.19142,50.35429],[13.19147,50.35375],[13.19192,50.35328],[13.19309,50.3531],[13.19404,50.35332],[13.19536,50.35404],[13.19699,50.35455],[13.19715,50.35567],[13.19757,50.35614],[13.19842,50.35648],[13.19935,50.35732],[13.20192,50.35801],[13.20214,50.35899],[13.20468,50.35959],[13.20619,50.36064],[13.20913,50.3616],[13.20963,50.36143],[13.20964,50.361],[13.21098,50.36],[13.21049,50.35873],[13.21092,50.35747],[13.20836,50.35533],[13.20777,50.35454],[13.211,50.35405],[13.21226,50.35452],[13.21377,50.35387],[13.21659,50.35376],[13.2206,50.35285],[13.22148,50.3524],[13.2222,50.35264],[13.22117,50.35212],[13.22184,50.35072],[13.22322,50.35078],[13.22412,50.34804],[13.22605,50.3459],[13.22614,50.34545],[13.22581,50.34441],[13.22605,50.34409],[13.22554,50.34315],[13.22806,50.34143],[13.22823,50.34074],[13.22715,50.34019],[13.22784,50.33938],[13.22791,50.33889],[13.22963,50.33821],[13.23369,50.33774],[13.23503,50.33781],[13.2376,50.33608],[13.23782,50.33562],[13.23733,50.33509],[13.23436,50.33357],[13.23252,50.33187],[13.23328,50.33151],[13.23324,50.33115],[13.23514,50.33005],[13.23687,50.32743],[13.2375,50.32535],[13.23502,50.32442],[13.23487,50.32262],[13.23529,50.3218],[13.23624,50.32158],[13.23523,50.32094],[13.2316,50.32105],[13.2305,50.31999],[13.22855,50.31878],[13.22779,50.31864],[13.22659,50.31756],[13.22612,50.31783],[13.22452,50.31708],[13.2222,50.31526],[13.2229,50.31468],[13.22165,50.31397],[13.22064,50.31299],[13.22162,50.31129],[13.22281,50.31088],[13.22333,50.31018],[13.22318,50.30997],[13.22455,50.3096],[13.22321,50.30757],[13.22355,50.30635],[13.22824,50.30669],[13.22848,50.30522],[13.22904,50.30389],[13.22841,50.30319],[13.23001,50.30346],[13.23408,50.30293],[13.23445,50.30238],[13.23446,50.30187],[13.23401,50.30081],[13.23398,50.29907],[13.23437,50.29796],[13.2345,50.29657],[13.22941,50.29733],[13.22824,50.29634],[13.22671,50.29595],[13.22322,50.29438],[13.22378,50.2939],[13.22346,50.29373],[13.22353,50.29241],[13.2244,50.28991],[13.22706,50.28896],[13.22687,50.28869],[13.22449,50.28837],[13.22361,50.28763],[13.22379,50.28648],[13.22105,50.28668],[13.22011,50.28635],[13.21866,50.28634],[13.21959,50.28593],[13.2218,50.28432],[13.21903,50.28397],[13.20942,50.28377],[13.20292,50.28287],[13.20302,50.28234],[13.2033,50.28218],[13.20293,50.28203],[13.20294,50.2818],[13.20228,50.28145],[13.2004,50.28119],[13.19988,50.28029],[13.19927,50.27986],[13.20049,50.27926],[13.20263,50.27949],[13.20274,50.27996],[13.20527,50.28019],[13.20683,50.27979],[13.20701,50.28032],[13.20841,50.28048],[13.21111,50.28196],[13.21343,50.28212],[13.216,50.28156],[13.21723,50.28215],[13.22107,50.28224],[13.22025,50.27954],[13.22047,50.27838],[13.22017,50.27798],[13.21773,50.27739],[13.21432,50.27557],[13.21446,50.27387],[13.21483,50.27352],[13.21492,50.27306],[13.21726,50.2733],[13.21988,50.27436],[13.221,50.27367],[13.22356,50.27315],[13.23056,50.27349],[13.23224,50.27329],[13.2335,50.27267],[13.23325,50.27098],[13.23152,50.26994],[13.23043,50.26896],[13.22983,50.26517],[13.22985,50.26297],[13.23266,50.26316],[13.23366,50.26108],[13.23426,50.25904],[13.2333,50.25687],[13.23747,50.25253],[13.23726,50.25109],[13.23801,50.24897],[13.23797,50.2481],[13.23761,50.24751],[13.23602,50.24624],[13.23411,50.24557],[13.23021,50.24546],[13.22424,50.24599],[13.22496,50.24536],[13.22436,50.24541],[13.2228,50.24483],[13.22356,50.2439],[13.22301,50.24361],[13.22277,50.24313],[13.22219,50.24303],[13.22243,50.24199],[13.22528,50.24176],[13.22477,50.24088],[13.22353,50.24008],[13.22335,50.23972],[13.2241,50.23927],[13.22529,50.23681],[13.2264,50.23535],[13.22918,50.23359],[13.23019,50.23344],[13.23048,50.2326]]]}},{"type":"Feature","properties":{"name":"578011"},"geometry":{"type":"Polygon","coordinates":[[[12.87301,50.06824],[12.8714,50.06755],[12.87172,50.06699],[12.87154,50.06666],[12.87168,50.06632],[12.8734,50.06454],[12.87263,50.06439],[12.87193,50.06519],[12.86976,50.0664],[12.86672,50.0661],[12.86476,50.06458],[12.86329,50.06444],[12.85585,50.06425],[12.85509,50.0643],[12.85406,50.06479],[12.85188,50.06485],[12.85074,50.06483],[12.84968,50.06409],[12.84827,50.06383],[12.84417,50.06419],[12.84251,50.0641],[12.84118,50.06357],[12.84071,50.06193],[12.84113,50.06164],[12.84157,50.06078],[12.84382,50.06112],[12.84327,50.06031],[12.84312,50.05955],[12.84189,50.05885],[12.84184,50.05855],[12.84092,50.05848],[12.84086,50.05868],[12.8396,50.05844],[12.839,50.05865],[12.8379,50.05781],[12.83742,50.05788],[12.83754,50.0584],[12.83664,50.05892],[12.83619,50.05962],[12.83944,50.05984],[12.83923,50.06012],[12.8357,50.0606],[12.83496,50.06034],[12.83402,50.06048],[12.83423,50.06094],[12.83463,50.0611],[12.83628,50.06112],[12.83645,50.06093],[12.83704,50.06137],[12.83577,50.0628],[12.83551,50.06416],[12.83412,50.06487],[12.83489,50.06501],[12.83549,50.06563],[12.83545,50.06589],[12.83614,50.06615],[12.83667,50.06581],[12.83833,50.06595],[12.83847,50.06655],[12.83988,50.06617],[12.84008,50.06688],[12.84124,50.06634],[12.84209,50.06623],[12.84253,50.06718],[12.84377,50.06672],[12.84435,50.06755],[12.84568,50.06795],[12.84639,50.06853],[12.84933,50.06865],[12.85028,50.07155],[12.8548,50.07138],[12.85546,50.07187],[12.85794,50.07152],[12.85831,50.07227],[12.85979,50.07309],[12.86268,50.07328],[12.86356,50.07421],[12.86403,50.07436],[12.86459,50.07437],[12.86511,50.07403],[12.86576,50.07428],[12.87093,50.0779],[12.87361,50.08246],[12.87508,50.08402],[12.87594,50.0864],[12.87708,50.09095],[12.8766,50.09207],[12.87683,50.09308],[12.87773,50.09481],[12.87705,50.09603],[12.87704,50.09681],[12.87793,50.0986],[12.87796,50.09982],[12.87903,50.10233],[12.87936,50.10411],[12.87984,50.10517],[12.87917,50.10675],[12.87911,50.10757],[12.87952,50.10751],[12.88038,50.1067],[12.88348,50.10521],[12.88351,50.10688],[12.88356,50.10566],[12.88541,50.10521],[12.88815,50.10365],[12.89725,50.10146],[12.90474,50.09777],[12.90618,50.09254],[12.90804,50.09164],[12.90335,50.09081],[12.90231,50.09083],[12.90173,50.09021],[12.9003,50.08968],[12.89945,50.08909],[12.89961,50.08829],[12.89766,50.08811],[12.89803,50.08696],[12.89757,50.08655],[12.89696,50.08664],[12.89652,50.08569],[12.89476,50.08542],[12.89454,50.0846],[12.89366,50.08442],[12.8932,50.08355],[12.89324,50.08299],[12.89199,50.08269],[12.88843,50.07881],[12.8891,50.07396],[12.88891,50.07397],[12.8889,50.073],[12.88919,50.07299],[12.88962,50.07137],[12.89129,50.06809],[12.89029,50.06828],[12.88784,50.06797],[12.88641,50.06829],[12.88283,50.06844],[12.87821,50.06753],[12.87554,50.06848],[12.87301,50.06824]]]}},{"type":"Feature","properties":{"name":"554626"},"geometry":{"type":"Polygon","coordinates":[[[12.45794,49.99434],[12.4539,49.99361],[12.45408,49.99258],[12.45366,49.99178],[12.44908,49.99045],[12.44783,49.99043],[12.44326,49.98807],[12.44079,49.98654],[12.44005,49.98708],[12.43154,49.98451],[12.43144,49.98569],[12.43174,49.98702],[12.43207,49.98743],[12.43143,49.98869],[12.42653,49.99028],[12.42575,49.99111],[12.42841,49.99258],[12.43537,49.99362],[12.43582,49.99471],[12.43528,49.9974],[12.43534,49.99854],[12.4339,49.99983],[12.43205,50.00031],[12.43172,50.00263],[12.42773,50.00204],[12.42437,50.0008],[12.42446,50.00042],[12.42329,50.00093],[12.42396,50.00127],[12.42315,50.00283],[12.42265,50.00557],[12.42211,50.00642],[12.42107,50.00714],[12.41986,50.00657],[12.41414,50.00854],[12.41136,50.01076],[12.41076,50.01152],[12.41029,50.01286],[12.41095,50.01536],[12.41154,50.0166],[12.41311,50.01862],[12.41492,50.0203],[12.41688,50.02315],[12.41698,50.02376],[12.41614,50.02778],[12.41643,50.0283],[12.42403,50.0292],[12.42772,50.02907],[12.4298,50.02978],[12.43062,50.03121],[12.42899,50.03144],[12.4281,50.03303],[12.4257,50.03295],[12.42429,50.03344],[12.42249,50.0335],[12.4179,50.03293],[12.41736,50.03377],[12.41574,50.03532],[12.41353,50.03674],[12.41211,50.03816],[12.4108,50.03766],[12.40992,50.03832],[12.40871,50.03821],[12.40756,50.03859],[12.4059,50.03949],[12.40501,50.04038],[12.40486,50.04082],[12.40353,50.04175],[12.41628,50.04467],[12.41794,50.04481],[12.41527,50.04531],[12.41396,50.04521],[12.41499,50.04619],[12.41766,50.04746],[12.4196,50.04921],[12.42068,50.0497],[12.42117,50.04948],[12.42215,50.048],[12.42315,50.04773],[12.42446,50.04772],[12.42601,50.04689],[12.42661,50.04687],[12.42661,50.04726],[12.42601,50.04764],[12.42332,50.04887],[12.42294,50.04996],[12.42355,50.0503],[12.42359,50.05157],[12.42783,50.05321],[12.42902,50.05337],[12.43123,50.05444],[12.43378,50.05512],[12.43509,50.05521],[12.43585,50.0555],[12.43695,50.05647],[12.43736,50.05657],[12.43893,50.05603],[12.443,50.05553],[12.44444,50.05504],[12.44484,50.0546],[12.44544,50.05475],[12.4446,50.05565],[12.44386,50.05596],[12.43803,50.05769],[12.43781,50.05802],[12.43841,50.05912],[12.43916,50.05972],[12.44069,50.06019],[12.44473,50.05978],[12.44534,50.05964],[12.445,50.05958],[12.4456,50.0593],[12.44593,50.05955],[12.44853,50.05885],[12.44855,50.05843],[12.44895,50.05879],[12.452,50.05894],[12.45372,50.0594],[12.45751,50.05908],[12.45989,50.06005],[12.46189,50.06045],[12.46265,50.0603],[12.4636,50.0597],[12.46398,50.05839],[12.46253,50.05855],[12.46132,50.05836],[12.45801,50.05631],[12.46278,50.05457],[12.46503,50.05319],[12.46601,50.05196],[12.46685,50.04942],[12.47185,50.0502],[12.47371,50.05085],[12.47563,50.05099],[12.47603,50.05149],[12.4783,50.05154],[12.47991,50.04954],[12.48018,50.04807],[12.48119,50.04782],[12.48095,50.04648],[12.48171,50.04532],[12.48379,50.0455],[12.48601,50.04618],[12.49471,50.04684],[12.49787,50.04627],[12.50099,50.04611],[12.50109,50.04589],[12.50249,50.04571],[12.50148,50.04398],[12.50107,50.04371],[12.50117,50.04352],[12.50025,50.04301],[12.49951,50.04014],[12.5001,50.04002],[12.49986,50.03932],[12.49896,50.03877],[12.49813,50.03756],[12.49827,50.03691],[12.49778,50.03547],[12.49741,50.03538],[12.49674,50.03424],[12.49637,50.03403],[12.49579,50.03217],[12.49515,50.03158],[12.49577,50.0313],[12.49569,50.03109],[12.49401,50.02994],[12.49373,50.02995],[12.49364,50.02937],[12.49322,50.02922],[12.49329,50.02863],[12.49303,50.0284],[12.49385,50.0266],[12.49393,50.0261],[12.4935,50.02578],[12.49399,50.0247],[12.49389,50.02444],[12.49493,50.02347],[12.49556,50.02321],[12.49579,50.02264],[12.49654,50.02211],[12.4964,50.02011],[12.49861,50.01726],[12.49863,50.01558],[12.49843,50.01502],[12.49794,50.01458],[12.49796,50.01376],[12.49957,50.01359],[12.50191,50.01285],[12.50424,50.0126],[12.50705,50.01274],[12.50895,50.01316],[12.51203,50.01281],[12.51687,50.01275],[12.51646,50.01231],[12.5165,50.01159],[12.51704,50.01125],[12.51701,50.01091],[12.51781,50.01044],[12.51773,50.01021],[12.5184,50.00885],[12.51799,50.00731],[12.51754,50.00724],[12.51612,50.00596],[12.51624,50.00577],[12.51526,50.00413],[12.51445,50.00331],[12.51358,50.00289],[12.5141,50.00146],[12.51361,50.00098],[12.51334,49.99984],[12.51284,49.99899],[12.51287,49.99844],[12.51375,49.99634],[12.51519,49.99486],[12.51548,49.99377],[12.51524,49.99227],[12.51354,49.98961],[12.51187,49.9887],[12.51066,49.98843],[12.51018,49.98801],[12.51017,49.98611],[12.5096,49.98513],[12.50935,49.98274],[12.50866,49.98142],[12.50842,49.98017],[12.50764,49.97951],[12.50642,49.9773],[12.50529,49.97626],[12.50429,49.97393],[12.50232,49.97285],[12.49937,49.97226],[12.49441,49.97605],[12.49222,49.97869],[12.49198,49.97946],[12.49086,49.97998],[12.49003,49.98172],[12.48642,49.98106],[12.48455,49.98127],[12.48167,49.98097],[12.48162,49.98131],[12.48005,49.98129],[12.47668,49.98086],[12.47551,49.98394],[12.47373,49.98534],[12.47091,49.98682],[12.46855,49.98954],[12.46843,49.99],[12.47001,49.99077],[12.47011,49.99103],[12.46723,49.99293],[12.46589,49.99319],[12.46413,49.99417],[12.4608,49.99499],[12.45903,49.99488],[12.45794,49.99434]]]}},{"type":"Feature","properties":{"name":"554693"},"geometry":{"type":"Polygon","coordinates":[[[12.48555,50.13032],[12.4872,50.12991],[12.48761,50.12851],[12.48719,50.12724],[12.48602,50.12554],[12.48519,50.12326],[12.48641,50.12282],[12.48629,50.12271],[12.48759,50.12135],[12.48752,50.12118],[12.48123,50.12016],[12.4806,50.11925],[12.48115,50.11886],[12.48184,50.11923],[12.48236,50.11914],[12.48283,50.11861],[12.4832,50.11534],[12.48239,50.1152],[12.48385,50.11463],[12.48614,50.11555],[12.48433,50.1143],[12.48446,50.1139],[12.48419,50.11343],[12.4834,50.11388],[12.48315,50.11383],[12.48297,50.1132],[12.48282,50.11134],[12.48427,50.11104],[12.48537,50.11052],[12.48417,50.11052],[12.48333,50.11023],[12.48214,50.10901],[12.47943,50.10764],[12.4776,50.10699],[12.47608,50.10699],[12.47604,50.10743],[12.47564,50.10741],[12.47551,50.10775],[12.4715,50.10749],[12.46884,50.10818],[12.46881,50.10844],[12.46684,50.10836],[12.46692,50.10868],[12.46645,50.10874],[12.46739,50.11058],[12.46636,50.11054],[12.4671,50.11151],[12.46553,50.11099],[12.46421,50.11135],[12.46388,50.11209],[12.46449,50.11324],[12.46401,50.11345],[12.46211,50.11314],[12.46056,50.1132],[12.45597,50.11458],[12.4521,50.11504],[12.44955,50.11599],[12.44891,50.11682],[12.44769,50.11685],[12.4475,50.1171],[12.44849,50.11717],[12.44852,50.1174],[12.44431,50.11778],[12.44193,50.11771],[12.44051,50.11804],[12.44182,50.11981],[12.444,50.12173],[12.44357,50.12468],[12.44319,50.12536],[12.44404,50.12568],[12.44333,50.12647],[12.44329,50.12687],[12.44362,50.12735],[12.44527,50.12839],[12.44565,50.1291],[12.44543,50.12959],[12.44367,50.13086],[12.44277,50.13251],[12.44209,50.13289],[12.44075,50.13312],[12.44112,50.13383],[12.44194,50.13752],[12.44492,50.13815],[12.44546,50.13733],[12.44929,50.1377],[12.44901,50.13897],[12.45405,50.13861],[12.45641,50.13874],[12.4563,50.13861],[12.45657,50.13839],[12.45691,50.13855],[12.45717,50.13802],[12.45745,50.13824],[12.45732,50.13776],[12.45774,50.13742],[12.45648,50.13702],[12.45653,50.13738],[12.45602,50.13731],[12.45516,50.13816],[12.4533,50.13764],[12.45352,50.13684],[12.45472,50.13517],[12.45536,50.13505],[12.45653,50.13589],[12.45674,50.13604],[12.45635,50.13654],[12.45666,50.13661],[12.45704,50.13628],[12.45758,50.13646],[12.45796,50.13593],[12.45894,50.13602],[12.45879,50.13568],[12.45826,50.1358],[12.4578,50.13561],[12.45747,50.13459],[12.45841,50.13489],[12.45855,50.13413],[12.45899,50.13418],[12.45943,50.13373],[12.45975,50.13382],[12.4597,50.13357],[12.46024,50.13348],[12.46062,50.13279],[12.46147,50.13277],[12.46251,50.13378],[12.46308,50.13397],[12.46454,50.13514],[12.46496,50.13501],[12.46753,50.13705],[12.46846,50.13806],[12.46919,50.1384],[12.46931,50.13824],[12.47094,50.13919],[12.46999,50.14045],[12.47392,50.14194],[12.47315,50.14288],[12.4747,50.14335],[12.47449,50.14395],[12.47604,50.14461],[12.47643,50.14406],[12.47676,50.1442],[12.4772,50.14361],[12.47956,50.14458],[12.48317,50.14685],[12.48519,50.14891],[12.48473,50.14729],[12.48515,50.14537],[12.48629,50.1442],[12.48736,50.14168],[12.48758,50.14062],[12.48756,50.13765],[12.48859,50.13607],[12.48832,50.13466],[12.48851,50.13351],[12.48712,50.13272],[12.48555,50.13032]]]}},{"type":"Feature","properties":{"name":"554511"},"geometry":{"type":"Polygon","coordinates":[[[12.6596,49.95219],[12.65919,49.95195],[12.6578,49.95197],[12.65651,49.95166],[12.65588,49.95116],[12.6563,49.94974],[12.65623,49.94928],[12.6574,49.9467],[12.65735,49.94624],[12.65339,49.94486],[12.65256,49.94405],[12.65033,49.94406],[12.65036,49.94351],[12.64984,49.94337],[12.64536,49.94364],[12.64237,49.94429],[12.6404,49.94446],[12.63965,49.94372],[12.63754,49.94326],[12.63639,49.94239],[12.63562,49.94092],[12.63392,49.9387],[12.63317,49.93862],[12.63088,49.93736],[12.62835,49.93642],[12.62762,49.93648],[12.62726,49.93605],[12.62678,49.93438],[12.63971,49.93289],[12.64499,49.93186],[12.64471,49.93071],[12.64487,49.92967],[12.64468,49.92864],[12.64515,49.92856],[12.64672,49.92879],[12.64721,49.92913],[12.64735,49.9309],[12.65041,49.93078],[12.64965,49.93042],[12.64967,49.92954],[12.65079,49.92961],[12.65082,49.92849],[12.65312,49.92824],[12.65352,49.92876],[12.65439,49.92857],[12.65761,49.92876],[12.66001,49.92828],[12.66074,49.93119],[12.6614,49.93165],[12.66217,49.93284],[12.66202,49.93332],[12.66341,49.93311],[12.66395,49.93273],[12.6644,49.93327],[12.6657,49.9331],[12.66702,49.93338],[12.66727,49.93351],[12.66708,49.93379],[12.66767,49.93384],[12.66761,49.93425],[12.67207,49.93393],[12.67427,49.93469],[12.67736,49.93504],[12.6781,49.93456],[12.67981,49.93451],[12.67996,49.93476],[12.68153,49.93479],[12.6814,49.9341],[12.68212,49.93387],[12.6839,49.93367],[12.68418,49.93426],[12.68993,49.93329],[12.69024,49.93384],[12.68893,49.93451],[12.68884,49.93528],[12.69124,49.93424],[12.69108,49.93504],[12.68984,49.93745],[12.69022,49.93973],[12.68345,49.93975],[12.6834,49.94026],[12.68223,49.94252],[12.68134,49.94654],[12.68101,49.94739],[12.6803,49.94823],[12.67535,49.94535],[12.67562,49.94712],[12.67613,49.94741],[12.67598,49.94798],[12.6754,49.94847],[12.67296,49.94801],[12.67313,49.94943],[12.67292,49.95006],[12.67206,49.95017],[12.67051,49.94959],[12.67035,49.95022],[12.66988,49.95024],[12.66983,49.95237],[12.66908,49.95266],[12.66778,49.95265],[12.66787,49.95302],[12.66664,49.95227],[12.66666,49.95281],[12.66213,49.95203],[12.6596,49.95219]]]}},{"type":"Feature","properties":{"name":"560383"},"geometry":{"type":"Polygon","coordinates":[[[12.74531,50.22672],[12.74303,50.22871],[12.74301,50.22962],[12.74379,50.23063],[12.74245,50.22988],[12.74041,50.22944],[12.73707,50.22903],[12.73465,50.22905],[12.73535,50.22792],[12.73415,50.22748],[12.73361,50.22797],[12.73257,50.22761],[12.73231,50.22902],[12.72863,50.22883],[12.72508,50.22791],[12.72491,50.22804],[12.72711,50.22909],[12.72732,50.22964],[12.72836,50.23038],[12.72859,50.2314],[12.72904,50.23188],[12.72804,50.2323],[12.72748,50.23356],[12.72559,50.235],[12.7278,50.23569],[12.72747,50.23632],[12.72644,50.23623],[12.72638,50.23675],[12.7259,50.23681],[12.72617,50.23728],[12.72404,50.23886],[12.72325,50.24068],[12.72056,50.24121],[12.71797,50.24066],[12.71638,50.24281],[12.71615,50.24351],[12.71353,50.24514],[12.71264,50.24941],[12.71128,50.25262],[12.70942,50.25612],[12.71279,50.25729],[12.71362,50.25703],[12.7146,50.25781],[12.70986,50.26022],[12.71008,50.26061],[12.70818,50.26208],[12.70786,50.2635],[12.70525,50.26522],[12.70597,50.26551],[12.70726,50.26517],[12.70939,50.26569],[12.71252,50.26596],[12.71368,50.26684],[12.71505,50.26712],[12.71756,50.26688],[12.71896,50.26703],[12.72007,50.26829],[12.71768,50.26887],[12.71775,50.26903],[12.71541,50.26979],[12.71565,50.27075],[12.71869,50.26978],[12.71998,50.26984],[12.72023,50.27024],[12.7205,50.27219],[12.72148,50.27083],[12.72218,50.2694],[12.7221,50.26908],[12.72245,50.26933],[12.72259,50.27049],[12.72407,50.27048],[12.7261,50.27128],[12.72572,50.27246],[12.72483,50.27317],[12.72512,50.27371],[12.72648,50.27427],[12.73064,50.27338],[12.73307,50.27359],[12.73377,50.27313],[12.73412,50.27394],[12.73604,50.27366],[12.73845,50.27366],[12.73927,50.27316],[12.7446,50.27519],[12.7462,50.27627],[12.74703,50.27593],[12.74523,50.27367],[12.74483,50.27263],[12.74484,50.27182],[12.74645,50.27058],[12.75085,50.25727],[12.75146,50.25631],[12.75129,50.25595],[12.75149,50.25521],[12.75256,50.25467],[12.75477,50.25488],[12.75469,50.25456],[12.75866,50.25458],[12.76011,50.25385],[12.76418,50.25327],[12.76839,50.25198],[12.7692,50.25138],[12.76966,50.25046],[12.76779,50.24941],[12.76537,50.24752],[12.76441,50.24558],[12.76232,50.24644],[12.76084,50.24473],[12.76093,50.2444],[12.76047,50.24348],[12.75831,50.24141],[12.75951,50.2406],[12.75917,50.2393],[12.76167,50.23904],[12.75942,50.23812],[12.75858,50.23739],[12.75846,50.23665],[12.75873,50.23454],[12.75833,50.23374],[12.75776,50.23328],[12.75783,50.23311],[12.75971,50.23359],[12.75987,50.23334],[12.75967,50.23278],[12.7584,50.23167],[12.7601,50.23158],[12.76004,50.23052],[12.76441,50.22945],[12.76303,50.22812],[12.76324,50.22701],[12.76263,50.22611],[12.76411,50.22471],[12.76408,50.22386],[12.76437,50.22316],[12.76136,50.22428],[12.76018,50.22388],[12.75923,50.22558],[12.75883,50.2256],[12.7588,50.22624],[12.75621,50.22693],[12.75473,50.22766],[12.74864,50.22776],[12.74601,50.22674],[12.74593,50.2265],[12.74531,50.22672]]]}},{"type":"Feature","properties":{"name":"554995"},"geometry":{"type":"MultiPolygon","coordinates":[[[[12.87704,50.09678],[12.87705,50.09603],[12.87773,50.09481],[12.87683,50.09308],[12.8766,50.09207],[12.87708,50.09095],[12.87549,50.08492],[12.87508,50.08402],[12.87361,50.08246],[12.87093,50.0779],[12.86985,50.07698],[12.86576,50.07428],[12.86511,50.07403],[12.86459,50.07437],[12.86403,50.07436],[12.86356,50.07421],[12.86268,50.07328],[12.85979,50.07309],[12.85831,50.07227],[12.85794,50.07152],[12.85546,50.07187],[12.8548,50.07138],[12.85028,50.07155],[12.84933,50.06865],[12.84639,50.06853],[12.84568,50.06795],[12.84435,50.06755],[12.84377,50.06672],[12.84253,50.06718],[12.84209,50.06623],[12.84124,50.06634],[12.84008,50.06688],[12.83988,50.06617],[12.83847,50.06655],[12.83833,50.06595],[12.83667,50.06581],[12.83614,50.06615],[12.83545,50.06589],[12.83549,50.06563],[12.83489,50.06501],[12.83412,50.06487],[12.83551,50.06416],[12.83577,50.0628],[12.83704,50.06137],[12.83645,50.06093],[12.83628,50.06112],[12.83463,50.0611],[12.83423,50.06094],[12.83402,50.06048],[12.83496,50.06034],[12.8357,50.0606],[12.83923,50.06012],[12.83944,50.05984],[12.83619,50.05962],[12.83664,50.05892],[12.83754,50.0584],[12.83742,50.05788],[12.8379,50.05781],[12.839,50.05865],[12.8396,50.05844],[12.84086,50.05868],[12.84092,50.05848],[12.83957,50.05782],[12.839,50.05674],[12.83807,50.05605],[12.83756,50.05505],[12.83661,50.0543],[12.83542,50.05475],[12.83413,50.05647],[12.83174,50.05758],[12.82888,50.0594],[12.8295,50.06016],[12.82925,50.06101],[12.82883,50.06132],[12.8288,50.06261],[12.82835,50.06319],[12.8258,50.06502],[12.82552,50.06554],[12.82645,50.06699],[12.82487,50.06832],[12.82451,50.06925],[12.82427,50.06929],[12.82444,50.06937],[12.82385,50.07034],[12.82366,50.07118],[12.82377,50.07209],[12.82338,50.07254],[12.82043,50.07408],[12.81888,50.07458],[12.81869,50.07492],[12.81711,50.07529],[12.81408,50.07563],[12.80936,50.0748],[12.80947,50.07547],[12.80803,50.07578],[12.80768,50.07608],[12.80729,50.07707],[12.80673,50.07752],[12.80667,50.07817],[12.8044,50.07906],[12.80475,50.08002],[12.80531,50.08046],[12.80673,50.08118],[12.8094,50.08196],[12.8104,50.08304],[12.81206,50.08296],[12.81264,50.08249],[12.8143,50.08247],[12.81546,50.08276],[12.81578,50.08306],[12.81615,50.08474],[12.81787,50.08584],[12.81818,50.08624],[12.81816,50.08676],[12.81886,50.08781],[12.82042,50.08861],[12.82187,50.08903],[12.82211,50.08869],[12.82182,50.08851],[12.8222,50.08845],[12.82353,50.08889],[12.82473,50.08898],[12.82495,50.09005],[12.82781,50.09103],[12.8278,50.09084],[12.8289,50.09072],[12.83224,50.09103],[12.83267,50.09055],[12.83298,50.09082],[12.83438,50.09051],[12.83468,50.09092],[12.83554,50.09075],[12.83606,50.09158],[12.83592,50.09178],[12.83682,50.09232],[12.83788,50.09245],[12.8379,50.09281],[12.83874,50.09301],[12.83673,50.09416],[12.83733,50.09463],[12.83723,50.09532],[12.83701,50.09542],[12.8382,50.0954],[12.8401,50.09636],[12.8402,50.09711],[12.83965,50.09726],[12.83999,50.09776],[12.84204,50.09855],[12.84263,50.0994],[12.84464,50.09971],[12.84579,50.10072],[12.84601,50.10119],[12.84585,50.10283],[12.845,50.10367],[12.84467,50.10668],[12.84709,50.10869],[12.84818,50.10863],[12.8487,50.1089],[12.84879,50.10959],[12.85107,50.10969],[12.85108,50.10892],[12.85219,50.10894],[12.85309,50.10712],[12.85627,50.10721],[12.86329,50.11044],[12.86357,50.11083],[12.86346,50.11153],[12.86392,50.11142],[12.86391,50.11075],[12.86438,50.11051],[12.86814,50.11116],[12.87118,50.11218],[12.8764,50.11348],[12.87663,50.11317],[12.87738,50.11297],[12.87807,50.11212],[12.87965,50.11162],[12.87998,50.11125],[12.88177,50.11054],[12.88272,50.10978],[12.88363,50.10944],[12.88339,50.10915],[12.88348,50.10521],[12.88038,50.1067],[12.87952,50.10751],[12.87911,50.10757],[12.87917,50.10675],[12.87984,50.10517],[12.87936,50.10411],[12.87903,50.10233],[12.87796,50.09982],[12.87793,50.0986],[12.87704,50.09678]]],[[[12.8551,50.13484],[12.85658,50.13428],[12.85937,50.13371],[12.85997,50.13308],[12.86071,50.13121],[12.8625,50.1298],[12.86382,50.12832],[12.86705,50.1278],[12.86803,50.12728],[12.8697,50.1269],[12.8705,50.12693],[12.87051,50.12623],[12.87148,50.1266],[12.87251,50.12735],[12.87618,50.1248],[12.87146,50.12403],[12.87031,50.12355],[12.8685,50.12323],[12.86732,50.12269],[12.86459,50.12234],[12.86144,50.12037],[12.86083,50.11963],[12.8612,50.11904],[12.86097,50.11822],[12.86065,50.11838],[12.86034,50.11791],[12.85824,50.11829],[12.85746,50.1179],[12.85671,50.11783],[12.85642,50.11907],[12.85464,50.11909],[12.85274,50.11826],[12.84952,50.118],[12.8494,50.11719],[12.84993,50.11584],[12.84977,50.11497],[12.85003,50.11385],[12.84956,50.11348],[12.84918,50.11359],[12.84836,50.11241],[12.84649,50.11208],[12.84607,50.11208],[12.84534,50.11287],[12.8441,50.11318],[12.84447,50.11394],[12.84421,50.11461],[12.8448,50.1149],[12.84342,50.11567],[12.84433,50.11664],[12.84402,50.11784],[12.83984,50.11809],[12.83842,50.11793],[12.83653,50.11733],[12.83555,50.11775],[12.8349,50.11684],[12.83261,50.11663],[12.82858,50.11731],[12.82927,50.11817],[12.82974,50.11924],[12.82812,50.12254],[12.82709,50.1238],[12.82709,50.1243],[12.82825,50.12386],[12.82858,50.12452],[12.82922,50.12442],[12.82956,50.12493],[12.83351,50.12571],[12.83463,50.12667],[12.83557,50.12839],[12.83653,50.12919],[12.83776,50.12897],[12.83959,50.12927],[12.8412,50.12895],[12.84297,50.12897],[12.84493,50.12933],[12.8458,50.12904],[12.84773,50.1289],[12.8491,50.13003],[12.84906,50.13201],[12.8493,50.13305],[12.84983,50.1331],[12.84979,50.13254],[12.8501,50.13226],[12.85168,50.13208],[12.85246,50.13169],[12.85308,50.13256],[12.8522,50.13464],[12.8551,50.13484]]]]}},{"type":"Feature","properties":{"name":"560341"},"geometry":{"type":"Polygon","coordinates":[[[12.60893,50.2322],[12.60717,50.23201],[12.60549,50.23102],[12.60472,50.231],[12.60423,50.23035],[12.60458,50.23015],[12.60473,50.22968],[12.60438,50.22881],[12.60321,50.22811],[12.60101,50.22779],[12.5994,50.22699],[12.59858,50.22698],[12.59818,50.22847],[12.59705,50.22797],[12.59521,50.22764],[12.59437,50.22669],[12.59311,50.22639],[12.59163,50.22528],[12.59032,50.22539],[12.58884,50.22469],[12.58767,50.22498],[12.58606,50.2249],[12.58577,50.22463],[12.5844,50.22566],[12.58238,50.22597],[12.5778,50.22461],[12.57709,50.22498],[12.57702,50.22529],[12.57739,50.22562],[12.57755,50.22624],[12.57716,50.22675],[12.57329,50.22867],[12.57259,50.2288],[12.57341,50.2301],[12.57417,50.23288],[12.57406,50.23364],[12.57294,50.23565],[12.56953,50.23691],[12.56728,50.23725],[12.56543,50.23783],[12.56528,50.23767],[12.56308,50.23878],[12.56271,50.23924],[12.56255,50.24005],[12.56287,50.24045],[12.56499,50.24064],[12.56642,50.24156],[12.56379,50.24444],[12.56397,50.2452],[12.56443,50.24549],[12.56425,50.24496],[12.56438,50.24459],[12.56534,50.24392],[12.56597,50.24377],[12.56717,50.24272],[12.56734,50.24158],[12.56698,50.24042],[12.56976,50.24156],[12.57129,50.2419],[12.57551,50.24227],[12.57611,50.24189],[12.57752,50.24239],[12.57821,50.24183],[12.57981,50.24157],[12.58252,50.24013],[12.58286,50.24034],[12.58295,50.24099],[12.58379,50.24155],[12.58378,50.24324],[12.58417,50.24371],[12.58434,50.24456],[12.58488,50.24463],[12.58486,50.24518],[12.58523,50.24471],[12.58677,50.24491],[12.58939,50.24439],[12.59057,50.24337],[12.59437,50.2429],[12.59506,50.24252],[12.59751,50.24258],[12.59809,50.24293],[12.5987,50.24231],[12.59959,50.24286],[12.60115,50.24227],[12.60327,50.24233],[12.60531,50.24186],[12.60533,50.24209],[12.60475,50.24259],[12.60371,50.24322],[12.60399,50.24425],[12.60392,50.24549],[12.60495,50.2464],[12.60525,50.24735],[12.60652,50.24831],[12.6098,50.2495],[12.6091,50.25047],[12.60861,50.25056],[12.60807,50.25202],[12.60878,50.25286],[12.60845,50.25419],[12.60901,50.25447],[12.60784,50.25458],[12.60785,50.25483],[12.60704,50.25545],[12.60681,50.25599],[12.60697,50.25679],[12.60832,50.25818],[12.61179,50.26021],[12.61604,50.2618],[12.61663,50.26168],[12.61786,50.26037],[12.61968,50.25936],[12.62097,50.25799],[12.62201,50.25744],[12.62558,50.25672],[12.6291,50.25658],[12.63213,50.25532],[12.63216,50.25437],[12.6332,50.2533],[12.63425,50.2507],[12.6359,50.24944],[12.63625,50.24978],[12.63727,50.24989],[12.63762,50.24956],[12.63961,50.24883],[12.64196,50.24831],[12.64176,50.25013],[12.64117,50.25163],[12.64093,50.25352],[12.63866,50.25674],[12.63873,50.25736],[12.63941,50.25867],[12.63881,50.2604],[12.6397,50.26159],[12.63961,50.26192],[12.63929,50.26216],[12.63773,50.26163],[12.63664,50.26163],[12.63736,50.2625],[12.64623,50.26729],[12.6474,50.26602],[12.64795,50.26584],[12.65522,50.26509],[12.6585,50.26376],[12.66015,50.26374],[12.6607,50.26238],[12.66134,50.26179],[12.66315,50.26097],[12.6656,50.26062],[12.66868,50.26227],[12.67028,50.26208],[12.67185,50.26235],[12.67278,50.26209],[12.67457,50.26045],[12.67555,50.26003],[12.67578,50.25963],[12.67685,50.25892],[12.67587,50.25759],[12.6759,50.25683],[12.67299,50.25407],[12.67344,50.25375],[12.67392,50.25269],[12.67479,50.25203],[12.67845,50.25255],[12.67925,50.25231],[12.67497,50.25145],[12.66569,50.24841],[12.66024,50.24773],[12.65169,50.24551],[12.65156,50.24526],[12.65333,50.24477],[12.65623,50.24332],[12.65673,50.22724],[12.65461,50.22737],[12.65241,50.22692],[12.65161,50.22714],[12.65119,50.22585],[12.65126,50.22538],[12.65002,50.22497],[12.64832,50.22326],[12.6459,50.22213],[12.64117,50.22482],[12.6388,50.22564],[12.63759,50.22657],[12.63625,50.22709],[12.63486,50.22799],[12.63285,50.2283],[12.63282,50.22876],[12.63308,50.22913],[12.63275,50.22929],[12.63271,50.22976],[12.63222,50.23],[12.63208,50.23054],[12.63223,50.231],[12.63331,50.23106],[12.63353,50.23136],[12.63205,50.23252],[12.63038,50.23268],[12.63124,50.23189],[12.63064,50.23084],[12.62943,50.2305],[12.629,50.23068],[12.62874,50.23015],[12.62294,50.23015],[12.6188,50.23061],[12.61876,50.2311],[12.61664,50.23079],[12.6158,50.23048],[12.61562,50.23013],[12.61213,50.2299],[12.61197,50.23033],[12.61254,50.23111],[12.61084,50.2313],[12.61078,50.23165],[12.60893,50.2322]]]}},{"type":"Feature","properties":{"name":"555738"},"geometry":{"type":"Polygon","coordinates":[[[13.00761,50.31166],[13.00763,50.31403],[13.00709,50.31453],[13.00521,50.31799],[13.00559,50.31841],[13.00774,50.31965],[13.00906,50.31911],[13.01011,50.32026],[13.01092,50.32022],[13.01196,50.32103],[13.0139,50.32171],[13.01378,50.32114],[13.01429,50.31985],[13.01517,50.31944],[13.01641,50.31803],[13.01796,50.31787],[13.01981,50.31647],[13.02119,50.31704],[13.02284,50.31684],[13.02283,50.31752],[13.02393,50.31755],[13.02403,50.31932],[13.02496,50.31948],[13.02475,50.32045],[13.02523,50.32387],[13.02548,50.3244],[13.02789,50.32568],[13.02932,50.32801],[13.02987,50.32797],[13.03056,50.32898],[13.03225,50.33034],[13.0317,50.33049],[13.0322,50.33105],[13.0345,50.33185],[13.03616,50.33149],[13.03662,50.33085],[13.03848,50.32983],[13.04191,50.32732],[13.04341,50.32723],[13.0439,50.32691],[13.04163,50.32604],[13.04142,50.325],[13.04202,50.32491],[13.04232,50.3242],[13.04096,50.32319],[13.04188,50.32152],[13.04165,50.32151],[13.04172,50.32127],[13.04216,50.32106],[13.04185,50.32029],[13.04275,50.32019],[13.04255,50.3186],[13.04104,50.31764],[13.04015,50.31771],[13.0393,50.31731],[13.03922,50.31673],[13.03879,50.31631],[13.03898,50.316],[13.03845,50.31564],[13.03809,50.31483],[13.03832,50.31402],[13.03908,50.31323],[13.04068,50.31287],[13.04252,50.31186],[13.04437,50.31218],[13.04405,50.31103],[13.04468,50.31104],[13.045,50.3102],[13.04484,50.30962],[13.04425,50.30902],[13.0472,50.3085],[13.04646,50.30808],[13.04465,50.30799],[13.04458,50.30758],[13.04283,50.3071],[13.04308,50.30647],[13.04392,50.30605],[13.04398,50.30549],[13.04329,50.30526],[13.04307,50.30467],[13.04337,50.30455],[13.04341,50.30372],[13.04292,50.30232],[13.04254,50.30235],[13.04199,50.30308],[13.04127,50.30322],[13.04137,50.30352],[13.04198,50.30361],[13.0416,50.30388],[13.03937,50.30403],[13.03876,50.30373],[13.03835,50.30397],[13.03863,50.30439],[13.03735,50.30478],[13.03616,50.30565],[13.03627,50.30607],[13.03662,50.30618],[13.0366,50.30662],[13.0355,50.30705],[13.03234,50.30707],[13.03232,50.30724],[13.03066,50.30659],[13.03043,50.30682],[13.02545,50.30553],[13.02522,50.30645],[13.02491,50.30652],[13.02346,50.30643],[13.02225,50.30593],[13.02099,50.30521],[13.02075,50.30431],[13.01998,50.30335],[13.02027,50.3031],[13.02079,50.30342],[13.02208,50.30356],[13.02297,50.30275],[13.02112,50.30269],[13.02127,50.30205],[13.02183,50.30195],[13.02174,50.30177],[13.02249,50.30129],[13.02243,50.3002],[13.02068,50.29924],[13.0203,50.29782],[13.018,50.29535],[13.01734,50.2941],[13.0158,50.29428],[13.01566,50.29398],[13.01618,50.29227],[13.01511,50.29212],[13.01497,50.29142],[13.01461,50.29104],[13.0134,50.29074],[13.01258,50.29104],[13.01138,50.29194],[13.01052,50.29217],[13.00927,50.29209],[13.00916,50.29246],[13.00999,50.29297],[13.00984,50.2937],[13.00821,50.29481],[13.00762,50.29542],[13.00748,50.29593],[13.00693,50.29612],[13.00583,50.29709],[13.00588,50.29747],[13.00475,50.29876],[13.00146,50.29969],[13.00035,50.30133],[13.00074,50.30197],[12.99969,50.30295],[12.99777,50.30379],[12.99632,50.3038],[12.99723,50.3054],[12.99799,50.3058],[13.00021,50.30541],[13.00036,50.3053],[13,50.30481],[13.00088,50.30434],[13.0026,50.30548],[13.00146,50.30578],[13.00107,50.3064],[13.00043,50.30828],[13.00031,50.31015],[13.00481,50.31131],[13.00761,50.31166]]]}},{"type":"Feature","properties":{"name":"555622"},"geometry":{"type":"Polygon","coordinates":[[[13.16361,50.04306],[13.16744,50.04316],[13.17036,50.04363],[13.17287,50.04318],[13.17586,50.03961],[13.17593,50.03758],[13.17797,50.03818],[13.18166,50.03814],[13.183,50.03784],[13.1831,50.03755],[13.18351,50.03747],[13.18612,50.03742],[13.18698,50.03694],[13.18573,50.03578],[13.18573,50.03475],[13.18486,50.03474],[13.18332,50.03527],[13.183,50.0344],[13.17396,50.03423],[13.17314,50.03282],[13.17204,50.03165],[13.17143,50.0296],[13.17218,50.02965],[13.17211,50.02926],[13.17392,50.0292],[13.17411,50.02981],[13.17592,50.03037],[13.1763,50.03033],[13.17642,50.02903],[13.17875,50.02912],[13.17883,50.02891],[13.17924,50.02892],[13.18163,50.02953],[13.18577,50.02683],[13.18815,50.02691],[13.18879,50.02641],[13.18933,50.02492],[13.18999,50.02426],[13.18956,50.02282],[13.1889,50.02192],[13.18988,50.02214],[13.19125,50.02173],[13.18949,50.02123],[13.18783,50.02043],[13.18672,50.01927],[13.18571,50.01939],[13.18419,50.02076],[13.18173,50.01981],[13.18238,50.01888],[13.18189,50.01852],[13.1819,50.01804],[13.18272,50.01716],[13.18276,50.01651],[13.18161,50.01416],[13.1823,50.01198],[13.183,50.0114],[13.18335,50.0098],[13.18223,50.00986],[13.18248,50.01008],[13.1818,50.0106],[13.1813,50.01062],[13.18115,50.01028],[13.18072,50.01016],[13.18045,50.01211],[13.17886,50.01396],[13.17871,50.0154],[13.17736,50.01554],[13.17686,50.01753],[13.17498,50.01674],[13.17386,50.01752],[13.17352,50.01873],[13.17088,50.01893],[13.16793,50.02042],[13.16452,50.02148],[13.16416,50.02032],[13.16254,50.02081],[13.16296,50.02159],[13.16305,50.02255],[13.16273,50.02331],[13.1593,50.02332],[13.15885,50.02184],[13.15846,50.02191],[13.15881,50.02347],[13.16111,50.02353],[13.1605,50.026],[13.16016,50.02593],[13.16016,50.02572],[13.16055,50.02466],[13.15815,50.02464],[13.15821,50.02243],[13.1549,50.02383],[13.15312,50.02336],[13.15077,50.02434],[13.15067,50.02415],[13.149,50.02426],[13.14871,50.02431],[13.14858,50.02488],[13.14641,50.02518],[13.14628,50.02542],[13.14964,50.02558],[13.14897,50.02811],[13.14674,50.02753],[13.14731,50.02684],[13.14788,50.02657],[13.14671,50.02638],[13.14581,50.02586],[13.1449,50.02595],[13.1448,50.0256],[13.14318,50.02591],[13.1431,50.02474],[13.14047,50.02433],[13.13742,50.02525],[13.13426,50.02511],[13.13173,50.02532],[13.12969,50.02393],[13.12665,50.02722],[13.12629,50.02687],[13.12536,50.02663],[13.12431,50.02571],[13.12293,50.02523],[13.11959,50.02259],[13.11806,50.02346],[13.11514,50.02433],[13.1149,50.02517],[13.11365,50.02579],[13.11206,50.02723],[13.1101,50.02746],[13.1103,50.02722],[13.10983,50.02674],[13.11027,50.02593],[13.10934,50.02494],[13.10834,50.02431],[13.10719,50.0246],[13.10388,50.02639],[13.10257,50.02677],[13.10161,50.03045],[13.10276,50.03083],[13.10258,50.03112],[13.10148,50.03236],[13.09965,50.03123],[13.09809,50.0352],[13.09693,50.03521],[13.09509,50.0334],[13.09384,50.03309],[13.093,50.03228],[13.0897,50.03177],[13.08943,50.03053],[13.08964,50.02972],[13.08865,50.02894],[13.08568,50.02846],[13.08501,50.0276],[13.08392,50.02716],[13.08273,50.02758],[13.08259,50.02856],[13.07885,50.03178],[13.07806,50.03409],[13.07829,50.03507],[13.07816,50.0361],[13.07941,50.03746],[13.08019,50.03943],[13.08074,50.04005],[13.0805,50.04295],[13.0794,50.0447],[13.0768,50.0464],[13.07412,50.04908],[13.07316,50.04947],[13.07009,50.05029],[13.06367,50.05148],[13.06244,50.05146],[13.0624,50.05163],[13.06023,50.05106],[13.05949,50.05125],[13.06177,50.0521],[13.06225,50.05258],[13.06348,50.05236],[13.06358,50.05261],[13.06314,50.05376],[13.06166,50.05459],[13.0635,50.05537],[13.06428,50.057],[13.0663,50.05684],[13.067,50.05704],[13.06698,50.05757],[13.06663,50.05769],[13.06327,50.058],[13.06107,50.05772],[13.06096,50.0596],[13.06062,50.05995],[13.0603,50.06098],[13.05995,50.06106],[13.06,50.06165],[13.0585,50.06174],[13.05965,50.06233],[13.05977,50.06264],[13.05922,50.06355],[13.05798,50.06341],[13.0577,50.06484],[13.05736,50.06521],[13.05854,50.0652],[13.05847,50.06548],[13.06022,50.06518],[13.06006,50.06572],[13.06051,50.06684],[13.06006,50.06693],[13.0607,50.06786],[13.05971,50.0678],[13.06043,50.06823],[13.06117,50.0683],[13.06118,50.06857],[13.06032,50.06927],[13.05949,50.0694],[13.05842,50.06999],[13.05706,50.06981],[13.05352,50.06991],[13.04891,50.07189],[13.04665,50.07175],[13.04495,50.07223],[13.04533,50.07267],[13.04552,50.07318],[13.04536,50.07359],[13.04566,50.07393],[13.04693,50.07412],[13.04908,50.07376],[13.05024,50.07382],[13.0512,50.07504],[13.05253,50.07521],[13.05245,50.07739],[13.05323,50.07782],[13.05452,50.07783],[13.05518,50.07827],[13.05566,50.07777],[13.05512,50.07757],[13.05552,50.07745],[13.05736,50.07796],[13.0574,50.07766],[13.05645,50.0767],[13.05649,50.07634],[13.05771,50.07698],[13.05806,50.07665],[13.0603,50.07742],[13.06264,50.07852],[13.06358,50.07838],[13.06324,50.07914],[13.06103,50.08012],[13.06207,50.08078],[13.06417,50.0815],[13.06493,50.0824],[13.06383,50.08337],[13.06393,50.08358],[13.0632,50.08518],[13.06213,50.08557],[13.05892,50.08545],[13.05841,50.08576],[13.05824,50.08628],[13.05699,50.08661],[13.05669,50.08695],[13.05669,50.08717],[13.05714,50.08715],[13.05729,50.08744],[13.05976,50.08779],[13.06094,50.0886],[13.06121,50.08848],[13.06269,50.08878],[13.06621,50.08784],[13.06924,50.08811],[13.06987,50.08774],[13.07083,50.08772],[13.07201,50.0881],[13.07276,50.08735],[13.07309,50.08785],[13.07516,50.08837],[13.07598,50.08806],[13.07553,50.08777],[13.07608,50.08757],[13.07599,50.08719],[13.07563,50.08655],[13.07527,50.08653],[13.0758,50.0854],[13.0729,50.08502],[13.07365,50.08405],[13.07449,50.08377],[13.07593,50.08389],[13.07623,50.08329],[13.07807,50.08262],[13.08194,50.08304],[13.08195,50.08245],[13.08283,50.08231],[13.08167,50.0815],[13.08193,50.08132],[13.08365,50.08196],[13.08372,50.08153],[13.08335,50.0807],[13.08505,50.08025],[13.08602,50.08111],[13.08756,50.08196],[13.08773,50.08178],[13.08651,50.08106],[13.08686,50.08081],[13.08984,50.08162],[13.0929,50.08135],[13.09405,50.07984],[13.09463,50.07853],[13.09429,50.07839],[13.09483,50.07825],[13.09742,50.07874],[13.09772,50.07797],[13.09634,50.07753],[13.09677,50.07688],[13.09679,50.07628],[13.09736,50.07577],[13.09792,50.07609],[13.09963,50.07883],[13.10313,50.07747],[13.10446,50.0778],[13.10431,50.07794],[13.1045,50.07836],[13.10411,50.07897],[13.10481,50.07932],[13.10651,50.07856],[13.10874,50.07928],[13.11007,50.07932],[13.11112,50.08016],[13.11061,50.08068],[13.11085,50.08154],[13.11013,50.08175],[13.11014,50.08216],[13.10971,50.08219],[13.1097,50.0826],[13.10737,50.08243],[13.10648,50.08262],[13.10591,50.08346],[13.10633,50.08392],[13.10854,50.08414],[13.10868,50.08513],[13.10999,50.08631],[13.10946,50.08652],[13.10852,50.08747],[13.11095,50.08829],[13.11253,50.08813],[13.11302,50.08746],[13.114,50.08684],[13.11409,50.08741],[13.11484,50.08785],[13.11638,50.08737],[13.11606,50.08628],[13.1144,50.08421],[13.11465,50.08414],[13.11477,50.08264],[13.11573,50.08259],[13.11599,50.0823],[13.11694,50.08285],[13.11735,50.08285],[13.11877,50.08397],[13.11914,50.08482],[13.12026,50.08493],[13.12323,50.0858],[13.12517,50.08566],[13.12504,50.08463],[13.12568,50.08369],[13.12593,50.08435],[13.12688,50.08492],[13.12782,50.08416],[13.12855,50.08398],[13.1322,50.08452],[13.13392,50.08446],[13.13545,50.08433],[13.13563,50.08354],[13.13692,50.0837],[13.13769,50.08418],[13.13838,50.08366],[13.13815,50.08357],[13.13835,50.08345],[13.13917,50.08359],[13.14081,50.08275],[13.14012,50.08212],[13.14002,50.08175],[13.14019,50.08103],[13.14117,50.08004],[13.14126,50.07959],[13.13853,50.08064],[13.13615,50.08041],[13.13473,50.07982],[13.1344,50.07896],[13.13216,50.07909],[13.13183,50.07837],[13.1322,50.07766],[13.13398,50.07731],[13.13529,50.07671],[13.13515,50.07599],[13.13656,50.0751],[13.13618,50.07484],[13.13466,50.07438],[13.1325,50.07436],[13.13177,50.07407],[13.13009,50.07433],[13.13045,50.07514],[13.12921,50.07491],[13.12838,50.07571],[13.12547,50.07613],[13.12441,50.07665],[13.12332,50.0768],[13.12054,50.07636],[13.11864,50.07635],[13.11788,50.07525],[13.11787,50.07436],[13.1199,50.07439],[13.11891,50.0729],[13.11756,50.07297],[13.11638,50.07369],[13.11591,50.0736],[13.11714,50.0725],[13.11727,50.07039],[13.11964,50.07035],[13.12277,50.06912],[13.12368,50.06913],[13.1264,50.06746],[13.12692,50.06618],[13.12631,50.06589],[13.12592,50.06513],[13.12344,50.06431],[13.12574,50.06329],[13.12591,50.06348],[13.12748,50.06281],[13.12696,50.06252],[13.12715,50.0623],[13.12823,50.06205],[13.12764,50.06134],[13.12781,50.0603],[13.13016,50.05991],[13.1302,50.05908],[13.12942,50.05863],[13.12984,50.05812],[13.12992,50.05732],[13.13079,50.05732],[13.13106,50.05616],[13.13074,50.05609],[13.13081,50.05569],[13.13133,50.05426],[13.13022,50.05427],[13.13054,50.05271],[13.13104,50.05291],[13.13196,50.05158],[13.13172,50.05149],[13.13187,50.05123],[13.13318,50.04986],[13.13494,50.04866],[13.13438,50.04818],[13.13661,50.04709],[13.1378,50.04623],[13.13706,50.04529],[13.13689,50.04465],[13.13455,50.0442],[13.13474,50.04373],[13.13523,50.04384],[13.13566,50.04334],[13.13614,50.04377],[13.13803,50.04341],[13.13864,50.04377],[13.13907,50.04354],[13.14019,50.04351],[13.14209,50.04408],[13.14238,50.04443],[13.14226,50.04457],[13.14269,50.04471],[13.14368,50.04479],[13.14423,50.04449],[13.14458,50.04479],[13.14538,50.04453],[13.14491,50.0449],[13.14538,50.0451],[13.14562,50.04491],[13.14566,50.04523],[13.14617,50.04484],[13.14627,50.04518],[13.14649,50.04521],[13.14614,50.04539],[13.14629,50.04563],[13.14696,50.04562],[13.14678,50.04596],[13.14666,50.04579],[13.14645,50.04594],[13.14768,50.0461],[13.14746,50.04659],[13.14707,50.04667],[13.1477,50.0468],[13.14777,50.04697],[13.14738,50.04707],[13.14792,50.0474],[13.14788,50.04762],[13.14819,50.04762],[13.14794,50.04781],[13.14826,50.04844],[13.14812,50.04858],[13.14845,50.04877],[13.14782,50.04887],[13.14804,50.04914],[13.14774,50.04916],[13.14832,50.04925],[13.14839,50.04944],[13.14813,50.04946],[13.14825,50.04966],[13.14876,50.04974],[13.14942,50.04902],[13.15095,50.0486],[13.15132,50.04879],[13.15299,50.04807],[13.15194,50.04717],[13.15113,50.04524],[13.15172,50.04425],[13.15177,50.04357],[13.15253,50.04298],[13.15383,50.04276],[13.15412,50.04234],[13.15532,50.04259],[13.15621,50.04306],[13.15688,50.04206],[13.15736,50.04056],[13.1534,50.0394],[13.1533,50.0388],[13.1585,50.03648],[13.15951,50.03815],[13.16129,50.03986],[13.16144,50.04064],[13.16309,50.04169],[13.16361,50.04306]]]}},{"type":"Feature","properties":{"name":"538159"},"geometry":{"type":"Polygon","coordinates":[[[12.93954,50.27503],[12.93884,50.27406],[12.93908,50.27364],[12.94125,50.27058],[12.93998,50.27086],[12.93601,50.27111],[12.93513,50.26992],[12.9333,50.26976],[12.93146,50.26803],[12.93053,50.26824],[12.93054,50.26857],[12.92721,50.26848],[12.92664,50.26887],[12.92581,50.27109],[12.92599,50.27208],[12.92563,50.27233],[12.92574,50.27268],[12.92552,50.27351],[12.92479,50.27288],[12.92432,50.27297],[12.92351,50.27261],[12.92316,50.27218],[12.92059,50.27161],[12.91881,50.27303],[12.91882,50.27429],[12.91747,50.27507],[12.91657,50.27523],[12.91577,50.27499],[12.91549,50.27518],[12.91489,50.27491],[12.91414,50.27498],[12.91389,50.27476],[12.9135,50.27494],[12.915,50.27607],[12.91478,50.2763],[12.91143,50.27677],[12.91054,50.27664],[12.91061,50.27609],[12.90995,50.27567],[12.91062,50.27511],[12.91007,50.27516],[12.90706,50.27666],[12.90694,50.2772],[12.90615,50.27772],[12.90234,50.27828],[12.90118,50.27894],[12.90137,50.27913],[12.90001,50.27933],[12.89749,50.27945],[12.89775,50.27908],[12.89691,50.27789],[12.89492,50.27638],[12.89408,50.27543],[12.88591,50.27608],[12.88268,50.27764],[12.87771,50.28088],[12.87803,50.2819],[12.87769,50.28233],[12.87698,50.28259],[12.8765,50.28331],[12.87818,50.28393],[12.88126,50.2842],[12.88831,50.28327],[12.89053,50.28395],[12.89088,50.28611],[12.88976,50.28749],[12.88991,50.28873],[12.89348,50.29193],[12.89694,50.29316],[12.89865,50.29433],[12.90392,50.29551],[12.9048,50.2959],[12.90568,50.29668],[12.9078,50.29666],[12.9085,50.29598],[12.90943,50.29545],[12.9103,50.29527],[12.91029,50.29498],[12.91074,50.29478],[12.91154,50.29589],[12.91318,50.2961],[12.91399,50.29665],[12.91516,50.29698],[12.91542,50.29687],[12.91512,50.29651],[12.91514,50.29608],[12.91538,50.29547],[12.91579,50.29517],[12.91771,50.29543],[12.91846,50.29591],[12.91973,50.29611],[12.92056,50.29498],[12.92202,50.29464],[12.92464,50.29344],[12.92684,50.29192],[12.92817,50.2906],[12.92861,50.2907],[12.92958,50.28864],[12.93253,50.28419],[12.93558,50.28448],[12.93661,50.28363],[12.9369,50.28374],[12.93678,50.28452],[12.93615,50.28549],[12.93485,50.28662],[12.93407,50.28788],[12.93368,50.28928],[12.93431,50.29004],[12.93478,50.29023],[12.93679,50.28978],[12.93917,50.2905],[12.93885,50.28988],[12.9386,50.2866],[12.93914,50.28739],[12.94025,50.28779],[12.9423,50.28929],[12.943,50.29017],[12.94341,50.28963],[12.94473,50.28926],[12.94451,50.28759],[12.94493,50.28443],[12.94799,50.28462],[12.94822,50.28427],[12.9495,50.28455],[12.95093,50.28428],[12.9517,50.28327],[12.95351,50.28289],[12.95508,50.28197],[12.95461,50.28132],[12.95509,50.2809],[12.95498,50.28038],[12.95435,50.28005],[12.95354,50.27997],[12.95127,50.28031],[12.94973,50.27986],[12.94955,50.28074],[12.95018,50.28101],[12.95081,50.28097],[12.95168,50.28181],[12.9513,50.28185],[12.95092,50.28178],[12.95081,50.28141],[12.95017,50.28152],[12.94795,50.28083],[12.94648,50.27986],[12.94585,50.27995],[12.94528,50.27933],[12.9447,50.27917],[12.9436,50.27973],[12.94306,50.27953],[12.94207,50.2788],[12.94268,50.2761],[12.94447,50.27516],[12.94127,50.27403],[12.93954,50.27503]]]}},{"type":"Feature","properties":{"name":"554740"},"geometry":{"type":"Polygon","coordinates":[[[12.33168,50.21771],[12.33464,50.2171],[12.33512,50.22016],[12.33547,50.22077],[12.3351,50.22148],[12.3323,50.22321],[12.33195,50.22358],[12.33186,50.22411],[12.33135,50.2244],[12.33123,50.22474],[12.3306,50.22481],[12.33005,50.22525],[12.3295,50.22515],[12.32926,50.2254],[12.33083,50.22738],[12.33119,50.23066],[12.33146,50.23073],[12.33141,50.23126],[12.33211,50.23337],[12.33277,50.23412],[12.33419,50.23383],[12.3343,50.23415],[12.33269,50.23421],[12.33128,50.23467],[12.32823,50.23479],[12.32896,50.23589],[12.33201,50.23774],[12.33272,50.23886],[12.3327,50.23981],[12.33173,50.24136],[12.33137,50.24257],[12.33363,50.24214],[12.33383,50.24276],[12.33479,50.24262],[12.33477,50.24218],[12.33495,50.24212],[12.33505,50.24256],[12.33555,50.24259],[12.33558,50.24205],[12.339,50.24158],[12.34189,50.2405],[12.34221,50.24072],[12.34244,50.24061],[12.3422,50.24037],[12.34239,50.2402],[12.34357,50.23995],[12.34345,50.23968],[12.34494,50.23912],[12.34495,50.23892],[12.34694,50.23846],[12.34825,50.23781],[12.34938,50.23638],[12.35015,50.23786],[12.35129,50.23716],[12.35289,50.23751],[12.35479,50.23746],[12.3552,50.23782],[12.35406,50.23851],[12.35288,50.23854],[12.35135,50.23941],[12.35203,50.23981],[12.35332,50.24006],[12.35384,50.24077],[12.35605,50.24182],[12.35682,50.24289],[12.35778,50.24283],[12.35929,50.24223],[12.35881,50.24399],[12.35752,50.2448],[12.35704,50.24485],[12.35693,50.24533],[12.3567,50.24539],[12.35788,50.24644],[12.35923,50.24702],[12.36047,50.24696],[12.36126,50.24654],[12.36279,50.24673],[12.36499,50.24562],[12.36622,50.24583],[12.37142,50.24779],[12.37261,50.24607],[12.37288,50.24583],[12.37333,50.24599],[12.37378,50.24553],[12.37497,50.24329],[12.37661,50.2436],[12.37969,50.24376],[12.38031,50.24401],[12.38026,50.24452],[12.38232,50.24477],[12.38241,50.24509],[12.38546,50.24324],[12.38709,50.24186],[12.38797,50.24247],[12.39541,50.24118],[12.39772,50.2405],[12.39642,50.23876],[12.39648,50.23808],[12.39737,50.23704],[12.39812,50.23532],[12.39952,50.23318],[12.40175,50.23254],[12.40222,50.23158],[12.40338,50.23032],[12.40389,50.23022],[12.40403,50.23038],[12.40583,50.2296],[12.40649,50.22871],[12.40633,50.2286],[12.40672,50.2272],[12.40665,50.22631],[12.40629,50.22602],[12.40761,50.22511],[12.40896,50.22474],[12.40885,50.22416],[12.40814,50.22398],[12.40935,50.22266],[12.40783,50.22302],[12.40754,50.22259],[12.40772,50.2224],[12.40735,50.22217],[12.40486,50.22248],[12.40257,50.22169],[12.40268,50.22068],[12.40301,50.22038],[12.40319,50.2196],[12.40188,50.21931],[12.40207,50.21733],[12.40119,50.21659],[12.40122,50.21611],[12.4021,50.21573],[12.40207,50.21541],[12.40292,50.21493],[12.40317,50.21436],[12.40454,50.21412],[12.40494,50.21383],[12.40443,50.21274],[12.4037,50.21243],[12.40222,50.21258],[12.40195,50.21282],[12.4012,50.21269],[12.39927,50.21324],[12.39913,50.21253],[12.39716,50.21252],[12.39097,50.21383],[12.38044,50.21509],[12.3794,50.215],[12.37905,50.21527],[12.37877,50.21509],[12.37641,50.21509],[12.37557,50.21536],[12.37481,50.21508],[12.37072,50.21532],[12.3698,50.21407],[12.36789,50.21492],[12.36596,50.21322],[12.36352,50.21406],[12.36198,50.21327],[12.36279,50.21298],[12.36348,50.21229],[12.36193,50.21185],[12.36095,50.21185],[12.36057,50.21149],[12.36058,50.2105],[12.36095,50.20969],[12.3615,50.2093],[12.35993,50.20868],[12.36057,50.20808],[12.35841,50.20728],[12.35858,50.20678],[12.35822,50.20591],[12.35481,50.20798],[12.35395,50.20754],[12.3532,50.20776],[12.35209,50.20769],[12.3516,50.2075],[12.35138,50.20683],[12.35073,50.20667],[12.35127,50.2061],[12.34941,50.20512],[12.34699,50.20564],[12.34676,50.20547],[12.34683,50.2042],[12.34634,50.20381],[12.34523,50.20399],[12.34373,50.20377],[12.34428,50.20406],[12.3442,50.20435],[12.34325,50.20389],[12.34177,50.20236],[12.34167,50.20157],[12.34134,50.20109],[12.33966,50.20029],[12.33948,50.19973],[12.33967,50.1993],[12.33902,50.19888],[12.33853,50.19806],[12.33891,50.19762],[12.33891,50.19702],[12.33756,50.19661],[12.33724,50.19618],[12.33719,50.19583],[12.33916,50.19511],[12.33657,50.19431],[12.33638,50.19487],[12.33616,50.19474],[12.33492,50.19609],[12.33404,50.1966],[12.33375,50.19732],[12.33295,50.1978],[12.33297,50.19847],[12.33355,50.19916],[12.33353,50.19956],[12.33255,50.19996],[12.33231,50.20069],[12.3281,50.20135],[12.32647,50.20226],[12.32633,50.20321],[12.32435,50.20534],[12.32344,50.20724],[12.32347,50.20755],[12.32472,50.20812],[12.32739,50.21036],[12.32744,50.21091],[12.32685,50.21183],[12.32734,50.21258],[12.32791,50.21256],[12.32698,50.21479],[12.32713,50.21595],[12.32668,50.21684],[12.32711,50.21734],[12.32704,50.21776],[12.32682,50.21784],[12.32681,50.21864],[12.32725,50.2189],[12.32903,50.21791],[12.33168,50.21771]]]}},{"type":"Feature","properties":{"name":"554529"},"geometry":{"type":"Polygon","coordinates":[[[12.36143,50.11063],[12.36038,50.10973],[12.36066,50.10956],[12.36059,50.1088],[12.36116,50.10676],[12.36087,50.10611],[12.35757,50.10775],[12.35534,50.1073],[12.35615,50.1054],[12.35144,50.10437],[12.34481,50.10416],[12.3426,50.10198],[12.3422,50.10118],[12.34212,50.10007],[12.34171,50.09965],[12.33926,50.09994],[12.33772,50.10055],[12.33556,50.09995],[12.33427,50.10067],[12.33567,50.10173],[12.33685,50.10221],[12.33762,50.10185],[12.33772,50.10233],[12.33624,50.10383],[12.33648,50.10389],[12.33583,50.10552],[12.33308,50.10542],[12.33059,50.10915],[12.32951,50.10925],[12.3293,50.10975],[12.32511,50.10969],[12.32219,50.10924],[12.32126,50.10853],[12.31835,50.10701],[12.31544,50.10752],[12.31515,50.10714],[12.31378,50.10706],[12.31392,50.10613],[12.3154,50.10564],[12.31592,50.10522],[12.31585,50.10465],[12.31507,50.10435],[12.31501,50.10373],[12.31524,50.1034],[12.31575,50.10314],[12.31689,50.10372],[12.31778,50.10324],[12.31767,50.10187],[12.31722,50.10176],[12.31709,50.10144],[12.31625,50.10141],[12.31622,50.10042],[12.31648,50.09998],[12.32045,50.09774],[12.32568,50.09742],[12.32572,50.09634],[12.32614,50.09546],[12.32704,50.09444],[12.3271,50.09407],[12.32642,50.09386],[12.32284,50.09441],[12.32243,50.09515],[12.32214,50.09481],[12.32017,50.09429],[12.31957,50.09369],[12.31842,50.09369],[12.31708,50.09422],[12.31707,50.0948],[12.31658,50.09524],[12.31654,50.09555],[12.31515,50.09596],[12.31542,50.0968],[12.31361,50.09664],[12.3129,50.09702],[12.31134,50.0991],[12.31019,50.09983],[12.30535,50.10003],[12.30182,50.1007],[12.29798,50.10192],[12.29715,50.10373],[12.29522,50.10373],[12.29504,50.1014],[12.29242,50.10332],[12.29148,50.10309],[12.28811,50.10357],[12.2875,50.10375],[12.28724,50.10425],[12.28784,50.10501],[12.28903,50.10559],[12.28932,50.10631],[12.29018,50.1071],[12.29135,50.10765],[12.29294,50.10953],[12.29616,50.11164],[12.29572,50.11206],[12.29582,50.11228],[12.29374,50.11296],[12.29854,50.1163],[12.29865,50.11738],[12.29961,50.11764],[12.29977,50.11798],[12.29945,50.11791],[12.29845,50.11838],[12.29809,50.1189],[12.29647,50.11955],[12.29522,50.12038],[12.28999,50.12185],[12.29092,50.12385],[12.2889,50.12381],[12.2889,50.12699],[12.29315,50.12717],[12.29734,50.12642],[12.29958,50.12674],[12.29972,50.12642],[12.30103,50.12591],[12.30122,50.12533],[12.30203,50.12519],[12.30194,50.1254],[12.30235,50.12556],[12.30309,50.12537],[12.30301,50.12473],[12.30418,50.1247],[12.30464,50.12427],[12.30587,50.12378],[12.30691,50.12607],[12.30813,50.12598],[12.3121,50.12708],[12.31125,50.12808],[12.31092,50.12942],[12.31023,50.13004],[12.30951,50.13015],[12.3093,50.13055],[12.30866,50.13069],[12.30503,50.131],[12.30487,50.13168],[12.30514,50.13213],[12.30529,50.13366],[12.30509,50.13399],[12.30616,50.13407],[12.30359,50.13574],[12.30224,50.13613],[12.303,50.1367],[12.3027,50.1369],[12.30256,50.1375],[12.30387,50.13753],[12.30454,50.13775],[12.30457,50.13805],[12.30521,50.13799],[12.30561,50.13769],[12.30613,50.1381],[12.309,50.13802],[12.31283,50.13707],[12.31274,50.13688],[12.31347,50.13646],[12.31339,50.13545],[12.31483,50.13581],[12.31622,50.13559],[12.31627,50.13489],[12.31731,50.1354],[12.3183,50.13626],[12.31757,50.1366],[12.31511,50.13905],[12.31619,50.13926],[12.31772,50.13893],[12.31834,50.13852],[12.3189,50.13777],[12.31929,50.13629],[12.31979,50.13594],[12.3234,50.13556],[12.32314,50.13639],[12.32426,50.13666],[12.32351,50.13748],[12.32369,50.13777],[12.32325,50.1399],[12.3233,50.14015],[12.32405,50.14008],[12.32412,50.14061],[12.32437,50.14078],[12.32318,50.14213],[12.32298,50.14298],[12.3227,50.14318],[12.32302,50.14322],[12.32339,50.14427],[12.32516,50.14535],[12.32632,50.14566],[12.32798,50.14574],[12.33007,50.14546],[12.33152,50.1456],[12.33135,50.14583],[12.33209,50.1484],[12.33052,50.14887],[12.33039,50.14917],[12.33096,50.15127],[12.33158,50.15235],[12.33278,50.15335],[12.33639,50.15365],[12.33778,50.15409],[12.33573,50.1558],[12.33719,50.15649],[12.33861,50.15807],[12.34008,50.15782],[12.34106,50.15738],[12.3424,50.15766],[12.34408,50.15719],[12.34353,50.15548],[12.34458,50.15557],[12.34437,50.15495],[12.34467,50.15458],[12.35038,50.15331],[12.35181,50.15272],[12.35321,50.15257],[12.35314,50.15205],[12.35605,50.15233],[12.35621,50.1517],[12.35657,50.15173],[12.35701,50.15183],[12.35683,50.15216],[12.36001,50.15256],[12.36028,50.15313],[12.36165,50.15253],[12.36208,50.15316],[12.3636,50.15292],[12.3634,50.15367],[12.36699,50.15355],[12.36671,50.15311],[12.3664,50.15135],[12.36645,50.14973],[12.36672,50.14969],[12.36698,50.14876],[12.36693,50.14853],[12.36622,50.14862],[12.36675,50.14752],[12.36868,50.14749],[12.36947,50.14791],[12.3704,50.14731],[12.37234,50.14657],[12.3728,50.1466],[12.37274,50.1457],[12.37346,50.14519],[12.37379,50.14519],[12.37395,50.14573],[12.37332,50.14601],[12.37341,50.14688],[12.37516,50.14648],[12.37539,50.14515],[12.37612,50.14503],[12.37611,50.14523],[12.37735,50.14486],[12.37742,50.14562],[12.37812,50.14662],[12.37795,50.14672],[12.37817,50.14737],[12.37909,50.1472],[12.37869,50.14551],[12.37921,50.14377],[12.37897,50.14213],[12.37912,50.14035],[12.37888,50.13926],[12.37902,50.1387],[12.37975,50.13855],[12.38044,50.13802],[12.38183,50.13748],[12.38131,50.1369],[12.38098,50.13666],[12.37709,50.13608],[12.37198,50.13576],[12.37161,50.13658],[12.37021,50.13635],[12.37093,50.13522],[12.37037,50.13487],[12.36906,50.13459],[12.36742,50.1347],[12.36713,50.13527],[12.36558,50.13625],[12.36359,50.13616],[12.36232,50.13558],[12.36125,50.13598],[12.35862,50.13634],[12.35766,50.13277],[12.35763,50.13169],[12.35788,50.13167],[12.35787,50.13132],[12.36012,50.13115],[12.36128,50.12914],[12.36129,50.12858],[12.35928,50.12763],[12.35901,50.12678],[12.36429,50.12439],[12.3651,50.12509],[12.36609,50.12486],[12.3668,50.12619],[12.36905,50.12655],[12.3689,50.12542],[12.36908,50.12492],[12.37049,50.12569],[12.37087,50.12502],[12.3712,50.12506],[12.37124,50.1243],[12.37225,50.12386],[12.37497,50.12372],[12.37641,50.12332],[12.37612,50.12334],[12.37362,50.12132],[12.37291,50.12101],[12.37313,50.11861],[12.373,50.11808],[12.37384,50.11571],[12.37673,50.11503],[12.38041,50.11317],[12.37938,50.11172],[12.37825,50.11066],[12.38032,50.11023],[12.38027,50.10963],[12.38385,50.10912],[12.38607,50.10925],[12.38654,50.10905],[12.38636,50.10878],[12.38693,50.10835],[12.38715,50.10841],[12.38726,50.10813],[12.38683,50.10668],[12.38836,50.10652],[12.3907,50.10525],[12.38984,50.10461],[12.38911,50.1045],[12.38676,50.10582],[12.38616,50.10591],[12.38596,50.10523],[12.38446,50.10367],[12.38221,50.10395],[12.38239,50.10344],[12.38213,50.10342],[12.38248,50.10321],[12.38082,50.10283],[12.37559,50.10267],[12.37477,50.10301],[12.37484,50.10335],[12.37432,50.10322],[12.36894,50.10624],[12.37085,50.10797],[12.3721,50.1095],[12.37287,50.11092],[12.36668,50.11118],[12.36005,50.11277],[12.36143,50.11063]]]}},{"type":"Feature","properties":{"name":"539279"},"geometry":{"type":"Polygon","coordinates":[[[12.65651,49.95166],[12.65587,49.95104],[12.6563,49.94974],[12.65623,49.94928],[12.6574,49.9467],[12.65735,49.94624],[12.65339,49.94486],[12.65256,49.94405],[12.65033,49.94406],[12.65036,49.94351],[12.65007,49.9434],[12.64536,49.94364],[12.64391,49.94397],[12.64358,49.94572],[12.64392,49.94659],[12.64358,49.94693],[12.64347,49.94795],[12.64372,49.94952],[12.64341,49.94964],[12.64528,49.95109],[12.64684,49.95324],[12.64732,49.9535],[12.64792,49.95463],[12.64955,49.9559],[12.65035,49.95728],[12.65049,49.95875],[12.65027,49.95874],[12.65076,49.96258],[12.64998,49.96429],[12.65082,49.96431],[12.6512,49.9649],[12.65163,49.96505],[12.65304,49.96502],[12.65713,49.96603],[12.66065,49.96757],[12.6611,49.96933],[12.66059,49.97094],[12.66108,49.97372],[12.66056,49.97474],[12.66075,49.97476],[12.66576,49.97399],[12.66922,49.97258],[12.67126,49.97101],[12.67273,49.97063],[12.67293,49.9703],[12.67439,49.96971],[12.67523,49.96892],[12.67552,49.96695],[12.67664,49.96551],[12.67821,49.96423],[12.68059,49.96298],[12.68053,49.96137],[12.68075,49.96028],[12.68096,49.95977],[12.68237,49.95872],[12.6819,49.95807],[12.68229,49.95772],[12.68215,49.95747],[12.68426,49.95728],[12.68495,49.95554],[12.68554,49.95491],[12.68545,49.95419],[12.68662,49.95331],[12.68678,49.95277],[12.6842,49.95308],[12.68223,49.95292],[12.68238,49.95372],[12.68208,49.95409],[12.67878,49.95489],[12.67634,49.95626],[12.67553,49.95706],[12.66641,49.95822],[12.66697,49.95702],[12.66666,49.95281],[12.66213,49.95203],[12.6596,49.95219],[12.65919,49.95195],[12.6578,49.95197],[12.65651,49.95166]]]}},{"type":"Feature","properties":{"name":"555207"},"geometry":{"type":"Polygon","coordinates":[[[13.29914,50.07044],[13.29818,50.06981],[13.29601,50.06893],[13.29545,50.06835],[13.29495,50.06758],[13.29657,50.0671],[13.29606,50.06689],[13.29613,50.06656],[13.29442,50.06666],[13.29413,50.06636],[13.2945,50.06594],[13.29408,50.06561],[13.29505,50.06559],[13.29458,50.06504],[13.29477,50.06246],[13.29402,50.06202],[13.29367,50.06113],[13.29292,50.06033],[13.29164,50.05962],[13.28911,50.05942],[13.28865,50.05896],[13.2868,50.05897],[13.28596,50.0592],[13.28523,50.05768],[13.28157,50.05836],[13.28107,50.05773],[13.28188,50.0575],[13.28148,50.05707],[13.28172,50.0569],[13.28121,50.05655],[13.2809,50.05678],[13.28113,50.05627],[13.27937,50.05839],[13.279,50.0593],[13.27827,50.06009],[13.27723,50.06194],[13.27614,50.06203],[13.2741,50.06101],[13.27243,50.06057],[13.27102,50.0612],[13.27078,50.06146],[13.27095,50.06186],[13.2707,50.06223],[13.26869,50.06381],[13.26796,50.06473],[13.26735,50.06376],[13.26653,50.06309],[13.26567,50.06282],[13.26449,50.06305],[13.26262,50.06267],[13.2605,50.06283],[13.2604,50.06343],[13.25741,50.06364],[13.25485,50.06347],[13.25367,50.06401],[13.24938,50.06475],[13.24913,50.06505],[13.24721,50.06564],[13.24637,50.06628],[13.2451,50.06573],[13.24392,50.0678],[13.24311,50.06761],[13.24261,50.06837],[13.24261,50.06946],[13.23703,50.06959],[13.23703,50.06986],[13.2367,50.06987],[13.22821,50.06985],[13.22896,50.0722],[13.22908,50.07383],[13.22895,50.07433],[13.22844,50.07425],[13.2286,50.07575],[13.22843,50.07775],[13.22681,50.08039],[13.23058,50.08132],[13.23034,50.08205],[13.23073,50.08211],[13.23061,50.08406],[13.23173,50.08434],[13.23504,50.0842],[13.23673,50.08542],[13.24084,50.08551],[13.25136,50.08673],[13.25319,50.0874],[13.2531,50.08826],[13.2537,50.08947],[13.25335,50.09029],[13.25529,50.09099],[13.25612,50.09187],[13.25621,50.09204],[13.25512,50.09201],[13.25521,50.09289],[13.25806,50.09269],[13.26271,50.09313],[13.26272,50.09413],[13.25882,50.09373],[13.25336,50.09479],[13.25281,50.09476],[13.25258,50.09417],[13.25159,50.0941],[13.25127,50.09475],[13.24891,50.09402],[13.24704,50.0949],[13.24639,50.09468],[13.24514,50.0952],[13.24361,50.09511],[13.23945,50.09651],[13.23386,50.09781],[13.23154,50.09793],[13.23103,50.09744],[13.22974,50.09777],[13.23017,50.09844],[13.23033,50.09952],[13.23128,50.10087],[13.23245,50.10151],[13.23251,50.10185],[13.23406,50.10222],[13.22855,50.10415],[13.2288,50.10494],[13.22871,50.10568],[13.22782,50.10559],[13.22767,50.1064],[13.22498,50.10618],[13.22225,50.10509],[13.21788,50.10386],[13.21927,50.10574],[13.21983,50.10715],[13.21713,50.11185],[13.21822,50.11198],[13.22139,50.11139],[13.22156,50.11172],[13.22437,50.11155],[13.22411,50.11237],[13.22513,50.11251],[13.22645,50.11349],[13.22858,50.114],[13.22847,50.11484],[13.22901,50.11526],[13.22953,50.11665],[13.2287,50.11822],[13.23121,50.11933],[13.23362,50.12142],[13.23479,50.12197],[13.24293,50.12361],[13.2423,50.12463],[13.24033,50.12576],[13.23878,50.12628],[13.23456,50.12492],[13.23216,50.12505],[13.23064,50.12661],[13.23035,50.12722],[13.23027,50.12853],[13.2296,50.12856],[13.22916,50.12923],[13.22885,50.12981],[13.2288,50.13081],[13.23367,50.1307],[13.23371,50.13145],[13.23583,50.13183],[13.23642,50.13123],[13.23873,50.1304],[13.23866,50.129],[13.23986,50.12898],[13.2397,50.12844],[13.24011,50.12824],[13.24228,50.12743],[13.2433,50.12733],[13.24315,50.1271],[13.24222,50.12689],[13.24233,50.12613],[13.24549,50.12633],[13.24545,50.12605],[13.24836,50.12535],[13.24853,50.12501],[13.24722,50.12443],[13.24936,50.12407],[13.24983,50.12436],[13.25027,50.12542],[13.24949,50.12626],[13.24958,50.12674],[13.25137,50.12838],[13.25189,50.12797],[13.25195,50.12662],[13.25698,50.12613],[13.26035,50.1273],[13.26524,50.12806],[13.26644,50.12874],[13.26754,50.12878],[13.26864,50.12781],[13.26957,50.12787],[13.27019,50.12736],[13.2708,50.12778],[13.27395,50.12822],[13.27543,50.12686],[13.27815,50.12494],[13.27929,50.1237],[13.27947,50.12069],[13.28182,50.11985],[13.28983,50.11822],[13.28893,50.11758],[13.28672,50.11667],[13.28474,50.11668],[13.28227,50.11582],[13.28256,50.11537],[13.28155,50.11498],[13.28209,50.11437],[13.28344,50.115],[13.28359,50.11462],[13.28491,50.11508],[13.28597,50.11487],[13.28879,50.11541],[13.28932,50.11528],[13.28987,50.11613],[13.2903,50.11638],[13.29241,50.11634],[13.29185,50.11528],[13.29283,50.11452],[13.29396,50.1141],[13.29367,50.11372],[13.29407,50.11333],[13.29658,50.11263],[13.29567,50.11199],[13.2965,50.11112],[13.29627,50.11031],[13.29659,50.10866],[13.29837,50.1056],[13.29836,50.10529],[13.29753,50.10445],[13.29775,50.10378],[13.29854,50.10272],[13.29974,50.10312],[13.29991,50.10292],[13.29769,50.1021],[13.29776,50.10139],[13.29676,50.10074],[13.29704,50.09952],[13.29916,50.09942],[13.29945,50.09989],[13.30137,50.10004],[13.30183,50.09945],[13.30142,50.09925],[13.30154,50.09851],[13.30126,50.09836],[13.30179,50.09766],[13.30124,50.09727],[13.30014,50.09767],[13.29921,50.09735],[13.2986,50.09652],[13.29814,50.09628],[13.29725,50.09633],[13.29496,50.09743],[13.2923,50.09722],[13.29235,50.09831],[13.29145,50.09893],[13.29127,50.09939],[13.28771,50.0993],[13.28537,50.0997],[13.28403,50.09925],[13.2821,50.09934],[13.28172,50.09844],[13.28172,50.09707],[13.28435,50.09695],[13.28715,50.09646],[13.28724,50.09601],[13.28794,50.09559],[13.28849,50.09563],[13.2888,50.095],[13.28872,50.09449],[13.28791,50.0941],[13.28797,50.0936],[13.29122,50.09253],[13.29101,50.09214],[13.29058,50.09225],[13.28957,50.09195],[13.28896,50.09106],[13.28621,50.09],[13.28437,50.08865],[13.2833,50.08754],[13.28275,50.08666],[13.28445,50.08637],[13.28559,50.08654],[13.28551,50.08591],[13.28494,50.08558],[13.2836,50.08542],[13.28383,50.08512],[13.28314,50.0846],[13.28382,50.08352],[13.28336,50.08264],[13.28122,50.08245],[13.28117,50.08215],[13.27838,50.08021],[13.27776,50.07911],[13.27822,50.07717],[13.27704,50.07741],[13.27693,50.07666],[13.28072,50.07563],[13.28119,50.07629],[13.28222,50.07601],[13.28281,50.07573],[13.28218,50.07505],[13.28302,50.07447],[13.28339,50.07472],[13.28398,50.07449],[13.28493,50.07481],[13.28569,50.0755],[13.28528,50.07658],[13.2882,50.07665],[13.28779,50.07607],[13.29108,50.07589],[13.29098,50.07701],[13.29292,50.07606],[13.29237,50.07551],[13.29319,50.07515],[13.29379,50.07523],[13.29406,50.07478],[13.29742,50.07464],[13.29738,50.07439],[13.29635,50.0739],[13.29643,50.07301],[13.29819,50.07262],[13.29862,50.07169],[13.29841,50.0716],[13.29858,50.07096],[13.29914,50.07044]]]}},{"type":"Feature","properties":{"name":"506494"},"geometry":{"type":"Polygon","coordinates":[[[12.72569,50.38976],[12.73131,50.38691],[12.73339,50.38544],[12.73691,50.3841],[12.74181,50.38393],[12.74344,50.38335],[12.744,50.38275],[12.74467,50.38062],[12.74538,50.37993],[12.74732,50.3788],[12.74794,50.37804],[12.74973,50.37736],[12.74997,50.37604],[12.75037,50.37556],[12.75523,50.37429],[12.7577,50.37446],[12.76041,50.37235],[12.76193,50.37167],[12.76127,50.37028],[12.76005,50.36905],[12.75969,50.36834],[12.76052,50.36659],[12.76135,50.36568],[12.76139,50.36511],[12.76098,50.36454],[12.76086,50.36308],[12.76155,50.36237],[12.75883,50.3618],[12.75751,50.36059],[12.75532,50.35942],[12.75438,50.35841],[12.75317,50.35781],[12.75106,50.35736],[12.74914,50.35662],[12.74702,50.35461],[12.74428,50.35303],[12.74333,50.35424],[12.7416,50.35432],[12.74163,50.354],[12.74142,50.35394],[12.7409,50.35408],[12.74077,50.35434],[12.73963,50.3545],[12.73518,50.35426],[12.73307,50.3552],[12.73068,50.35586],[12.72971,50.35575],[12.72911,50.35542],[12.72756,50.35532],[12.72677,50.35461],[12.72625,50.35372],[12.72636,50.35345],[12.72483,50.35282],[12.72433,50.35359],[12.72392,50.35342],[12.72232,50.35367],[12.72176,50.35437],[12.72165,50.35539],[12.72135,50.35574],[12.72025,50.35485],[12.71902,50.35479],[12.71715,50.35349],[12.71747,50.35248],[12.71745,50.35151],[12.71826,50.35147],[12.71846,50.3511],[12.71831,50.35082],[12.71776,50.35077],[12.71865,50.3493],[12.71889,50.34843],[12.71734,50.34699],[12.71513,50.34801],[12.71479,50.34777],[12.71346,50.34873],[12.71339,50.34909],[12.71291,50.34886],[12.71278,50.34847],[12.71199,50.34836],[12.7121,50.34881],[12.71154,50.34905],[12.71252,50.34954],[12.71267,50.3499],[12.71248,50.35037],[12.7115,50.35124],[12.71151,50.35153],[12.71348,50.3518],[12.71473,50.35545],[12.71592,50.35584],[12.71657,50.35559],[12.71685,50.35641],[12.7167,50.35673],[12.71513,50.35755],[12.71444,50.35854],[12.71382,50.35892],[12.71427,50.36096],[12.71509,50.36159],[12.71416,50.36203],[12.71339,50.36139],[12.71313,50.36146],[12.7124,50.36262],[12.71184,50.36303],[12.71204,50.36325],[12.70996,50.36475],[12.70873,50.36509],[12.7081,50.36569],[12.70582,50.366],[12.70432,50.36664],[12.70324,50.36775],[12.70311,50.36874],[12.70246,50.36956],[12.70344,50.37092],[12.70362,50.37181],[12.7021,50.37379],[12.70061,50.37448],[12.69982,50.37455],[12.69853,50.37527],[12.69718,50.37504],[12.69608,50.37518],[12.69273,50.37656],[12.69092,50.37697],[12.68649,50.37678],[12.68459,50.3759],[12.68387,50.37604],[12.68196,50.3757],[12.68165,50.37539],[12.68067,50.3755],[12.67853,50.37372],[12.67836,50.3732],[12.67612,50.37285],[12.67445,50.37329],[12.67358,50.37324],[12.67316,50.3738],[12.67172,50.37362],[12.67086,50.37406],[12.66917,50.37389],[12.66871,50.37427],[12.66723,50.3743],[12.66596,50.37464],[12.66494,50.37461],[12.66333,50.37403],[12.66243,50.37438],[12.66143,50.37594],[12.66176,50.37606],[12.66174,50.37724],[12.66219,50.37804],[12.66065,50.3788],[12.65927,50.38041],[12.66022,50.38096],[12.66159,50.38103],[12.66538,50.38205],[12.66672,50.38288],[12.66719,50.3835],[12.66924,50.38453],[12.67087,50.38575],[12.67136,50.3863],[12.67135,50.3869],[12.67218,50.38794],[12.67206,50.3907],[12.6714,50.39062],[12.67115,50.39175],[12.66834,50.39212],[12.66716,50.39214],[12.66609,50.39117],[12.6653,50.39156],[12.66463,50.39246],[12.66385,50.39242],[12.66251,50.39292],[12.66284,50.39319],[12.66287,50.39369],[12.66337,50.39408],[12.66232,50.39501],[12.66263,50.39518],[12.6609,50.39621],[12.6611,50.39655],[12.66003,50.39747],[12.65921,50.39728],[12.65828,50.39846],[12.65953,50.3991],[12.65998,50.39902],[12.65933,50.39959],[12.659,50.40078],[12.65869,50.40105],[12.65833,50.40083],[12.65763,50.40131],[12.65694,50.40097],[12.65553,50.40159],[12.65533,50.40136],[12.65349,50.40146],[12.65453,50.40218],[12.65384,50.4024],[12.65231,50.402],[12.65191,50.40167],[12.65148,50.4017],[12.64986,50.40095],[12.64863,50.40125],[12.64825,50.40154],[12.64925,50.40231],[12.65042,50.4038],[12.64974,50.40367],[12.64862,50.40394],[12.64837,50.40378],[12.64655,50.40481],[12.64636,50.40465],[12.6457,50.40496],[12.64603,50.40638],[12.64353,50.40762],[12.64382,50.40803],[12.64469,50.40794],[12.64236,50.40901],[12.64071,50.41054],[12.64004,50.41155],[12.63824,50.41246],[12.64161,50.4119],[12.64417,50.41074],[12.64856,50.41068],[12.6519,50.41131],[12.65461,50.41119],[12.66258,50.41242],[12.66808,50.41487],[12.66864,50.41541],[12.67027,50.41596],[12.67087,50.4164],[12.67337,50.41692],[12.67614,50.41562],[12.67714,50.41427],[12.67987,50.41178],[12.68056,50.41077],[12.68197,50.40971],[12.6878,50.40805],[12.68858,50.40733],[12.689,50.40656],[12.6934,50.40526],[12.69542,50.40384],[12.69566,50.4034],[12.69528,50.40222],[12.69573,50.40166],[12.69676,50.40108],[12.70481,50.39869],[12.70721,50.39723],[12.70725,50.3974],[12.70876,50.39688],[12.70926,50.39656],[12.7098,50.39522],[12.71063,50.39415],[12.71307,50.39279],[12.71592,50.39049],[12.71671,50.39033],[12.71756,50.38963],[12.7183,50.38954],[12.72202,50.39016],[12.72463,50.39],[12.72569,50.38976]]]}},{"type":"Feature","properties":{"name":"555029"},"geometry":{"type":"Polygon","coordinates":[[[13.04206,50.09627],[13.04219,50.09548],[13.04259,50.09519],[13.04248,50.09438],[13.04205,50.09436],[13.04124,50.09336],[13.03974,50.0928],[13.03944,50.09291],[13.03935,50.0934],[13.03896,50.09343],[13.03898,50.09314],[13.03648,50.09414],[13.03677,50.0944],[13.0361,50.09504],[13.03394,50.09587],[13.03355,50.09579],[13.03325,50.09503],[13.03283,50.09484],[13.03292,50.0942],[13.03217,50.0936],[13.03265,50.09315],[13.03236,50.09299],[13.03252,50.09208],[13.03209,50.09147],[13.02904,50.09169],[13.02903,50.09212],[13.02731,50.09252],[13.02539,50.09188],[13.02347,50.09179],[13.02221,50.09252],[13.02195,50.09332],[13.02105,50.09359],[13.01863,50.093],[13.01606,50.09201],[13.01507,50.09203],[13.01364,50.09246],[13.01333,50.09211],[13.01254,50.09228],[13.011,50.09206],[13.0101,50.09239],[13.00996,50.09188],[13.00709,50.09172],[13.00582,50.09177],[13.00508,50.09236],[13.00168,50.09335],[13.00131,50.0936],[13.00144,50.09421],[13.00067,50.09489],[12.99874,50.09549],[12.99793,50.09699],[12.99667,50.09694],[12.99449,50.09796],[12.99106,50.09853],[12.98896,50.09927],[12.9889,50.09974],[12.98802,50.10104],[12.98786,50.10268],[12.98695,50.10492],[12.98594,50.10611],[12.98536,50.10828],[12.98601,50.10935],[12.98606,50.11004],[12.98655,50.11056],[12.98607,50.11294],[12.98466,50.11391],[12.98482,50.11601],[12.98515,50.11677],[12.98032,50.11708],[12.98068,50.11823],[12.98035,50.11943],[12.97955,50.1207],[12.97788,50.12013],[12.97577,50.12101],[12.9757,50.12117],[12.97619,50.12158],[12.97603,50.12199],[12.9762,50.12213],[12.97514,50.12314],[12.97562,50.12345],[12.97555,50.12387],[12.97512,50.12438],[12.97422,50.12475],[12.97037,50.12528],[12.97006,50.12366],[12.96735,50.12306],[12.96626,50.12347],[12.96512,50.12323],[12.96299,50.12327],[12.9608,50.12239],[12.95691,50.12183],[12.95441,50.12279],[12.95461,50.12358],[12.95365,50.12361],[12.9532,50.12391],[12.9518,50.12368],[12.94868,50.12415],[12.94841,50.12411],[12.94809,50.12337],[12.94758,50.12302],[12.94717,50.12192],[12.94625,50.12164],[12.94528,50.1222],[12.94492,50.12335],[12.94468,50.12346],[12.94388,50.12361],[12.94355,50.1233],[12.94358,50.12272],[12.94329,50.12264],[12.94269,50.12293],[12.94217,50.1236],[12.94164,50.12378],[12.94116,50.12446],[12.94159,50.12486],[12.94085,50.12545],[12.94001,50.12555],[12.93964,50.1248],[12.93867,50.12484],[12.93812,50.12536],[12.93737,50.12504],[12.93623,50.12553],[12.93639,50.12617],[12.9371,50.12658],[12.93762,50.12732],[12.93687,50.12756],[12.93486,50.12754],[12.93456,50.12729],[12.93562,50.1268],[12.93539,50.12617],[12.93432,50.12638],[12.93353,50.12692],[12.93171,50.12755],[12.93043,50.12756],[12.92945,50.12733],[12.92937,50.12648],[12.92978,50.12589],[12.92973,50.12535],[12.92874,50.12488],[12.92811,50.12421],[12.92793,50.12332],[12.92726,50.12283],[12.92689,50.12214],[12.92396,50.12004],[12.92211,50.11954],[12.92185,50.11887],[12.92203,50.11826],[12.92324,50.11753],[12.92359,50.11698],[12.92348,50.11648],[12.92261,50.11538],[12.92094,50.11409],[12.91941,50.11375],[12.91885,50.11331],[12.91633,50.11305],[12.91405,50.11345],[12.91197,50.1134],[12.90244,50.1185],[12.90073,50.12092],[12.89947,50.12159],[12.89961,50.12201],[12.89927,50.12275],[12.89931,50.12381],[12.90025,50.12486],[12.90085,50.1247],[12.90142,50.12495],[12.90363,50.12495],[12.9046,50.12471],[12.90628,50.12503],[12.90601,50.12547],[12.90676,50.12619],[12.90795,50.12579],[12.90825,50.12511],[12.90909,50.12442],[12.91003,50.12503],[12.91001,50.12614],[12.91122,50.12729],[12.91087,50.12785],[12.91071,50.12919],[12.91128,50.1295],[12.91213,50.12951],[12.91233,50.12991],[12.91214,50.13057],[12.91244,50.13104],[12.91358,50.13128],[12.91464,50.13301],[12.91514,50.13337],[12.91696,50.13379],[12.91804,50.13355],[12.91879,50.13417],[12.92142,50.13462],[12.92237,50.13419],[12.92614,50.13407],[12.92669,50.13416],[12.92699,50.13481],[12.92742,50.13503],[12.92655,50.13597],[12.92629,50.13658],[12.92448,50.13791],[12.92406,50.13807],[12.92326,50.13774],[12.923,50.13796],[12.92272,50.13968],[12.9231,50.13999],[12.92253,50.14022],[12.92246,50.1411],[12.92343,50.14112],[12.92438,50.14165],[12.92614,50.14168],[12.92951,50.14262],[12.93006,50.14306],[12.9308,50.14242],[12.9308,50.14188],[12.93336,50.14307],[12.93375,50.14393],[12.93443,50.14442],[12.93514,50.1458],[12.93468,50.14629],[12.93171,50.14618],[12.93105,50.14719],[12.93159,50.14855],[12.9283,50.14926],[12.92789,50.14976],[12.92758,50.15074],[12.92703,50.15126],[12.92493,50.15208],[12.92425,50.153],[12.92562,50.15481],[12.92553,50.15557],[12.9183,50.15911],[12.91672,50.16029],[12.91651,50.16226],[12.91532,50.16436],[12.91525,50.16485],[12.91633,50.16615],[12.91663,50.16684],[12.91857,50.16801],[12.91956,50.16747],[12.91989,50.16611],[12.91967,50.16564],[12.92203,50.16586],[12.92476,50.16558],[12.92726,50.16434],[12.92936,50.16415],[12.93056,50.1636],[12.93202,50.16383],[12.93264,50.16438],[12.93296,50.16412],[12.93384,50.16429],[12.93497,50.16407],[12.936,50.16478],[12.93661,50.16483],[12.93705,50.16657],[12.9375,50.16725],[12.93723,50.16765],[12.93812,50.16827],[12.93773,50.16845],[12.93786,50.16864],[12.93856,50.16873],[12.93822,50.16955],[12.93842,50.16988],[12.93849,50.17206],[12.93787,50.17291],[12.93832,50.1735],[12.9385,50.17452],[12.93924,50.17545],[12.93979,50.17573],[12.93986,50.17603],[12.93906,50.17683],[12.94027,50.17735],[12.94206,50.17761],[12.94253,50.17898],[12.94314,50.17893],[12.94374,50.18061],[12.94497,50.18044],[12.94628,50.18067],[12.94685,50.18029],[12.94727,50.17953],[12.94797,50.17918],[12.94888,50.17978],[12.9499,50.18001],[12.95,50.17922],[12.95055,50.17917],[12.95142,50.17861],[12.95181,50.17902],[12.95257,50.17921],[12.95255,50.17993],[12.95328,50.18057],[12.95508,50.1804],[12.95506,50.17998],[12.95621,50.17938],[12.95801,50.17925],[12.95836,50.17889],[12.96037,50.17827],[12.96035,50.17768],[12.96132,50.17758],[12.96163,50.17788],[12.96233,50.17726],[12.96307,50.17727],[12.96384,50.17638],[12.96782,50.17676],[12.97258,50.17653],[12.97458,50.1762],[12.97886,50.17629],[12.97925,50.17611],[12.98021,50.17544],[12.98019,50.17422],[12.98242,50.17408],[12.98344,50.17206],[12.98735,50.17146],[12.98972,50.17076],[12.99474,50.16756],[12.9951,50.16657],[12.99768,50.16358],[13.00166,50.16088],[13.00122,50.15928],[13.00153,50.15928],[13.00242,50.15841],[13.00261,50.15738],[13.00151,50.15524],[13.00206,50.15477],[13.00326,50.15433],[13.00725,50.15458],[13.01067,50.15428],[13.01121,50.15528],[13.01149,50.15523],[13.01172,50.15591],[13.01388,50.156],[13.01789,50.15676],[13.01819,50.15802],[13.01869,50.15812],[13.01917,50.15916],[13.0215,50.15927],[13.01983,50.16156],[13.01942,50.16295],[13.01961,50.16398],[13.01909,50.16479],[13.01825,50.1655],[13.01803,50.16695],[13.01759,50.16654],[13.01691,50.16641],[13.01566,50.16692],[13.01365,50.16684],[13.01213,50.16714],[13.01171,50.16743],[13.01264,50.16816],[13.01281,50.16895],[13.01317,50.16901],[13.0133,50.17105],[13.01607,50.17053],[13.01757,50.17002],[13.01898,50.17071],[13.01845,50.17147],[13.0185,50.17223],[13.0159,50.17406],[13.01205,50.17419],[13.0169,50.17415],[13.02135,50.17457],[13.02681,50.17464],[13.03165,50.175],[13.03572,50.17593],[13.04055,50.17594],[13.04369,50.17495],[13.04322,50.17497],[13.04368,50.17378],[13.04398,50.17383],[13.04567,50.17292],[13.04526,50.17205],[13.0459,50.17149],[13.04623,50.17011],[13.04667,50.16957],[13.04936,50.16822],[13.05017,50.16745],[13.05126,50.16716],[13.05049,50.16618],[13.05229,50.166],[13.0535,50.16563],[13.05434,50.16594],[13.05735,50.16242],[13.05959,50.16198],[13.06297,50.16234],[13.06262,50.16256],[13.06458,50.16418],[13.06583,50.16422],[13.06666,50.16476],[13.06686,50.16458],[13.06808,50.16562],[13.06838,50.16565],[13.06875,50.16526],[13.06925,50.1661],[13.07046,50.16561],[13.07146,50.1669],[13.07259,50.16741],[13.07334,50.16726],[13.07333,50.16755],[13.07383,50.16809],[13.07429,50.16796],[13.07541,50.16822],[13.07566,50.16935],[13.07682,50.17154],[13.07724,50.17188],[13.07795,50.17185],[13.0782,50.17141],[13.07964,50.17082],[13.08203,50.17081],[13.08264,50.1712],[13.08374,50.17114],[13.08494,50.16926],[13.08496,50.16886],[13.08513,50.16885],[13.08521,50.16959],[13.08656,50.16962],[13.08745,50.17013],[13.08847,50.17017],[13.08967,50.16979],[13.09009,50.17088],[13.0949,50.1694],[13.09764,50.16981],[13.09928,50.16966],[13.10002,50.16914],[13.10044,50.16846],[13.10277,50.16736],[13.10479,50.16781],[13.1051,50.16652],[13.10619,50.16525],[13.10969,50.16285],[13.11065,50.16249],[13.11111,50.16082],[13.10722,50.16039],[13.10719,50.15982],[13.10668,50.15922],[13.10467,50.15796],[13.10396,50.15778],[13.10374,50.15709],[13.10119,50.15654],[13.09944,50.15545],[13.09949,50.15458],[13.10264,50.15379],[13.10208,50.15371],[13.10414,50.15301],[13.10481,50.15224],[13.10815,50.14976],[13.10921,50.14934],[13.11111,50.14771],[13.11433,50.14764],[13.11508,50.14689],[13.11501,50.14655],[13.1147,50.14643],[13.1158,50.14482],[13.11541,50.14439],[13.11481,50.14489],[13.11447,50.14484],[13.11521,50.14432],[13.11417,50.14405],[13.11322,50.14429],[13.11272,50.14562],[13.11163,50.14545],[13.1123,50.14406],[13.11144,50.14364],[13.11072,50.14286],[13.11181,50.14206],[13.11278,50.14198],[13.11337,50.14161],[13.11111,50.14108],[13.1089,50.14111],[13.11125,50.13791],[13.11097,50.1378],[13.11114,50.13702],[13.11049,50.137],[13.11083,50.13586],[13.11097,50.13566],[13.11285,50.13556],[13.11268,50.13483],[13.11195,50.13492],[13.11193,50.13517],[13.11059,50.13534],[13.10983,50.13522],[13.10986,50.1349],[13.10946,50.13489],[13.10829,50.13499],[13.10831,50.13536],[13.10793,50.13518],[13.10671,50.13552],[13.10348,50.13552],[13.10316,50.13577],[13.10124,50.13552],[13.10134,50.13536],[13.10047,50.13448],[13.1008,50.13442],[13.10027,50.13399],[13.10106,50.1338],[13.10066,50.13374],[13.10067,50.1334],[13.10037,50.13348],[13.1006,50.1331],[13.09889,50.13284],[13.09886,50.13256],[13.09826,50.1328],[13.09783,50.13265],[13.09815,50.13243],[13.0979,50.13136],[13.09861,50.13107],[13.09861,50.13065],[13.09822,50.13019],[13.09849,50.12985],[13.09796,50.12972],[13.09812,50.12882],[13.09858,50.12841],[13.09866,50.1279],[13.097,50.12689],[13.09695,50.12644],[13.09737,50.126],[13.09695,50.12548],[13.09738,50.12443],[13.09661,50.12441],[13.09811,50.12327],[13.09846,50.12128],[13.09713,50.1211],[13.09657,50.12079],[13.09626,50.12028],[13.09676,50.11947],[13.09777,50.11888],[13.09771,50.11825],[13.098,50.11754],[13.099,50.11661],[13.09915,50.11606],[13.09969,50.11577],[13.10062,50.11405],[13.10042,50.11352],[13.09952,50.11311],[13.09852,50.113],[13.09835,50.11271],[13.09891,50.11203],[13.09863,50.11171],[13.09882,50.11153],[13.1003,50.11125],[13.10143,50.11042],[13.10141,50.11008],[13.10031,50.10915],[13.0994,50.10884],[13.09997,50.10818],[13.09913,50.10798],[13.09864,50.10877],[13.09821,50.10881],[13.09259,50.10839],[13.09312,50.10788],[13.08876,50.10692],[13.08918,50.10626],[13.08862,50.10521],[13.08867,50.10404],[13.08599,50.10385],[13.08297,50.10281],[13.08303,50.10241],[13.08273,50.1019],[13.08133,50.10071],[13.07934,50.09763],[13.08082,50.0959],[13.08075,50.09553],[13.08162,50.09506],[13.08178,50.09446],[13.0826,50.09424],[13.08258,50.09353],[13.08014,50.09199],[13.07789,50.09096],[13.07863,50.08957],[13.07518,50.09066],[13.0733,50.08992],[13.07418,50.08895],[13.07083,50.08772],[13.06987,50.08774],[13.06924,50.08811],[13.06621,50.08784],[13.06269,50.08878],[13.06121,50.08848],[13.06094,50.0886],[13.05976,50.08779],[13.0576,50.08742],[13.05632,50.08773],[13.05613,50.08813],[13.05556,50.08828],[13.05296,50.08812],[13.05275,50.08807],[13.05277,50.08773],[13.05321,50.08752],[13.05263,50.08737],[13.05147,50.0881],[13.05141,50.08864],[13.05029,50.08864],[13.04917,50.08908],[13.04848,50.08992],[13.04834,50.09045],[13.04858,50.09123],[13.05126,50.09266],[13.05171,50.09452],[13.05028,50.09515],[13.04775,50.0973],[13.04733,50.09699],[13.04655,50.09761],[13.04496,50.09823],[13.04412,50.09786],[13.04206,50.09627]]]}},{"type":"Feature","properties":{"name":"555479"},"geometry":{"type":"Polygon","coordinates":[[[12.74344,50.38335],[12.74181,50.38393],[12.73937,50.38414],[12.73783,50.384],[12.73637,50.38429],[12.73339,50.38544],[12.73131,50.38691],[12.72992,50.38739],[12.72552,50.38982],[12.72202,50.39016],[12.71791,50.38954],[12.71671,50.39033],[12.71592,50.39049],[12.71307,50.39279],[12.71063,50.39415],[12.7098,50.39522],[12.70926,50.39656],[12.70725,50.3974],[12.7084,50.40086],[12.70904,50.40166],[12.70914,50.40217],[12.70852,50.40331],[12.70695,50.40428],[12.7074,50.40637],[12.70727,50.40651],[12.70784,50.40768],[12.70764,50.40806],[12.70867,50.4092],[12.70952,50.40948],[12.7105,50.41021],[12.71066,50.41088],[12.71168,50.41137],[12.71181,50.41173],[12.71326,50.41288],[12.71514,50.41383],[12.71603,50.41403],[12.72075,50.41767],[12.72443,50.41893],[12.72743,50.42089],[12.72983,50.42177],[12.73146,50.42368],[12.73135,50.42641],[12.73257,50.4286],[12.73324,50.4293],[12.73456,50.43245],[12.74141,50.43414],[12.75267,50.43753],[12.75465,50.43784],[12.7758,50.44346],[12.77707,50.44406],[12.7792,50.4445],[12.79495,50.44954],[12.7991,50.44409],[12.8,50.44239],[12.80099,50.44172],[12.80258,50.43952],[12.79825,50.43771],[12.79891,50.43571],[12.7989,50.43421],[12.79885,50.43332],[12.79822,50.43212],[12.79896,50.43018],[12.79816,50.42907],[12.79792,50.42735],[12.79819,50.4266],[12.79795,50.42545],[12.79887,50.42407],[12.7996,50.42198],[12.80127,50.42079],[12.80142,50.41997],[12.80213,50.41873],[12.80472,50.41878],[12.8074,50.41824],[12.80824,50.41575],[12.80688,50.41562],[12.80494,50.41504],[12.80433,50.41465],[12.8044,50.41446],[12.80654,50.4138],[12.80983,50.41439],[12.80988,50.41367],[12.80877,50.41339],[12.80492,50.41323],[12.81054,50.41061],[12.80931,50.40525],[12.80994,50.40479],[12.81012,50.40386],[12.80927,50.40282],[12.80955,50.4017],[12.80907,50.401],[12.80935,50.40089],[12.80593,50.40041],[12.80374,50.39898],[12.79873,50.39741],[12.79461,50.39647],[12.78896,50.39558],[12.78617,50.39448],[12.78388,50.39551],[12.77814,50.39571],[12.77781,50.39662],[12.77647,50.39719],[12.776,50.39875],[12.77534,50.3994],[12.77446,50.3992],[12.77304,50.40131],[12.77259,50.4012],[12.77089,50.40249],[12.76897,50.40209],[12.76834,50.40182],[12.76839,50.40122],[12.76791,50.40128],[12.7656,50.40338],[12.7657,50.40287],[12.76459,50.40223],[12.76353,50.40177],[12.76274,50.40207],[12.7621,50.40156],[12.76024,50.40077],[12.76115,50.39901],[12.76214,50.39858],[12.76385,50.39649],[12.76345,50.39425],[12.76282,50.39298],[12.76082,50.39398],[12.75825,50.39256],[12.75799,50.3922],[12.75796,50.39139],[12.75825,50.39005],[12.75612,50.38868],[12.75555,50.38799],[12.75393,50.38707],[12.75197,50.38682],[12.75144,50.38645],[12.75096,50.38515],[12.75211,50.38459],[12.75297,50.3835],[12.75482,50.38323],[12.75467,50.38301],[12.75397,50.38277],[12.75141,50.38289],[12.74659,50.38213],[12.74525,50.38251],[12.74465,50.38341],[12.74344,50.38335]]]}},{"type":"Feature","properties":{"name":"555304"},"geometry":{"type":"Polygon","coordinates":[[[12.92686,50.07679],[12.92787,50.07622],[12.92854,50.07658],[12.9295,50.07571],[12.92893,50.07493],[12.92759,50.07437],[12.92791,50.07385],[12.92714,50.07339],[12.9272,50.0723],[12.927,50.07182],[12.93029,50.07147],[12.93101,50.07147],[12.93095,50.07169],[12.93111,50.07168],[12.93153,50.07],[12.93251,50.06878],[12.93204,50.06861],[12.93217,50.0683],[12.93081,50.06785],[12.92986,50.06684],[12.92927,50.0658],[12.9276,50.06513],[12.92735,50.06483],[12.92718,50.06505],[12.92659,50.06404],[12.92409,50.06336],[12.92027,50.06283],[12.91058,50.06213],[12.91052,50.0613],[12.91109,50.06121],[12.91118,50.06152],[12.91397,50.06134],[12.91393,50.05992],[12.91231,50.05958],[12.90974,50.05969],[12.9078,50.06007],[12.90679,50.05955],[12.90249,50.05918],[12.90092,50.0588],[12.89952,50.05899],[12.89768,50.05874],[12.89681,50.05884],[12.89698,50.0603],[12.89683,50.06122],[12.89721,50.0616],[12.89729,50.06219],[12.89574,50.06255],[12.89542,50.06279],[12.89576,50.06346],[12.89316,50.06501],[12.89253,50.06569],[12.89209,50.06688],[12.88962,50.07137],[12.88919,50.07299],[12.8889,50.073],[12.88891,50.07397],[12.8891,50.07396],[12.88839,50.07869],[12.89199,50.08269],[12.89324,50.08299],[12.8932,50.08355],[12.89366,50.08442],[12.89454,50.0846],[12.89476,50.08542],[12.89652,50.08569],[12.89696,50.08664],[12.89757,50.08655],[12.89803,50.08696],[12.89766,50.08811],[12.89961,50.08829],[12.89945,50.08909],[12.9003,50.08968],[12.90173,50.09021],[12.90231,50.09083],[12.90335,50.09081],[12.90676,50.09148],[12.91036,50.09185],[12.91226,50.09298],[12.91308,50.09288],[12.91325,50.09263],[12.91554,50.09287],[12.91582,50.09328],[12.91767,50.093],[12.92102,50.0917],[12.92101,50.09091],[12.92199,50.09051],[12.92426,50.09011],[12.92426,50.09201],[12.92513,50.0924],[12.92719,50.09253],[12.92676,50.08938],[12.92567,50.08735],[12.92658,50.08889],[12.9298,50.08913],[12.93301,50.09025],[12.93409,50.08938],[12.93591,50.08886],[12.93557,50.08862],[12.93431,50.08474],[12.93333,50.08484],[12.93312,50.08456],[12.93293,50.08375],[12.93344,50.08368],[12.93365,50.0833],[12.93328,50.08321],[12.93319,50.08348],[12.93205,50.08404],[12.9318,50.08309],[12.93152,50.08289],[12.9315,50.08184],[12.93296,50.08118],[12.93218,50.08038],[12.93058,50.07973],[12.93243,50.07848],[12.93195,50.0772],[12.93092,50.07701],[12.93003,50.07769],[12.92938,50.07793],[12.92883,50.07773],[12.92835,50.07809],[12.92686,50.07679]]]}},{"type":"Feature","properties":{"name":"560545"},"geometry":{"type":"Polygon","coordinates":[[[12.63848,50.22592],[12.64117,50.22482],[12.6459,50.22213],[12.64832,50.22326],[12.65002,50.22497],[12.65126,50.22538],[12.65119,50.22585],[12.65161,50.22714],[12.65241,50.22692],[12.65461,50.22737],[12.65673,50.22724],[12.65814,50.2262],[12.65738,50.22568],[12.65622,50.22532],[12.65751,50.22384],[12.65797,50.22368],[12.65708,50.22238],[12.65893,50.22182],[12.65907,50.22097],[12.66146,50.2185],[12.65975,50.21695],[12.65956,50.21655],[12.65981,50.21559],[12.66309,50.21247],[12.6627,50.21215],[12.66318,50.21117],[12.66384,50.21121],[12.66478,50.21172],[12.66522,50.21158],[12.66632,50.21005],[12.6666,50.20848],[12.66697,50.20817],[12.66805,50.20815],[12.66748,50.20537],[12.66565,50.20481],[12.66054,50.20453],[12.65998,50.2048],[12.65945,50.20476],[12.65696,50.2036],[12.65434,50.20292],[12.65381,50.20242],[12.65345,50.19904],[12.65139,50.19906],[12.65045,50.19831],[12.64022,50.19828],[12.6321,50.19772],[12.61851,50.20237],[12.61702,50.20398],[12.61664,50.20533],[12.61581,50.20682],[12.61336,50.2079],[12.61247,50.20772],[12.61047,50.20872],[12.60973,50.20884],[12.60467,50.20918],[12.60438,50.20961],[12.60494,50.21068],[12.60379,50.21254],[12.60295,50.21324],[12.60369,50.21331],[12.60272,50.21453],[12.60066,50.21451],[12.59935,50.21511],[12.60055,50.21361],[12.59779,50.21232],[12.59632,50.21273],[12.59582,50.21342],[12.59479,50.21394],[12.5942,50.21463],[12.59387,50.21597],[12.5938,50.21731],[12.59405,50.2183],[12.59378,50.21903],[12.59213,50.21992],[12.58941,50.22033],[12.58297,50.21866],[12.57896,50.21798],[12.57757,50.2184],[12.57704,50.2188],[12.57645,50.21984],[12.57652,50.22034],[12.57716,50.22101],[12.58068,50.22146],[12.5833,50.22229],[12.58466,50.22345],[12.58594,50.2241],[12.58577,50.22463],[12.58606,50.2249],[12.58767,50.22498],[12.58884,50.22469],[12.59032,50.22539],[12.59163,50.22528],[12.59311,50.22639],[12.59437,50.22669],[12.59521,50.22764],[12.59705,50.22797],[12.59818,50.22847],[12.59858,50.22698],[12.5994,50.22699],[12.60127,50.22785],[12.60321,50.22811],[12.60446,50.22888],[12.60473,50.22968],[12.60458,50.23015],[12.60423,50.23035],[12.60457,50.23088],[12.60549,50.23102],[12.60717,50.23201],[12.60816,50.23224],[12.61078,50.23165],[12.61084,50.2313],[12.61254,50.23111],[12.61197,50.23033],[12.61213,50.2299],[12.61562,50.23013],[12.6158,50.23048],[12.61664,50.23079],[12.61876,50.2311],[12.6188,50.23061],[12.62294,50.23015],[12.62874,50.23015],[12.629,50.23068],[12.62943,50.2305],[12.63064,50.23084],[12.63124,50.23189],[12.63038,50.23268],[12.63205,50.23252],[12.63353,50.23136],[12.63331,50.23106],[12.63223,50.231],[12.63208,50.23054],[12.63222,50.23],[12.63271,50.22976],[12.63275,50.22929],[12.63308,50.22913],[12.63282,50.22876],[12.63285,50.2283],[12.63486,50.22799],[12.63848,50.22592]]]}},{"type":"Feature","properties":{"name":"560456"},"geometry":{"type":"Polygon","coordinates":[[[12.55459,50.20541],[12.55367,50.20438],[12.5524,50.20413],[12.55248,50.20387],[12.5535,50.20214],[12.55548,50.20097],[12.5551,50.19887],[12.5587,50.1945],[12.55879,50.19332],[12.55925,50.19261],[12.55801,50.19122],[12.55417,50.18969],[12.55096,50.18721],[12.55053,50.18702],[12.5502,50.18721],[12.54941,50.18663],[12.54776,50.18618],[12.5474,50.18662],[12.54654,50.18642],[12.54666,50.18595],[12.54374,50.18476],[12.54447,50.18312],[12.54043,50.18255],[12.54021,50.18358],[12.53817,50.184],[12.53782,50.18389],[12.53784,50.18357],[12.53726,50.18347],[12.53648,50.18291],[12.5362,50.18262],[12.53632,50.18215],[12.53496,50.18256],[12.53384,50.18236],[12.5303,50.18438],[12.52487,50.18618],[12.52541,50.18661],[12.52545,50.18721],[12.52098,50.18722],[12.5199,50.18755],[12.51996,50.18803],[12.51836,50.18733],[12.51478,50.18766],[12.51193,50.18741],[12.51031,50.18824],[12.50925,50.18829],[12.50207,50.19145],[12.50185,50.19175],[12.50263,50.19226],[12.50281,50.19286],[12.50327,50.1927],[12.50373,50.19312],[12.50338,50.19319],[12.50366,50.19367],[12.50301,50.19377],[12.50245,50.19439],[12.50204,50.1953],[12.50237,50.1956],[12.50197,50.19611],[12.50279,50.19647],[12.50283,50.19678],[12.50347,50.19706],[12.50323,50.19726],[12.50363,50.19722],[12.50463,50.19807],[12.50554,50.19776],[12.50623,50.19844],[12.50607,50.19881],[12.50639,50.19878],[12.50654,50.199],[12.50663,50.19945],[12.5063,50.19951],[12.50659,50.19969],[12.50609,50.19986],[12.50521,50.19955],[12.50407,50.1998],[12.50299,50.19958],[12.50111,50.19982],[12.501,50.20044],[12.50023,50.2005],[12.50051,50.20102],[12.5002,50.20146],[12.50059,50.20181],[12.5001,50.20255],[12.49877,50.20329],[12.49868,50.20303],[12.49596,50.20371],[12.49622,50.20408],[12.49433,50.20455],[12.49438,50.20507],[12.49383,50.20528],[12.49432,50.20578],[12.49425,50.20701],[12.49479,50.20754],[12.49461,50.20861],[12.49519,50.20877],[12.49564,50.2094],[12.49667,50.21006],[12.49669,50.21039],[12.49746,50.21093],[12.49725,50.21118],[12.49985,50.21256],[12.50126,50.21422],[12.50281,50.21735],[12.50397,50.21859],[12.50377,50.22077],[12.50227,50.22258],[12.50036,50.22368],[12.49885,50.22582],[12.49803,50.22658],[12.49381,50.22776],[12.48958,50.23041],[12.48812,50.23065],[12.48688,50.23127],[12.48655,50.23171],[12.48686,50.23178],[12.48659,50.232],[12.48588,50.23186],[12.48566,50.23223],[12.48595,50.23237],[12.48587,50.23262],[12.48525,50.23279],[12.48432,50.23371],[12.48445,50.23423],[12.48403,50.23444],[12.48418,50.23424],[12.48363,50.23424],[12.48361,50.23466],[12.48402,50.23478],[12.48331,50.23524],[12.48172,50.23558],[12.48155,50.23581],[12.48179,50.23599],[12.48131,50.23612],[12.48079,50.23688],[12.48162,50.23733],[12.48046,50.23793],[12.47966,50.23801],[12.47923,50.23861],[12.47914,50.23941],[12.4787,50.23959],[12.4794,50.24015],[12.47905,50.24084],[12.47884,50.24083],[12.47891,50.24028],[12.4779,50.24122],[12.47872,50.24188],[12.47837,50.24198],[12.47827,50.24262],[12.47729,50.24272],[12.47693,50.24322],[12.47727,50.24338],[12.47627,50.24383],[12.47512,50.24369],[12.47433,50.24396],[12.4706,50.24626],[12.4704,50.24666],[12.47065,50.24692],[12.46991,50.24701],[12.46961,50.24781],[12.46905,50.24794],[12.46945,50.24836],[12.46821,50.2489],[12.46812,50.24979],[12.46881,50.25001],[12.46824,50.25079],[12.46843,50.25098],[12.46796,50.25097],[12.46713,50.25163],[12.46641,50.25297],[12.46598,50.25311],[12.46608,50.25408],[12.46703,50.25555],[12.46707,50.25665],[12.46738,50.25693],[12.46764,50.25679],[12.46806,50.25751],[12.46918,50.25743],[12.46958,50.25772],[12.47033,50.25776],[12.47141,50.25905],[12.4731,50.25858],[12.47614,50.25822],[12.47843,50.25861],[12.48078,50.25948],[12.48525,50.2591],[12.48667,50.25924],[12.48832,50.25876],[12.49044,50.25938],[12.49121,50.25946],[12.49168,50.25924],[12.49184,50.26004],[12.49239,50.26033],[12.49489,50.26087],[12.49999,50.26288],[12.50182,50.26308],[12.50316,50.2639],[12.50484,50.26398],[12.50527,50.26338],[12.50594,50.26336],[12.50748,50.26272],[12.50857,50.26174],[12.50935,50.26065],[12.51646,50.25855],[12.51654,50.25789],[12.51618,50.2579],[12.51591,50.25697],[12.51714,50.25651],[12.51767,50.25655],[12.51774,50.25554],[12.51735,50.25522],[12.5173,50.25463],[12.51823,50.25389],[12.5196,50.25339],[12.51911,50.25114],[12.51741,50.24974],[12.5172,50.24932],[12.51743,50.24917],[12.52,50.25093],[12.52038,50.25086],[12.52107,50.25268],[12.52176,50.25323],[12.52247,50.25266],[12.52392,50.25327],[12.52458,50.25318],[12.52596,50.25174],[12.52701,50.25139],[12.52733,50.25169],[12.52934,50.25096],[12.5298,50.25043],[12.53019,50.25055],[12.53018,50.24928],[12.52913,50.2463],[12.52955,50.24622],[12.52957,50.24592],[12.52913,50.24594],[12.52877,50.24464],[12.52881,50.24378],[12.5293,50.24324],[12.53096,50.24269],[12.53398,50.24261],[12.5367,50.24306],[12.53809,50.24258],[12.54043,50.24155],[12.54056,50.24126],[12.53975,50.2412],[12.53852,50.24053],[12.53886,50.23979],[12.54024,50.23944],[12.54414,50.23977],[12.54626,50.24176],[12.54751,50.24052],[12.54793,50.23876],[12.55077,50.23878],[12.55195,50.23848],[12.55361,50.23761],[12.55494,50.23746],[12.55732,50.23786],[12.55844,50.23836],[12.5596,50.23639],[12.56158,50.23546],[12.56238,50.23543],[12.56338,50.2358],[12.56348,50.23622],[12.56543,50.23783],[12.56728,50.23725],[12.56953,50.23691],[12.57294,50.23565],[12.57406,50.23364],[12.57417,50.23288],[12.57341,50.2301],[12.57259,50.2288],[12.57381,50.22841],[12.57558,50.22747],[12.57545,50.22728],[12.56968,50.22789],[12.56784,50.22706],[12.5658,50.22687],[12.5651,50.22605],[12.5636,50.22595],[12.56192,50.2264],[12.55951,50.22652],[12.5579,50.22633],[12.55625,50.22651],[12.55536,50.22416],[12.55632,50.22382],[12.55543,50.22281],[12.55508,50.22139],[12.5545,50.22066],[12.55466,50.22006],[12.55538,50.21947],[12.55804,50.21835],[12.55843,50.21785],[12.55749,50.21729],[12.55663,50.21723],[12.5563,50.21595],[12.5526,50.21489],[12.55262,50.21413],[12.55198,50.21387],[12.55206,50.21312],[12.55181,50.21244],[12.55138,50.21216],[12.55123,50.21146],[12.56063,50.21212],[12.56025,50.21181],[12.56022,50.2111],[12.55918,50.20983],[12.55722,50.2091],[12.55411,50.20745],[12.55488,50.20687],[12.55478,50.20668],[12.55529,50.20621],[12.55439,50.20549],[12.55459,50.20541]]]}},{"type":"Feature","properties":{"name":"538663"},"geometry":{"type":"Polygon","coordinates":[[[12.69792,50.26594],[12.69684,50.26606],[12.69513,50.26521],[12.69351,50.26376],[12.69209,50.26287],[12.69171,50.26316],[12.69106,50.26271],[12.68994,50.2634],[12.68924,50.26301],[12.68933,50.26248],[12.68791,50.26227],[12.68531,50.26136],[12.68505,50.26194],[12.68464,50.26209],[12.6844,50.26097],[12.68386,50.26066],[12.68411,50.26045],[12.68317,50.25963],[12.6838,50.25886],[12.68251,50.25865],[12.68248,50.25844],[12.68139,50.25856],[12.68138,50.25787],[12.68074,50.25749],[12.68059,50.25761],[12.68083,50.25796],[12.67972,50.2596],[12.67994,50.2601],[12.68041,50.26033],[12.67364,50.26328],[12.67212,50.26439],[12.67203,50.26466],[12.67235,50.26524],[12.6735,50.26592],[12.6732,50.26656],[12.67163,50.26816],[12.67119,50.26986],[12.67003,50.27032],[12.66833,50.27054],[12.66746,50.27113],[12.66764,50.27238],[12.66854,50.27285],[12.66793,50.27332],[12.66978,50.27489],[12.66952,50.27556],[12.66902,50.27552],[12.6687,50.276],[12.66866,50.2778],[12.66819,50.27773],[12.66834,50.27991],[12.66952,50.28053],[12.67026,50.28157],[12.6716,50.28202],[12.66949,50.28212],[12.66584,50.28338],[12.66522,50.28414],[12.66459,50.28436],[12.66398,50.28495],[12.66387,50.28646],[12.66464,50.28713],[12.66524,50.28721],[12.66568,50.28756],[12.66644,50.2872],[12.66812,50.28764],[12.66836,50.28738],[12.66803,50.28725],[12.66826,50.28705],[12.66989,50.28641],[12.67149,50.28631],[12.67251,50.286],[12.67294,50.2856],[12.67252,50.28521],[12.67428,50.28412],[12.67559,50.28526],[12.67659,50.28471],[12.67693,50.2851],[12.67682,50.28529],[12.67579,50.28645],[12.67515,50.28682],[12.67519,50.28714],[12.67443,50.28793],[12.67337,50.28851],[12.66988,50.28972],[12.67129,50.29064],[12.67132,50.29105],[12.67305,50.29206],[12.67367,50.29298],[12.67506,50.29405],[12.67637,50.29445],[12.67878,50.29441],[12.67879,50.29406],[12.68012,50.2932],[12.68269,50.29254],[12.68478,50.29552],[12.68482,50.29614],[12.6913,50.29713],[12.69237,50.29682],[12.69622,50.29394],[12.6959,50.29342],[12.69588,50.29269],[12.69716,50.2916],[12.69738,50.2907],[12.70065,50.28868],[12.70124,50.28748],[12.70224,50.28672],[12.70481,50.28359],[12.70767,50.28312],[12.70914,50.28163],[12.71235,50.28044],[12.71292,50.28043],[12.71439,50.28108],[12.71503,50.28103],[12.71548,50.28058],[12.7157,50.27991],[12.71635,50.27966],[12.71673,50.27915],[12.71792,50.27937],[12.71943,50.27912],[12.72164,50.27987],[12.72325,50.27974],[12.72297,50.27911],[12.72218,50.27843],[12.72229,50.27706],[12.72169,50.2764],[12.72189,50.27593],[12.72087,50.27496],[12.72086,50.2736],[12.72008,50.26995],[12.71869,50.26978],[12.71565,50.27075],[12.71541,50.26979],[12.71775,50.26903],[12.71768,50.26887],[12.72007,50.26829],[12.71911,50.2671],[12.71842,50.26689],[12.71551,50.26717],[12.71402,50.26698],[12.71272,50.266],[12.70939,50.26569],[12.70726,50.26517],[12.70597,50.26551],[12.70526,50.26518],[12.70421,50.26531],[12.70142,50.26654],[12.70073,50.26638],[12.69989,50.26534],[12.69898,50.26525],[12.69792,50.26594]]]}},{"type":"Feature","properties":{"name":"579360"},"geometry":{"type":"Polygon","coordinates":[[[12.6809,50.18954],[12.67951,50.18912],[12.67819,50.18803],[12.67777,50.18679],[12.67774,50.18576],[12.67719,50.1851],[12.67422,50.18351],[12.67291,50.18313],[12.67408,50.18193],[12.67108,50.18064],[12.67401,50.17817],[12.67366,50.17768],[12.67412,50.17695],[12.67603,50.17731],[12.67716,50.1771],[12.67799,50.17752],[12.67831,50.17705],[12.6802,50.17671],[12.68099,50.17688],[12.68827,50.18294],[12.69008,50.18408],[12.68816,50.18393],[12.68772,50.18594],[12.69081,50.18574],[12.69013,50.18685],[12.69071,50.18731],[12.69166,50.18744],[12.69213,50.18789],[12.69147,50.18858],[12.68971,50.18909],[12.6809,50.18954]]]}},{"type":"Feature","properties":{"name":"555363"},"geometry":{"type":"Polygon","coordinates":[[[12.87674,50.34635],[12.87913,50.34674],[12.88197,50.34756],[12.88314,50.34762],[12.89049,50.34738],[12.89532,50.34657],[12.89412,50.34347],[12.89415,50.34182],[12.8937,50.34032],[12.89458,50.33707],[12.89556,50.33512],[12.89643,50.33397],[12.89633,50.33263],[12.89503,50.32968],[12.89334,50.32772],[12.89298,50.32789],[12.89231,50.32771],[12.89044,50.32681],[12.88906,50.32645],[12.88853,50.32604],[12.88789,50.32645],[12.88738,50.32568],[12.88584,50.32485],[12.88376,50.32454],[12.8825,50.32462],[12.87462,50.32587],[12.87661,50.32527],[12.87836,50.32438],[12.87858,50.32234],[12.87812,50.32171],[12.87685,50.32105],[12.87532,50.32085],[12.87298,50.32009],[12.87038,50.31847],[12.86902,50.31806],[12.86551,50.31788],[12.86523,50.31831],[12.86556,50.31944],[12.86586,50.32003],[12.86721,50.32121],[12.86756,50.32198],[12.86573,50.32234],[12.86425,50.32323],[12.86167,50.32389],[12.86109,50.32445],[12.86033,50.32474],[12.86038,50.3249],[12.85819,50.32603],[12.85591,50.32661],[12.85404,50.3267],[12.85239,50.32634],[12.84769,50.32298],[12.84556,50.32092],[12.84501,50.32124],[12.84194,50.32062],[12.83883,50.32041],[12.83571,50.32104],[12.8343,50.3211],[12.82927,50.32272],[12.82792,50.32239],[12.82801,50.32281],[12.82777,50.32345],[12.82211,50.32354],[12.82008,50.32456],[12.81845,50.32491],[12.81893,50.32621],[12.81826,50.32716],[12.81564,50.32731],[12.81239,50.32673],[12.81118,50.32596],[12.80996,50.32592],[12.80985,50.3268],[12.81018,50.32738],[12.81014,50.32779],[12.80897,50.32903],[12.80635,50.33043],[12.80446,50.33253],[12.78954,50.34125],[12.7886,50.34128],[12.78784,50.34165],[12.78437,50.34731],[12.78555,50.3469],[12.78731,50.34698],[12.7904,50.34571],[12.79179,50.34612],[12.79184,50.34662],[12.79225,50.34713],[12.79293,50.34755],[12.7939,50.34771],[12.79589,50.34967],[12.79697,50.34986],[12.79785,50.35033],[12.79801,50.35091],[12.7978,50.3517],[12.79808,50.3528],[12.79987,50.353],[12.80142,50.35284],[12.80304,50.3519],[12.80337,50.35258],[12.80329,50.3532],[12.80374,50.3539],[12.80429,50.35462],[12.8056,50.35542],[12.8062,50.35609],[12.80642,50.3558],[12.80927,50.35571],[12.80976,50.35386],[12.81173,50.35238],[12.8127,50.35209],[12.81326,50.35165],[12.81771,50.35159],[12.82016,50.34958],[12.82065,50.34838],[12.82053,50.34807],[12.82115,50.34803],[12.82148,50.34776],[12.82194,50.34875],[12.82228,50.3486],[12.82242,50.34933],[12.82344,50.3496],[12.82423,50.35061],[12.82389,50.35208],[12.82517,50.35355],[12.82702,50.35462],[12.82726,50.35524],[12.8265,50.35574],[12.82487,50.35755],[12.82297,50.35845],[12.82299,50.3591],[12.82263,50.3596],[12.82266,50.35992],[12.82304,50.36036],[12.82348,50.36046],[12.82341,50.36077],[12.82387,50.36116],[12.8232,50.36231],[12.82344,50.36246],[12.82302,50.36273],[12.82346,50.36282],[12.82665,50.36187],[12.82708,50.36043],[12.82898,50.35915],[12.83438,50.35863],[12.83771,50.35793],[12.83814,50.35601],[12.83719,50.35471],[12.83957,50.35529],[12.84179,50.35671],[12.84664,50.3578],[12.84841,50.35771],[12.85069,50.35843],[12.86402,50.35865],[12.86789,50.35791],[12.87318,50.35619],[12.87324,50.35529],[12.874,50.35494],[12.87369,50.35374],[12.87389,50.35324],[12.87435,50.35297],[12.87413,50.35235],[12.87483,50.35095],[12.87464,50.35036],[12.87528,50.34937],[12.87527,50.34892],[12.87583,50.34776],[12.87679,50.34701],[12.87674,50.34635]]]}},{"type":"Feature","properties":{"name":"560537"},"geometry":{"type":"Polygon","coordinates":[[[12.77296,50.16431],[12.77478,50.16226],[12.77607,50.16145],[12.77668,50.16133],[12.77745,50.16056],[12.77748,50.1601],[12.77686,50.15949],[12.77511,50.15864],[12.77239,50.15808],[12.77273,50.15696],[12.7726,50.15638],[12.77323,50.15552],[12.77449,50.15504],[12.77518,50.15513],[12.77601,50.15436],[12.77436,50.15386],[12.77385,50.15319],[12.77133,50.15216],[12.77068,50.15107],[12.76848,50.15085],[12.76722,50.15019],[12.76643,50.14923],[12.76502,50.14875],[12.76399,50.14808],[12.76367,50.14741],[12.76404,50.14719],[12.76382,50.1466],[12.76202,50.14555],[12.76088,50.14525],[12.76025,50.14469],[12.76041,50.14416],[12.75975,50.14366],[12.76007,50.14285],[12.76075,50.14217],[12.76082,50.14146],[12.76053,50.14129],[12.75996,50.14127],[12.75885,50.14187],[12.75624,50.14225],[12.75572,50.14365],[12.75584,50.14518],[12.75261,50.14529],[12.7512,50.14593],[12.75091,50.14637],[12.751,50.14726],[12.75172,50.14841],[12.75084,50.15029],[12.74867,50.15214],[12.74672,50.15316],[12.74669,50.15337],[12.74416,50.15231],[12.73897,50.1508],[12.73829,50.15043],[12.73683,50.14893],[12.73438,50.1479],[12.73123,50.14739],[12.72956,50.14738],[12.73162,50.14891],[12.73319,50.15086],[12.73371,50.15209],[12.73526,50.15359],[12.7362,50.15491],[12.73738,50.15561],[12.73792,50.15625],[12.73897,50.15664],[12.73947,50.15735],[12.73987,50.15906],[12.74025,50.15964],[12.74018,50.16085],[12.73857,50.16027],[12.73614,50.16119],[12.73533,50.16125],[12.73405,50.16079],[12.73288,50.16135],[12.73234,50.16187],[12.73227,50.16321],[12.72801,50.16268],[12.72657,50.16365],[12.72632,50.1651],[12.72597,50.16569],[12.72625,50.16643],[12.72573,50.16711],[12.72569,50.16771],[12.72628,50.16787],[12.72657,50.16869],[12.72752,50.16923],[12.7272,50.16994],[12.72735,50.1702],[12.72868,50.17103],[12.73049,50.16921],[12.73328,50.16882],[12.73478,50.16816],[12.73512,50.16891],[12.73447,50.16997],[12.73539,50.17125],[12.73596,50.17162],[12.73872,50.17241],[12.74003,50.17335],[12.73863,50.17487],[12.73587,50.17596],[12.73415,50.17806],[12.73574,50.17988],[12.73635,50.18164],[12.73621,50.18377],[12.73583,50.18467],[12.73591,50.18564],[12.7351,50.18794],[12.73597,50.18798],[12.73783,50.18872],[12.7373,50.18872],[12.73814,50.18985],[12.73895,50.18982],[12.73877,50.19],[12.73328,50.19035],[12.73038,50.18944],[12.72928,50.18971],[12.72845,50.19054],[12.72728,50.1909],[12.72894,50.1933],[12.73183,50.19426],[12.7322,50.19542],[12.73443,50.19635],[12.7364,50.1982],[12.73835,50.19766],[12.74035,50.1988],[12.74154,50.19868],[12.74199,50.19894],[12.74203,50.19787],[12.74442,50.19752],[12.7456,50.19704],[12.746,50.19764],[12.74713,50.19814],[12.75053,50.19821],[12.75115,50.19862],[12.75193,50.19982],[12.75433,50.19878],[12.75554,50.19793],[12.75575,50.19927],[12.75711,50.19935],[12.75767,50.19985],[12.76029,50.20002],[12.76235,50.20185],[12.76434,50.2007],[12.76606,50.2014],[12.77072,50.20266],[12.7714,50.20237],[12.77189,50.20122],[12.77267,50.20085],[12.77246,50.19956],[12.77388,50.19804],[12.77883,50.19823],[12.77904,50.19761],[12.78042,50.19821],[12.78026,50.19721],[12.7806,50.19685],[12.78239,50.19667],[12.78344,50.1961],[12.78367,50.19545],[12.78435,50.19581],[12.78434,50.19439],[12.7866,50.1941],[12.78666,50.19384],[12.78777,50.19385],[12.78858,50.19351],[12.78987,50.19194],[12.79004,50.19142],[12.78953,50.18972],[12.7879,50.18713],[12.78792,50.18683],[12.78853,50.18625],[12.79003,50.18632],[12.79365,50.18732],[12.79483,50.18795],[12.79508,50.18855],[12.79416,50.19172],[12.79437,50.19302],[12.79499,50.19407],[12.7965,50.19518],[12.79796,50.19575],[12.79899,50.19585],[12.80353,50.19546],[12.8065,50.1949],[12.80864,50.19489],[12.81041,50.19401],[12.81294,50.19361],[12.81579,50.19277],[12.81877,50.19349],[12.82051,50.19475],[12.821,50.19571],[12.82395,50.19466],[12.82524,50.19312],[12.82587,50.1928],[12.82866,50.19185],[12.83047,50.19151],[12.83143,50.19069],[12.83237,50.19027],[12.83324,50.18937],[12.83391,50.18919],[12.83555,50.18812],[12.83955,50.18815],[12.84008,50.18747],[12.84129,50.18673],[12.83981,50.1848],[12.83943,50.18376],[12.83963,50.18317],[12.83834,50.18294],[12.83791,50.18249],[12.83631,50.18226],[12.83552,50.18154],[12.83557,50.18065],[12.8342,50.17986],[12.83386,50.17937],[12.82906,50.17745],[12.82921,50.17719],[12.82731,50.17624],[12.82553,50.17616],[12.82355,50.17538],[12.82068,50.17463],[12.82007,50.17496],[12.81873,50.17465],[12.8143,50.17545],[12.81254,50.17534],[12.80626,50.17372],[12.79918,50.17065],[12.79757,50.1706],[12.79701,50.17034],[12.79212,50.16993],[12.79097,50.17013],[12.78771,50.16995],[12.78708,50.17039],[12.7839,50.17096],[12.78262,50.17081],[12.7813,50.17032],[12.78012,50.16927],[12.77991,50.16858],[12.77884,50.16772],[12.7778,50.16732],[12.77819,50.16679],[12.78041,50.16567],[12.77995,50.1653],[12.78002,50.16511],[12.78091,50.16461],[12.78028,50.16398],[12.77864,50.16401],[12.77696,50.16457],[12.77606,50.165],[12.77552,50.16604],[12.775,50.16598],[12.77542,50.16525],[12.7751,50.16477],[12.77566,50.16462],[12.77777,50.16311],[12.7772,50.16292],[12.77788,50.16207],[12.7781,50.16209],[12.77824,50.16142],[12.77868,50.16132],[12.77846,50.1612],[12.77942,50.16104],[12.78042,50.16161],[12.78067,50.16209],[12.78176,50.16153],[12.78212,50.1611],[12.7815,50.16044],[12.78197,50.16001],[12.78049,50.15924],[12.77949,50.16001],[12.77814,50.16057],[12.77475,50.16323],[12.77346,50.16456],[12.77296,50.16431]]]}}]}